{"n_weapon_types":5,"n_weapons":8,"n_targets":5,"weapon_quantities":[1,2,1,1,3],"target_values":[14,94,85,12,79],"kill_prob":[[0.09595483167255303,0.6547060193397173,0.4202361347745719,0.7688349878190064,0.6678067850424207],[0.3369650031616734,0.8903992164143051,0.7572815041292392,0.2751242420919722,0.3669081774166129],[0.31815118060017766,0.16445941565249966,0.15482770509134783,0.9274049141082291,0.4391459564547782],[0.3856534263218616,0.7250919945038303,0.551933203947842,0.927417187101693,0.7746954640312044],[0.47978217284204955,0.37883228401120966,0.9768989140258356,0.7134050312835706,0.9421707668037643]]}