{"n_weapon_types":5,"n_weapons":12,"n_targets":5,"weapon_quantities":[3,2,1,3,3],"target_values":[9,78,66,44,44],"kill_prob":[[0.6934206684781766,0.10229380092989654,0.9661099046040208,0.7559169079505459,0.7803430191714147],[0.13555136002203497,0.4513782191376558,0.3733820637479296,0.9182296890716297,0.6409878176790512],[0.8163063810054134,0.4445459148507845,0.23269394734908136,0.5534930912755182,0.07254091098209181],[0.8210785485527304,0.6290311111396235,0.7529259852836664,0.357435448767271,0.9612840639070052],[0.8852586988957537,0.7728158271322866,0.20074593369492824,0.46738658365249347,0.052927690471484205]]}