{"n_weapon_types":5,"n_weapons":8,"n_targets":5,"weapon_quantities":[1,3,2,1,1],"target_values":[15,59,10,65,63],"kill_prob":[[0.41749125412719745,0.05078189038465463,0.49411100285962856,0.3332639880861296,0.15163370508872598],[0.1113349083681006,0.5858916807341578,0.17718110916614838,0.9166177160092612,0.5794399169063871],[0.3499324084441403,0.5890971816517884,0.032347793609103545,0.9493880289766164,0.4826573682040422],[0.7770805227052805,0.09107539992398979,0.48692516422139714,0.49089285446743053,0.9290699258754832],[0.5702934913285539,0.47401961303581475,0.2716361498300557,0.33493761739570116,0.520258954422107]]}