{"n_weapon_types":5,"n_weapons":9,"n_targets":5,"weapon_quantities":[2,3,1,1,2],"target_values":[85,90,23,90,12],"kill_prob":[[0.31961047079417715,0.7665721834687682,0.6584280379044058,0.37618457429623586,0.10257733470028496],[0.7418538191220455,0.26721130560440737,0.9280768875231037,0.24615116350557106,0.1303027737632563],[0.824490418682408,0.16021863029200417,0.18568294199458432,0.5973951356904267,0.8670708000207151],[0.2025059724002818,0.3141171994420929,0.771856741476354,0.962389897539748,0.5007263624782955],[0.15101955250022578,0.023657561954037516,0.23506290939887817,0.1391857734307906,0.6741055001406003]]}