{"n_weapon_types":5,"n_weapons":11,"n_targets":5,"weapon_quantities":[2,3,1,3,2],"target_values":[44,67,66,48,86],"kill_prob":[[0.759698880267705,0.632023953600579,0.552507812644836,0.5580230175305053,0.30787109610135993],[0.04020147787658062,0.4379830414477151,0.22029297936313863,0.4103580708501434,0.8463350118028028],[0.23926069614803394,0.06713668685528469,0.2857562141815566,0.29772188261134996,0.6586781844323571],[0.5558915092944527,0.7782202449242852,0.6610272695208398,0.40825912421126914,0.8077399769727139],[0.17363346150954984,0.03225783167118327,0.09824690356012891,0.7179121635845213,0.46263968564635966]]}