{"n_weapon_types":5,"n_weapons":11,"n_targets":5,"weapon_quantities":[3,3,1,2,2],"target_values":[44,75,46,3,22],"kill_prob":[[0.3796017867485671,0.7149262830170071,0.8798196667182825,0.3967372903870806,0.3227498388276727],[0.6065663063202817,0.5793695862730897,0.4109571780723012,0.5997392607503543,0.9266737421751648],[0.46828745149406453,0.20280733713561871,0.3796618632253438,0.39622484294125626,0.13848651916569546],[0.1696140705434638,0.6808708319258037,0.34268819912472465,0.9458004240186915,0.24872481045143527],[0.10694601500272587,0.7484344717402528,0.8734153308795126,0.2825510897340581,0.2080463396125684]]}