{"n_weapon_types":5,"n_weapons":7,"n_targets":5,"weapon_quantities":[1,2,1,1,2],"target_values":[29,66,91,4,1],"kill_prob":[[0.06062475867411095,0.6038066740947732,0.795452174642227,0.2437817642148407,0.8424206660646115],[0.06608730135019518,0.7949445765688427,0.9192395215688348,0.7666662311222929,0.6941583682990644],[0.8312206142822754,0.049348273556125095,0.2077464685046743,0.1324252057195302,0.5044403703891268],[0.7402843657622676,0.6274116076848707,0.8441084777666963,0.16210873259226907,0.7299286700964583],[0.19918066105152601,0.27534357629144424,0.7057066033356778,0.9706006892007082,0.6093127338575282]]}