{"n_weapon_types":5,"n_weapons":10,"n_targets":5,"weapon_quantities":[1,3,1,2,3],"target_values":[6,8,87,85,83],"kill_prob":[[0.2849992074109828,0.3374474396915149,0.1795345562877619,0.31761550240594943,0.737838715390584],[0.02438918668886935,0.8206299560302727,0.849417063103067,0.3748163417277172,0.16054064107942212],[0.5988235997861793,0.12727910474759646,0.36762097385668746,0.949260597282953,0.9855551831319643],[0.7666627935274939,0.3147422797223509,0.6839117481827707,0.7012982381743325,0.3900848612603768],[0.6380708618944362,0.02051309207616272,0.21487650543019662,0.5245865369079159,0.17047627817312996]]}