{"n_weapon_types":5,"n_weapons":13,"n_targets":5,"weapon_quantities":[3,3,2,3,2],"target_values":[93,99,96,56,21],"kill_prob":[[0.9805152310397471,0.1487639707973992,0.44928070098926404,0.39472126152508147,0.08844829797326131],[0.7502235693388496,0.43510344677614116,0.4699403955065933,0.1576595143369754,0.18730811918625076],[0.8989615497130907,0.053756107194793304,0.23819523924483213,0.2962181437082378,0.49039359155355466],[0.5847162695545,0.49342417633365326,0.09243302786574438,0.24879410497459928,0.8367166170672904],[0.6348369264688899,0.6461660691315889,0.6667991902443279,0.7576449586587385,0.06694631208701839]]}