{"n_weapon_types":5,"n_weapons":10,"n_targets":5,"weapon_quantities":[1,2,3,2,2],"target_values":[71,6,20,18,84],"kill_prob":[[0.5893209397887518,0.6771002362635162,0.3957578476953877,0.3216312750130084,0.5044357122817855],[0.8675048433899164,0.8441089942857619,0.05260556077253611,0.1878684414045936,0.2420099736823081],[0.25439982431556757,0.5698079987079172,0.41793717718912843,0.05826903752904211,0.37614185569038017],[0.5232778897432845,0.10963846484564164,0.8267893827127885,0.060922629135802174,0.9163450316377009],[0.10713087874827798,0.8367034525657977,0.8946000810490647,0.9699792669748608,0.7959853626681217]]}