{"n_weapon_types":5,"n_weapons":7,"n_targets":5,"weapon_quantities":[1,2,1,2,1],"target_values":[29,83,26,80,47],"kill_prob":[[0.5301541987870724,0.6038955042860107,0.860384174700491,0.6010450141919511,0.4143201378882067],[0.37670036253903905,0.4273644446460397,0.6488924050683746,0.8601408191172784,0.4548189444347738],[0.2528827716923309,0.2419291157376295,0.7410939946385775,0.8102373881554321,0.11317251825704246],[0.07522767981607459,0.5925449904813228,0.1532497793088443,0.8181709066472145,0.3141279804455929],[0.1509944943117198,0.9125510630377012,0.17222108828057262,0.28902568069117685,0.16054112728821746]]}