{"n_weapon_types":5,"n_weapons":7,"n_targets":5,"weapon_quantities":[2,2,1,1,1],"target_values":[95,2,4,80,36],"kill_prob":[[0.4098022017533539,0.10219052382760788,0.8818632932418893,0.3971070952397453,0.678929966245036],[0.15638667324078775,0.9523186369502119,0.1848729265853943,0.20555115304150057,0.8518032033465595],[0.9043310892590926,0.2179044593728354,0.47040487041133133,0.7288250064715732,0.8707984191345856],[0.3814716411365591,0.5166790971124406,0.7368820823093402,0.7265132571197395,0.7773009274255632],[0.5685351422686958,0.11252279486867969,0.8958938250604792,0.8582610885346076,0.7921354871019664]]}