{"n_weapon_types":5,"n_weapons":10,"n_targets":5,"weapon_quantities":[1,3,2,2,2],"target_values":[27,93,45,83,24],"kill_prob":[[0.3752482944805995,0.057724502867574246,0.11709664529226683,0.6717995160941345,0.7089930323854642],[0.7682462690965938,0.8581474170945496,0.7346428391069797,0.7948541602644994,0.05798443562681366],[0.2398444474324726,0.6194598179077409,0.8509627985323267,0.01441012244086594,0.5143367552740228],[0.6737416513771093,0.03901514334604095,0.4033284464023202,0.8877221837560229,0.6681805526787415],[0.24290519609338537,0.8457255070392744,0.35107079494132404,0.8462777777211782,0.30296477809652744]]}