{"n_weapon_types":5,"n_weapons":9,"n_targets":5,"weapon_quantities":[1,1,3,1,3],"target_values":[37,83,1,90,55],"kill_prob":[[0.5529554206682684,0.11640422631273467,0.6687952911790155,0.2856091081622282,0.6562341819980637],[0.7224547220011449,0.7632745420793039,0.11558612703677862,0.9076916082348557,0.2356097110769832],[0.04666430505265618,0.5537554200036537,0.37350383818518995,0.8231939482697649,0.8020864426230158],[0.32079611496626104,0.9438414071683501,0.29509948137731623,0.5147559866470802,0.2608457887562507],[0.927322698647984,0.17131566123037778,0.054012407004482406,0.43639511880297716,0.9825280527747203]]}