{"n_weapon_types":5,"n_weapons":13,"n_targets":5,"weapon_quantities":[2,3,3,3,2],"target_values":[89,34,94,85,34],"kill_prob":[[0.7632550376701915,0.8449752065435456,0.5046956532454281,0.9013611989939229,0.585381461726241],[0.8432688128570474,0.3437789796796938,0.4988406193608555,0.5307828201844862,0.11288012157814917],[0.4005814565675098,0.9089909191006426,0.6282155955574475,0.18395645078822814,0.34207852289741286],[0.19777094946944584,0.03432666916260109,0.9189112493339462,0.44924318169173405,0.31138437097237043],[0.5965076477265818,0.017168167167155322,0.28246166446879756,0.6989727963849147,0.6310943776078777]]}