{"n_weapon_types":5,"n_weapons":10,"n_targets":5,"weapon_quantities":[3,2,2,1,2],"target_values":[18,74,4,21,60],"kill_prob":[[0.8535046869593762,0.13946078055551306,0.6120921457310814,0.1031938332653359,0.7212013157059983],[0.09280335444704982,0.9272210262466135,0.14465977143704611,0.9497026409908987,0.7948664925633947],[0.591808364377027,0.776971622536956,0.7892125422034242,0.9371065215609837,0.25831568676240346],[0.588274377451143,0.10314821361311319,0.6138423860236388,0.17786547801093303,0.563651599242993],[0.5709819037531727,0.4666654499216028,0.5221791400028604,0.7586449222064562,0.7932598221818253]]}