{"n_weapon_types":5,"n_weapons":11,"n_targets":5,"weapon_quantities":[3,1,2,2,3],"target_values":[88,48,99,77,66],"kill_prob":[[0.7162820277839845,0.953946999078392,0.7763650673234137,0.8594654094966879,0.12182198975996444],[0.7277652329339119,0.44128692553682125,0.5520417263630497,0.6510203612927096,0.960418814371458],[0.9748865198029921,0.29246368057814714,0.7290784274891579,0.7449838671765633,0.3495630040867878],[0.1313923793669366,0.050128021080005365,0.771796264978595,0.48990574698056777,0.9758293661050277],[0.46567398706977997,0.9683586394923634,0.41334448215017866,0.7878085075487732,0.09312288686559542]]}