{"n_weapon_types":5,"n_weapons":9,"n_targets":5,"weapon_quantities":[2,2,2,1,2],"target_values":[94,16,50,70,50],"kill_prob":[[0.3834008015745528,0.305481847364919,0.6276769412565106,0.3645763583423226,0.09589692092977897],[0.125645784078105,0.9526597112585242,0.900409076893455,0.6957129911345346,0.2705525622303292],[0.9597928498007694,0.7731758858864787,0.7125523853758157,0.4503742721009129,0.2767967306082558],[0.1044631429104293,0.8945503486129648,0.45666076403693884,0.20831609749932573,0.30983749166763946],[0.577635177563058,0.1832373272804471,0.849481998410528,0.7533491392385059,0.715073696831918]]}