{"n_weapon_types":5,"n_weapons":9,"n_targets":5,"weapon_quantities":[2,3,2,1,1],"target_values":[62,78,74,14,83],"kill_prob":[[0.5139384127866061,0.8504207012401064,0.46354337828164555,0.3873877061783464,0.6367720058123679],[0.27113405115082917,0.14697304273487774,0.4783197285432709,0.4185515812229873,0.23791854171829624],[0.37016157391282545,0.3690646008297225,0.3309456531242945,0.3818747981323904,0.6820284785468265],[0.3009389450798596,0.9398807681810336,0.9080210591474144,0.481292219734077,0.331793980904595],[0.5347260940334031,0.8415892789981521,0.6495355937489,0.7983039913881359,0.5320678305444254]]}