{"n_weapon_types":5,"n_weapons":8,"n_targets":5,"weapon_quantities":[1,3,1,2,1],"target_values":[93,70,77,59,42],"kill_prob":[[0.7980420356586174,0.7110989870234856,0.7342043238372309,0.138436596526167,0.13127872757733772],[0.9190112999863774,0.39962662994844184,0.304929717945321,0.48881236444450266,0.6596069285083108],[0.9465107919060305,0.2907173023444139,0.9163122607257865,0.03436230155853119,0.5540940814802882],[0.6312956094474634,0.11377945567573822,0.1475328051226344,0.42073203292997774,0.956907273900318],[0.5941217021696854,0.924362757168207,0.7982736973007113,0.4680339695241857,0.7790681802671436]]}