{"n_weapon_types":5,"n_weapons":5,"n_targets":5,"weapon_quantities":[1,1,1,1,1],"target_values":[93,75,37,97,42],"kill_prob":[[0.3730505119141715,0.47016469505029174,0.1956819319026,0.13732307522876222,0.4761908277014151],[0.23237116206986644,0.6664177147888601,0.43840888049488413,0.8260246321366806,0.6962597999622041],[0.31611930855440024,0.825614605367297,0.7986690703468659,0.38972881144957094,0.29256154185163924],[0.6788455938954759,0.14695743393712363,0.20591003842560615,0.017215024355985403,0.7811858899520956],[0.6615538394601915,0.7010620710538084,0.7751144504015285,0.45973746002757315,0.5673663720338359]]}