{"n_weapon_types":5,"n_weapons":13,"n_targets":5,"weapon_quantities":[1,3,3,3,3],"target_values":[53,27,23,33,60],"kill_prob":[[0.48026613254004386,0.6795931905056367,0.23368781795415214,0.33412102721376935,0.9217769252373674],[0.05759790405001891,0.4615542131347749,0.7073268807648423,0.1574449313263246,0.056426539605372215],[0.14544126420576015,0.9104467296600692,0.019074586184700947,0.1945555353151248,0.04065784264361166],[0.1184168782109592,0.6177463008957303,0.24680613056430406,0.5678278094220632,0.5883914751108036],[0.8424466264279834,0.014646565053636443,0.8463020701555194,0.6167367046984346,0.16948861638285845]]}