{"n_weapon_types":5,"n_weapons":11,"n_targets":5,"weapon_quantities":[1,2,3,2,3],"target_values":[78,52,94,44,14],"kill_prob":[[0.9505790318826359,0.1109426304475556,0.05025751143875,0.2511452792748397,0.07421982524001478],[0.4560154855635271,0.5157660452319701,0.31631855004801224,0.059941272923388335,0.11936836088424216],[0.38681429043012955,0.06931788181000541,0.6942259310977151,0.21288013069431574,0.30603013740796575],[0.39624326163453555,0.41827744040776493,0.011627493521304521,0.11982896357872358,0.8555092724660605],[0.011208401261669972,0.5080040086966175,0.48971196637706393,0.33643227779042506,0.43270047974352066]]}