{"n_weapon_types":5,"n_weapons":8,"n_targets":5,"weapon_quantities":[2,2,2,1,1],"target_values":[16,41,85,22,95],"kill_prob":[[0.32070009309089315,0.04533863759181643,0.4200320432737232,0.4746500215883669,0.23108101084012678],[0.5710087744596734,0.5644564624232825,0.6979621374881639,0.6449895125571858,0.6493843953906109],[0.31988986878756226,0.7816835775462347,0.5481614959276858,0.4327898312762923,0.623492231322236],[0.3634441877612492,0.5124844597146231,0.7319715747125759,0.8786748289892335,0.9126360533492878],[0.5035602666794372,0.5198696124457577,0.7938730025485597,0.31816167790931726,0.8306347150981672]]}