{"n_weapon_types":5,"n_weapons":10,"n_targets":5,"weapon_quantities":[2,3,1,1,3],"target_values":[88,64,13,13,48],"kill_prob":[[0.6823744378033398,0.02205663217083078,0.45523160260491163,0.8188915209723947,0.29945184483720805],[0.4593771201625801,0.4434678445265353,0.30588884361364177,0.9100730576052432,0.7756681547228855],[0.11837664277618828,0.9870939646808216,0.8716160238215903,0.2882302691067582,0.8301586480677194],[0.1142911412339552,0.9891226358647539,0.6623710413844062,0.647122515247621,0.09863191244445009],[0.8890927309186928,0.038419513140380036,0.24601149688032412,0.1501614376633023,0.7712325818783742]]}