{"n_weapon_types":5,"n_weapons":11,"n_targets":5,"weapon_quantities":[3,1,2,3,2],"target_values":[27,1,93,2,56],"kill_prob":[[0.5829460574514822,0.13437177600814287,0.8893561557590117,0.8727726941251384,0.5354764048491477],[0.6193561892635414,0.2777234476708588,0.05950930244456505,0.592676256713047,0.2988600893387077],[0.6603486257271449,0.8295202733057492,0.027797333036076774,0.5937994991920128,0.2366549288931152],[0.8664107279457254,0.2585912164305919,0.60855473057071,0.5524700232878192,0.3982431700580639],[0.6740683483277982,0.7212542420211252,0.565599039412999,0.7532537924410591,0.9737487344730789]]}