{"n_weapon_types":5,"n_weapons":9,"n_targets":5,"weapon_quantities":[1,2,2,1,3],"target_values":[99,29,35,90,39],"kill_prob":[[0.3288358759063435,0.9008835181344895,0.528951214179371,0.7374715904296172,0.5889298982804908],[0.6503704248293053,0.30339562568452905,0.24654462039412967,0.32604250022529196,0.16233273280175403],[0.8668280779849913,0.2875819945851118,0.560259606526097,0.7861349366385466,0.7781476271881993],[0.439618533412509,0.47673216241499117,0.9848077139563244,0.6711055274394436,0.8083456742555251],[0.8945028898348473,0.7818380395047524,0.19147575805449624,0.5609273190628208,0.10985627416825397]]}