{"n_weapon_types":5,"n_weapons":11,"n_targets":5,"weapon_quantities":[1,3,3,2,2],"target_values":[12,28,55,89,87],"kill_prob":[[0.09311535941104783,0.34508839977474715,0.7132863646887362,0.8012829738567561,0.9887685026654295],[0.3004348158709416,0.40978311210865653,0.14408485246903377,0.5733744910305729,0.9876284365176589],[0.6968633899182454,0.5933085836051043,0.39452171106335815,0.9069927850798437,0.49697826420774244],[0.1416795750468003,0.3680708939351508,0.07582333547081155,0.20793945693500593,0.027315405379913962],[0.45421431817016017,0.6318494596527612,0.3464266131313296,0.4219741360751716,0.9500250873876844]]}