{"n_weapon_types":5,"n_weapons":12,"n_targets":5,"weapon_quantities":[3,2,2,3,2],"target_values":[1,5,22,89,46],"kill_prob":[[0.17966528949405317,0.0998865857077141,0.18986256430271262,0.9704266359631086,0.45938942960932],[0.7783993293745798,0.6336801752656214,0.5709648869594646,0.1522276495717487,0.9371039644869331],[0.3053157798644236,0.5764568714913914,0.6957804256972848,0.6462484921404027,0.9317825215016081],[0.15547021012165685,0.5081856836780032,0.4059537029259507,0.47468535489296576,0.1268331756737897],[0.14141271767531002,0.2825140348656322,0.3086105116856147,0.429345149407723,0.6087677960958957]]}