{"n_weapon_types":5,"n_weapons":11,"n_targets":5,"weapon_quantities":[2,3,2,1,3],"target_values":[30,26,25,92,56],"kill_prob":[[0.601355965246655,0.9749565429452908,0.36430535706641537,0.8068961589037106,0.32203113547189044],[0.7932292517966612,0.5987192404853896,0.2220285813208934,0.4157455719134517,0.32128292167629047],[0.0865462252187566,0.03923807469770353,0.3495490822990373,0.028653464861136846,0.17217800243013953],[0.7206796544338514,0.7039294109699161,0.733808778728235,0.32081010770737917,0.8822190679753416],[0.5919539370678787,0.133505814911694,0.15084428822642346,0.6892335183911075,0.1794850577132365]]}