{"n_weapon_types":10,"n_weapons":22,"n_targets":20,"weapon_quantities":[3,1,3,2,2,2,2,3,2,2],"target_values":[94,32,80,26,72,11,30,33,36,41,53,98,48,14,77,31,50,36,94,81],"kill_prob":[[0.44448980249004894,0.2839811029802558,0.4212820246177396,0.1707127800743447,0.6188386296923543,0.7730250261588306,0.42768337564914305,0.059277531021725664,0.04278380199847046,0.8222940933883588,0.07515116153776828,0.2117026265554077,0.7867175538066474,0.24732926174671024,0.9741917051692268,0.5839328752992562,0.9185629151327483,0.3344177736019316,0.8301539015413343,0.7005246585593538],[0.8452626772965813,0.973835978753323,0.26202613729980023,0.4980684334817221,0.6043758774575804,0.34664467128210114,0.14706316774476058,0.32708902097080883,0.859253854770587,0.3689020274071887,0.41968431863530825,0.25305110771342193,0.7944554366460723,0.9236365917918143,0.7164150297606219,0.7012831253459463,0.2764655230800214,0.9562714993858984,0.9638330102242145,0.8826881855057452],[0.8196408511349212,0.4516061361923403,0.8585940925032914,0.4977768037121577,0.05877117377085555,0.24662512863419012,0.6329260161798518,0.06932602704015262,0.15263108180681492,0.35683882006699774,0.5283596921287949,0.4031033555916341,0.6348346549252296,0.13276097126830977,0.7429544373393314,0.35718896021709656,0.6968455573102932,0.6572932911583436,0.6788234617106453,0.7569276542382966],[0.9071804166796819,0.31046168140101216,0.24692407749049347,0.4615604175599546,0.6838946666094611,0.34074950959096545,0.06670220096910834,0.6924327010250652,0.08114427495946125,0.7234121771157112,0.6291148691388041,0.04980973881178372,0.5661108483318336,0.7540477214304523,0.01533963775937531,0.22783993241359093,0.13615759233780717,0.6569389537033917,0.40526974359785634,0.5652504129011588],[0.6031360021376174,0.9491736655794175,0.282132041725966,0.9434610188888704,0.15733311065306047,0.6221942335113048,0.641197851482148,0.5230459610893241,0.41340252382353665,0.3759881645301285,0.3484753751950881,0.1388431402509284,0.8284508151064913,0.1358368617886753,0.8494778225045772,0.5730101447397008,0.8996442485261466,0.7951738245237874,0.5909432233728398,0.4609989014515791],[0.2456917429979128,0.970358736273462,0.05157240139854537,0.11565297224028943,0.5893736907718173,0.6363942446671167,0.24412383993228132,0.43647115563607136,0.8736241579270955,0.1673404174133104,0.4135540431103211,0.2571411964425307,0.08024269348919487,0.7393633281083437,0.8746869362200425,0.3622857847215066,0.04283765734968627,0.9418506519701878,0.40220226688921085,0.3629411552493158],[0.12116887260163506,0.5671200482498281,0.6669322946830374,0.6715249315542379,0.058139699955388445,0.6702588481160884,0.7953204450342407,0.2519194140080821,0.5663545412523476,0.18586905880735569,0.9196456730186394,0.06033372378059172,0.5900294524669148,0.46935121200968316,0.8568768265555898,0.6460699250669629,0.0909752265142178,0.8054811165219714,0.7188135679260171,0.7678666047757574],[0.6670838687887931,0.2593159731614844,0.10623214327774325,0.677198835499129,0.7959988114995742,0.2231603968017833,0.16150244015033172,0.7045004470608667,0.9267347866156492,0.5879251040906169,0.2807345642665473,0.24081097246780533,0.8976565032662236,0.2631588986051395,0.15832378420978294,0.6554977927178963,0.8843088798158487,0.7565389084813832,0.6591499911729101,0.7390012848458233],[0.5073201194690993,0.7279323565105402,0.1184885958482365,0.08576630595487375,0.8288163351533461,0.6609000443924126,0.4532147262586573,0.1651927987888944,0.9766687260769298,0.30876961740262693,0.11295071902362756,0.673632975359172,0.62375830110237,0.7855956019978229,0.4582934578293195,0.46493351988818626,0.14500425078112053,0.6509260463688067,0.5201240062208988,0.40089179978260125],[0.48797945092953915,0.5096252238530325,0.5935190009771047,0.3582841072773249,0.9721640949376288,0.5039670491438317,0.7924444806019758,0.7544904056460918,0.14535632602513077,0.6869973796411121,0.18826651211215134,0.5123968597529546,0.7237634335454144,0.3804163534335774,0.6629682982623083,0.8828116363040721,0.4825055621889787,0.4245733077347537,0.4134707992588883,0.9887423559111315]]}