{"n_weapon_types":10,"n_weapons":25,"n_targets":20,"weapon_quantities":[3,3,1,3,3,3,3,2,3,1],"target_values":[20,55,44,24,17,54,23,64,16,20,93,68,39,72,54,48,38,44,37,10],"kill_prob":[[0.03961234962591476,0.09757969753896857,0.8499892950363067,0.5511699266537721,0.716941469586338,0.3699782972616742,0.7506996977454454,0.8097705086275088,0.3161352548798642,0.7291559748475057,0.6658472466492656,0.38971235403609605,0.1303898081682829,0.0713286781200726,0.6441539304452634,0.15612098716528758,0.455688635492158,0.7386769666256048,0.020872061021078255,0.5543669339186783],[0.7572295252704648,0.11588049730885149,0.5189273643878548,0.806153995712982,0.9264178151344457,0.14645919680691746,0.2855023375635471,0.8123218345664888,0.27232248817295157,0.5303031298369548,0.5375677608024417,0.6778652614485364,0.16777683837413393,0.27446043407042303,0.8333242639540435,0.887214287311248,0.34619024843850077,0.36606704392061523,0.8800727406563931,0.8573523705005991],[0.4434167593876822,0.9013317212054295,0.9700469013612552,0.28413881560282067,0.20203757412567797,0.8724581453930221,0.21032555263984487,0.20972759918930609,0.7922125876100222,0.2585543735561184,0.6835939989403147,0.6019681599245135,0.11126433319893016,0.6203981777577479,0.15676971121583483,0.38959836392589486,0.9583697672202529,0.25379720132994094,0.6926914607826352,0.5546157476695732],[0.5140019171433349,0.7807270613463223,0.7428345037361023,0.5211899980155495,0.9217309703228503,0.2454620193058767,0.5110809327100515,0.7583347020895822,0.6429314041080414,0.9875604133339504,0.513503695975768,0.891516848514149,0.28011517126393926,0.40057943156559933,0.6169734719029345,0.0382836848770467,0.7612784218415246,0.49405518899033096,0.3848995552662318,0.27337822293683356],[0.05387487889874835,0.44600970681689167,0.7983604737140448,0.881758257006935,0.3406720156949916,0.20182977207914846,0.25344605888759447,0.41799568000038473,0.8314808654792823,0.3389878106874127,0.21282332428538014,0.9393896848802833,0.12795787725108007,0.1647006055641886,0.5783904134511809,0.14677125801800095,0.6940878254043403,0.24903757133530707,0.17713403204419506,0.201374475439691],[0.40152057754560344,0.061389476817348486,0.46876682789006635,0.7566753257889088,0.22311624854217307,0.6962698661445063,0.23056660390389966,0.34960367270487674,0.9000491813021052,0.4619803646110432,0.10683967363429214,0.35034645257166064,0.6456279880747834,0.11229036463426313,0.3580810288623497,0.6167515380500197,0.08691835478277682,0.9258611793840961,0.7861705280417244,0.32770384477214065],[0.9690221801960405,0.1431752631560647,0.34098503952137965,0.7258553574846134,0.22215290222003953,0.7497039107242264,0.9779857870275886,0.33976875159891257,0.4907922869743237,0.4225953820717676,0.6188284797717319,0.4214162345232505,0.5366459685627097,0.5740788939692718,0.0423449683624247,0.838020404056831,0.8399742802941099,0.7542548770618713,0.16029701103182944,0.14968573343104355],[0.6233226649873108,0.04263437240313264,0.13514580968151993,0.803525277247231,0.07491583397637944,0.3222310904986477,0.9889045196006891,0.7100281961840159,0.957564163503451,0.9549961770723374,0.4002706862260325,0.7535137317124452,0.23327428308819217,0.576614522231152,0.9847343506440491,0.44158450207867045,0.049751071834012735,0.6390034221884577,0.5922413690068399,0.0772953621714617],[0.15530326080692952,0.08710695203483097,0.2323977752415689,0.9838352524777986,0.5342792045748336,0.6510304263855619,0.7034436103151261,0.5769078452738611,0.17362704134431356,0.5018363796724312,0.9249141878416668,0.5532201146820291,0.23982961146906281,0.7773029807528888,0.24395358243661844,0.49301663744865226,0.26838119748819533,0.3895777919755072,0.9267717243855726,0.7239257319208845],[0.2801691830727737,0.8433336674675135,0.04869976420789235,0.07986425050162554,0.961382457604693,0.8557050121946379,0.06801184223475853,0.08079088818117386,0.5962451073694682,0.17079926763997344,0.6545768473692155,0.4977455318810889,0.9093477191903792,0.687191135507527,0.7833841653464881,0.8763721280158162,0.849510201887826,0.6582428655101318,0.40076557674134705,0.4020568250301861]]}