{"n_weapon_types":10,"n_weapons":18,"n_targets":20,"weapon_quantities":[3,1,3,3,1,1,1,3,1,1],"target_values":[58,4,98,92,36,98,99,82,66,16,87,95,74,13,20,36,94,37,99,41],"kill_prob":[[0.5723663709568082,0.3629182715114791,0.9792709255269033,0.7242354755411067,0.5583909278911587,0.05550406444038512,0.5633066131726163,0.6546520009843946,0.28398433692394576,0.264661704316841,0.6589483985614518,0.3229537914570834,0.7763141088932828,0.5692960602339581,0.6809570997648335,0.2707405073758831,0.24690321610288626,0.7742741093380238,0.5193768253711523,0.3119277882358533],[0.04163754212881963,0.14151639365220167,0.16962894907318846,0.18729633337032792,0.8098147345725871,0.7891553845357351,0.09547861362868848,0.5028803328932216,0.4387249835316828,0.2886475638697364,0.24858490262196975,0.14776757677198388,0.9370344036811113,0.8698708893572786,0.5820895998331,0.44627942267066156,0.8493661713778604,0.14926627648926113,0.5350532096459851,0.2912599253380443],[0.8076624840491966,0.9161482301581153,0.7709328415293486,0.5606110121539736,0.28468924704354787,0.8291474273771974,0.9478741690075557,0.12785783929805464,0.7561928907131678,0.8379939360591054,0.5062966412294136,0.9492000988051563,0.37180831011965915,0.9072129900937532,0.8356077518452301,0.04564232566491004,0.19181438085389202,0.8481170756101941,0.6066236227953473,0.8830170603864793],[0.4312195818365519,0.3589471419501566,0.5838164196555957,0.025691532736406862,0.9237230530348856,0.7354209097796185,0.7851905812216505,0.7857978214202784,0.852246694284779,0.602149663300658,0.5905891720379645,0.918312902622031,0.16123229865074906,0.7349407226942603,0.2847677884994325,0.6486258732424268,0.4041827518701367,0.4312222682751576,0.8329005880533616,0.0384481003227804],[0.65881831572139,0.866004820390222,0.4839520488866431,0.11427751317158288,0.12376242007541381,0.336790310505508,0.6534867473048527,0.39051889895261155,0.1362027130674073,0.511568217929703,0.8608980597403703,0.4265814039384496,0.589521685764961,0.7462935172605746,0.5149268688667915,0.6297259423335971,0.15428324643996566,0.38760329768121704,0.42013262555857533,0.351037775012524],[0.11287160251402763,0.9892214501206149,0.26326961690221024,0.8731586922430865,0.24461498015224986,0.5182401782634318,0.32253518128574343,0.23591304135099891,0.43291026678495687,0.8864171049809824,0.1252946702386257,0.1463748515423534,0.49465502254977295,0.24610075627113281,0.7748673548324547,0.41185116946979006,0.21560501617368225,0.4965791041101588,0.799571038783317,0.7074468715302058],[0.420649995564313,0.5175784788425343,0.2146513994948886,0.3136929188169506,0.5466080414812629,0.5114072475692993,0.27517701266787936,0.3168444737915747,0.15469452146169602,0.4023838536051126,0.5275383551957388,0.5958181898254679,0.19340738910510874,0.741622428162852,0.15607119272251563,0.33695804215031966,0.729486430426099,0.7117605936720455,0.7277430445573343,0.7701121447594285],[0.30598373057989003,0.08289815637201604,0.18866642063332448,0.5205030891323734,0.22737255855016128,0.6735144278280605,0.030945907191929745,0.03112044890271886,0.4145856352012512,0.2381927151036135,0.3859372478694487,0.6818809631380207,0.8435703482030102,0.6875390325542772,0.3487676737071391,0.6987675251143646,0.5809502197019315,0.08817950223404825,0.4086947385075555,0.05574705073491677],[0.9414540700147637,0.668420821374554,0.13837367014759538,0.2804302184103784,0.1738607170720845,0.9327458431997421,0.7806951625507851,0.050536475870656204,0.4779911857990269,0.577964644092796,0.5389124481323366,0.02795112106908098,0.17392073806136488,0.13767319834508143,0.6218497835971486,0.4016878982699614,0.8825777829470866,0.48744678597919017,0.7218858474083347,0.3998769353982476],[0.72748461351953,0.4358455597817733,0.6471188427320177,0.7765963785780396,0.10962006145635356,0.7145323659560625,0.606366123568598,0.38445135004782244,0.4446727795917507,0.5791459548553698,0.0354814255890091,0.31302223350816205,0.7001598875962689,0.8877651356084493,0.9652077665530483,0.41047049549490255,0.9614559269436368,0.866646319798265,0.6903769807555202,0.5717078160635237]]}