{"n_weapon_types":10,"n_weapons":19,"n_targets":20,"weapon_quantities":[1,3,1,2,3,2,3,1,2,1],"target_values":[62,19,81,2,58,98,97,25,20,65,2,57,76,6,45,15,37,20,57,18],"kill_prob":[[0.7488377677096706,0.5370687013521936,0.6760308573616661,0.1070746082462489,0.45618206723735716,0.563619990454523,0.2730056149111214,0.0865721567211711,0.9879702238645289,0.6351672427923661,0.4215653395941074,0.03566077661492138,0.9097638218364954,0.3725758787895845,0.6528155777755194,0.35530639927661206,0.1743143564030267,0.3800835119269682,0.4969929939492513,0.15898777572351064],[0.6771163956568899,0.050330179692495765,0.6537917548976959,0.4411612914719347,0.06005483683906409,0.07347201979605852,0.9786994796480293,0.5355499735646115,0.38044709267690136,0.19842521400176583,0.4438955095437542,0.7282270765170227,0.24843206771558182,0.8324864216839967,0.3252681988292414,0.6625987119122694,0.8874829639195492,0.02641380740660941,0.022518908649491513,0.017764244287298572],[0.5045347221205326,0.4060371040899439,0.34681189512284893,0.9082626875425874,0.7042527815622647,0.4516625499679788,0.013613012548448244,0.9521912974543729,0.30785494964522325,0.863748030270423,0.4318000058433357,0.07072624665782601,0.5978904332506759,0.25574058348896217,0.27091885768215757,0.2554800855099031,0.5997457416375254,0.8852069352945037,0.14259307586301403,0.2855695092184055],[0.6984051890194533,0.8883569106582394,0.9083427561993138,0.9355938544316744,0.48535771539885914,0.7833244304092652,0.1723049938425573,0.4428108170355826,0.014974993921451567,0.905663572453692,0.22499046409956275,0.7397428635316464,0.9235948817592992,0.04579173657794496,0.6433232693466361,0.9231103167098484,0.580909426769142,0.5568873807218926,0.971946230670951,0.912696259471458],[0.9882928010373323,0.3788847571530413,0.25271888040887613,0.955363569135326,0.4946539701378966,0.18360405979787428,0.4488030700440824,0.7854504913329836,0.25125783672610263,0.818897597203615,0.7288427915544425,0.6231834568738936,0.3969741632263972,0.7040791025495262,0.8229646977995154,0.6282063498329158,0.39553603018833344,0.36041588617819736,0.6478717397847832,0.18152955781664135],[0.07147034601129308,0.6393984027927743,0.504301437379404,0.5713761232900482,0.3411714789487499,0.9701950623532122,0.2340122982949536,0.4153483231260049,0.5023042736012617,0.5295299256404143,0.509543391206944,0.044118839182448785,0.17416515616278905,0.3997355586984909,0.7011135975522428,0.18894020883304247,0.6773159144757059,0.03987479935441208,0.6469687240541482,0.5121529769592383],[0.2423823763187312,0.366278071461656,0.45157564454775345,0.1832978234185099,0.42261980213390526,0.24783624455979145,0.6358320850028878,0.01896649824554382,0.49869708733615836,0.6558170018754833,0.44870149960594724,0.4208869226776401,0.7496820781407316,0.07979841504155374,0.81498628293145,0.15380604558865923,0.7337158667267859,0.4355778602194715,0.5612871541856634,0.2765379025927471],[0.871712175792543,0.45690915464503806,0.5851063619448582,0.5108012483950622,0.5810386730578816,0.6110853904223704,0.8919993088408487,0.8762128829215916,0.6448267974498901,0.29687917317016116,0.20406339684774383,0.34887817032672414,0.9227628068155505,0.04421624029275198,0.032725320062069865,0.511271704989218,0.9633950300859678,0.012457725186363445,0.5646375398355948,0.73080204016266],[0.43292378905886053,0.3518239972125952,0.7490384526383683,0.48839540416775934,0.33779220992453585,0.7674831484846415,0.5020425647180422,0.44882049659077256,0.2254968494130962,0.24265364565530065,0.4286568485806629,0.17844945589162217,0.03917893314325159,0.21902934154572226,0.06747902830273673,0.5632989271632854,0.09321133952447966,0.5911455138838386,0.4106108076392856,0.24591666446434188],[0.815052912657204,0.8011069886959388,0.4785156079809774,0.9142356845572251,0.11031129303639825,0.20660024175858294,0.7003751538781365,0.1283669282590539,0.5721081270233197,0.22953812602021198,0.6605169120002704,0.3132373010441292,0.8251966777186904,0.7521467673606973,0.24716529239362328,0.6215663552931912,0.22049631244579987,0.07654340285197636,0.7805980427862026,0.639170570136541]]}