{"n_weapon_types":10,"n_weapons":18,"n_targets":20,"weapon_quantities":[3,1,2,1,1,2,3,2,1,2],"target_values":[52,74,1,20,12,47,44,79,32,55,19,46,39,96,85,83,97,65,16,17],"kill_prob":[[0.5502164861325303,0.07457117377856728,0.61180204376341,0.8697738773773767,0.14688002261026226,0.08566034783260401,0.902994404336244,0.04091922362678032,0.07703349068903835,0.1351258288914277,0.9253996380950423,0.5972178618210778,0.2421345639095935,0.06951052522740687,0.7903622280813303,0.5041183843188328,0.30379802532128075,0.36676084858416746,0.40338776037226587,0.4151486543489875],[0.3821759695583714,0.8397313071839793,0.38025201660666635,0.7828395848863718,0.9151687578967309,0.3710596060923775,0.5247385251348237,0.963178668555807,0.4121160453583631,0.8010428583258684,0.3312232296096562,0.9252426954427377,0.2859357035742499,0.8033831777155084,0.925840049431261,0.1372496375321201,0.18798719444781745,0.32047861028435765,0.15691052049901635,0.5565519075054122],[0.6416296313566732,0.9143082356021021,0.9479829068934666,0.04726875044679418,0.4505426048655431,0.11845728756714081,0.8985508497045807,0.3304283020339535,0.35724991268269035,0.6198676281376119,0.3368922395873153,0.7220294668794311,0.15993365774275162,0.6608537372543342,0.7865412994515079,0.023554208549276135,0.8991723321044945,0.07004571607473366,0.6106150384876519,0.9254111381646949],[0.23611069169548562,0.7405584177772355,0.5021954711879627,0.7364570560108742,0.9528381740664223,0.8584726999046772,0.31880622822588833,0.013089165538252644,0.028593259871958113,0.4670155521835379,0.8172203052247656,0.02101918249580964,0.13189982671943645,0.30205753633169447,0.02521208520583291,0.6943761313491397,0.13682001723876122,0.8299329722669045,0.46324766114665383,0.41601620467724604],[0.9244345916080439,0.9635920729620964,0.34640399812378175,0.1330708802186233,0.6177762147991613,0.7314986850063427,0.13128319446829484,0.54284948763949,0.42918312949771276,0.9316633610911058,0.8270841370553087,0.11013370056063465,0.6824358450377072,0.03333357784087291,0.8757479103613673,0.5559875195827311,0.8120953302475522,0.8515677370668528,0.05020114037948086,0.8795362130959745],[0.2617009432760011,0.9596939725015137,0.5308927973251669,0.34351464441953966,0.09934677883949744,0.1784487405640448,0.8775610136933838,0.6934856758599433,0.4165242515613031,0.18458494384348678,0.17334847826805347,0.9035282425362804,0.9817928874690284,0.10490962214735207,0.23732955217047705,0.32600964248825764,0.7929273521504395,0.5905412578771461,0.761564262286273,0.48423820230208237],[0.8591897722347629,0.0999402282601313,0.367899532375428,0.21879194953871364,0.6703164004276311,0.3776186959428199,0.742644352408971,0.7777340938849531,0.4946924863406676,0.07314230766455992,0.5974694419971398,0.4456864151799962,0.09684229810451825,0.09489009036367385,0.8800949803650524,0.13283144721847354,0.25212942238680275,0.3038997901610312,0.32943058357550314,0.3638642687044657],[0.8860494559931164,0.946460677109986,0.3077509170657286,0.5706384557448694,0.8529085555482536,0.03523354882957639,0.05539489802644914,0.28041787026410103,0.1421862832993148,0.8974416500987544,0.7167162145983462,0.679458795026782,0.36819036297412466,0.8207077733422706,0.9480108180196541,0.7607862324117607,0.8626829189739516,0.7237789413357701,0.05935152106924053,0.5200230849458851],[0.22360808704291402,0.894620117056728,0.6673545662517738,0.1270162729897437,0.9865728133940823,0.31551907826869274,0.49488089123243806,0.5081990366203738,0.012854665326388386,0.9668947809961679,0.6112641688001768,0.4438626011482255,0.5369959354574005,0.31885767761547945,0.18805206540589092,0.19215795033274521,0.842582534900062,0.23221555165032864,0.34254582840201997,0.893636361972499],[0.0829679486486758,0.057845012385234,0.8578200949870747,0.01209942946892725,0.45034840996650893,0.8515618889789097,0.1315269173804223,0.2103240342979791,0.714717050372185,0.22528851140727207,0.028484737539312556,0.6906314207518383,0.37504195940079055,0.12840332350228484,0.01969560014093305,0.5436164403464446,0.8308173667719748,0.34694434141463476,0.31415414097888844,0.7033587693854338]]}