{"n_weapon_types":10,"n_weapons":17,"n_targets":20,"weapon_quantities":[2,2,3,3,1,2,1,1,1,1],"target_values":[91,17,31,11,37,83,66,57,14,8,41,9,74,68,69,19,73,70,83,54],"kill_prob":[[0.025632723463333486,0.2297569015238259,0.18524614384153382,0.9286302481352116,0.48784647568162864,0.9264183429655857,0.5483317752403909,0.612416605653018,0.41646129727890135,0.8571654189530363,0.5187736893949347,0.46531988751402675,0.5433574856706618,0.8676283650779221,0.2915612500162375,0.5590936177345094,0.4968876792188639,0.8793088147242033,0.6039608230135127,0.8678000917456854],[0.015728310390737917,0.7130133715593963,0.46625874737619144,0.8629319498947632,0.33789883522171044,0.3714948460907306,0.9470026088648793,0.2436090606983537,0.8631755442152461,0.5987655096889787,0.7729561217362714,0.7961375955717899,0.12929187020078745,0.8725768179987407,0.6106799136767647,0.1401449025556314,0.1341877014613231,0.28596353301329547,0.6836122909156027,0.3551502367844926],[0.4590800248946174,0.6483970259664844,0.5955867504894892,0.32231654614901567,0.7385589836819281,0.12361067896810296,0.8513318859926924,0.08470050565812062,0.5925097030920152,0.3450800782903124,0.08595797001066159,0.07295103148594835,0.504633845625354,0.6829172680093363,0.6675198856231511,0.5974582025020588,0.7235353560444323,0.07283149967545162,0.9736365959541698,0.20086429556802157],[0.5912267975902831,0.5764719417542656,0.9239914730675202,0.718885446729254,0.8298275255976209,0.7614151036243527,0.71085672023912,0.18103839123322887,0.2963557270260566,0.06617345002995147,0.5982310900832654,0.20375098960993815,0.475920461621713,0.7581235529778837,0.6485959279863718,0.3138862191149,0.9510797396879117,0.6097438573787533,0.3011796888201808,0.7800155074163623],[0.7012729874221714,0.05115063283186047,0.22327715856963795,0.6691188985754505,0.7887231404620039,0.22500257256483439,0.6134931252516386,0.16070906984127098,0.5800972431539423,0.10097700010798377,0.2519338379485348,0.08486017080259184,0.4528116577892949,0.7944880687147523,0.07612669756672996,0.19619374954363983,0.8564947395491583,0.38166753650958485,0.14114887844765217,0.03109699150983187],[0.15486284534737044,0.7529584229351004,0.7412306997135509,0.7928429803523352,0.7965963273903152,0.33112827506947545,0.3403637919655949,0.9470389756687487,0.6478437340320832,0.397934847059553,0.12723119057965823,0.6421042593497621,0.4815693985358215,0.9881151116541492,0.07233399647723109,0.20559686008711006,0.5711987373398633,0.3944601535209076,0.7700585523716235,0.07138999366192528],[0.09580961010428386,0.5685735494494258,0.9174942722234161,0.9375835934791747,0.7490270744677152,0.6101144002761784,0.8424265715979298,0.9493903014528635,0.7949983074060865,0.5423257235001167,0.32416330155402934,0.8062293501077983,0.1595776324260434,0.9398086536977216,0.9641771420183978,0.13082913801848628,0.34436321745977533,0.5529283695136087,0.46753989420813696,0.5798674034968085],[0.5211958778374306,0.8834580137677911,0.9109835125444355,0.7922627001358853,0.2553875047021546,0.21440831757255754,0.3570978498202894,0.9065115475635912,0.926148851816836,0.968561082233924,0.3700681559509703,0.8164076278852045,0.9622066714052191,0.8571651083337931,0.8683967577819433,0.6968406334682586,0.11630658377662682,0.5687918759491496,0.25694195233604494,0.05002797931617086],[0.20375299810275316,0.7431929824381516,0.6120178903821906,0.5454107752344096,0.5055433022316942,0.037501403543153754,0.7799813257064322,0.588289730098886,0.21155962382575422,0.02028449869385938,0.7399645820906114,0.0521926155379934,0.5252450962023179,0.8785058258194792,0.9756790910303945,0.45671690537121706,0.10205934357048653,0.8740456439389463,0.10652681282847054,0.07724220266445884],[0.040553528501172796,0.2689433085833739,0.13355532688157898,0.3371474939945701,0.2574929623964122,0.8093148785226016,0.4622271958155099,0.5587866716854141,0.5258445967876308,0.5880738933757027,0.7473016806777446,0.12313403642299757,0.10062616660679342,0.6760958381566162,0.5230214354219865,0.09980507633155061,0.36504471336997,0.42750512320080886,0.7186552162286827,0.8896741120721614]]}