{"n_weapon_types":10,"n_weapons":20,"n_targets":20,"weapon_quantities":[2,3,2,2,2,3,2,1,2,1],"target_values":[57,63,95,84,58,87,30,77,29,1,55,17,73,87,2,77,27,30,17,79],"kill_prob":[[0.2827975270008108,0.932549106463981,0.8485510437131364,0.4629240717017206,0.15080026589115444,0.9527831192676899,0.665207104018787,0.5285428591165099,0.10419672907754982,0.4580307654074982,0.33135767444246533,0.1768776745868791,0.7773999538774949,0.5482245617046956,0.2504498720101665,0.013419818636539968,0.3091370681621834,0.7474617771193144,0.17476520286701944,0.5838633974227111],[0.6579476965388321,0.10195879309652701,0.28179514924004995,0.7482074037156027,0.13994174882864505,0.947274274552192,0.7256983065776443,0.276057345653526,0.6966063369913381,0.9319639070066884,0.04967324636478361,0.30078676512035935,0.23709611857085666,0.2949076973419362,0.49991160463330947,0.8006722759880355,0.5012304537221193,0.30507236709511554,0.6038204923155063,0.7456667347522795],[0.5741772877176232,0.4572380914102924,0.41894804063791075,0.4042266928336851,0.3185245572917609,0.39450182389126826,0.036870372874056596,0.26262049146741134,0.538740917480839,0.9817857094749585,0.15162755918429272,0.9291029676926302,0.6242717002478197,0.8832685619619977,0.9230422091262255,0.5750707584747218,0.014675791521151216,0.26493486141042827,0.6693394882140957,0.6931889484754233],[0.06997668257674096,0.4437994481927692,0.6874852550853122,0.25003328375783346,0.16219368292325165,0.6451327627892489,0.22679228938879759,0.3672932647347857,0.9516902074935228,0.523293694265054,0.7994563352111552,0.32877103728927337,0.30312577537414026,0.08863238639437228,0.6740966442396655,0.4879300250880773,0.30824029300529837,0.08624225397860995,0.9160241171772857,0.8681019429941018],[0.43847140946437885,0.08409935888703786,0.5436866272664229,0.5482535017353334,0.3606418611605371,0.27002049757736213,0.8617198227954269,0.727139295627268,0.7354976213733732,0.9249158876156597,0.1583191041642335,0.14604956399178967,0.8741693144260281,0.27093562119701314,0.6932436853558978,0.36529989341356706,0.379397703068133,0.574538238732459,0.5457667663249812,0.5886860674726188],[0.7420114165526466,0.9577393918188309,0.09852814062918047,0.5460802762265535,0.394559963444845,0.8056208966215049,0.3779278550321846,0.6356018003036522,0.26357918197655567,0.10801509058685915,0.11619832598278862,0.8750526854859814,0.19236372945061625,0.8411680363921281,0.1808765080470086,0.8869694888724793,0.9713454577473347,0.31234564526795405,0.864887454796884,0.5513627157661947],[0.9187720340524257,0.905962545569668,0.2680981278052292,0.845443807670303,0.8545616786667644,0.600745829879079,0.8263912642388856,0.5405648211636194,0.10915225109840102,0.0828226704430049,0.8825288201687863,0.7130762585620353,0.1260386558960774,0.8471503278554288,0.8987831822643434,0.41947219893588494,0.11838901062282328,0.7459618000095266,0.7745223535675063,0.331969988866353],[0.6332585866363025,0.330163243818406,0.37543687882788984,0.1351681236022328,0.8974742458890449,0.9156622083771491,0.5858301865096536,0.2554240852051176,0.19907655650580688,0.8789272382775184,0.2302017700303593,0.8402099322883391,0.5377548120216223,0.011936186060877709,0.7290108711242169,0.5609994591337514,0.8583777906372204,0.7635183855845266,0.8450912773880646,0.330856567387491],[0.35889380657633274,0.7947994584265624,0.9643434806318463,0.3518757163932259,0.6011656385153857,0.4472779112702346,0.9063263885432651,0.35534178179960335,0.6732628684863147,0.6769736437379581,0.3549666099903763,0.8899746286455942,0.02197097190063666,0.5453012805261704,0.4452734195669273,0.3324120176469825,0.6881990844906845,0.03755845574126068,0.516581126868822,0.39688694347271186],[0.17917703153054632,0.7334735869047228,0.28204893532159775,0.2646220302228062,0.2599523398446916,0.5102488620639786,0.8644338166448479,0.08475402902221717,0.1749483764372964,0.7616425325439062,0.6966734625839504,0.8540589483396663,0.0373464924213108,0.6805491099315689,0.46724981660308496,0.8532393951607197,0.8720123158174736,0.8495013032283351,0.9719984726812937,0.3658407609340496]]}