{"n_weapon_types":10,"n_weapons":23,"n_targets":20,"weapon_quantities":[1,3,3,3,1,3,2,3,3,1],"target_values":[75,86,92,78,19,35,76,11,16,76,58,62,69,85,72,76,94,62,17,73],"kill_prob":[[0.35448722039408426,0.02386220269063334,0.8897100031008816,0.8797810307053556,0.10887364265384304,0.8773451474746512,0.24241342085655226,0.11825138091267678,0.5081167748958344,0.06093961145884934,0.7997219196730936,0.5487244424437068,0.8317983701789959,0.7019422860217225,0.604399028645036,0.8429440397760186,0.6476489307538498,0.24940601835695686,0.947401667028013,0.784721517110685],[0.9350416910496688,0.667111421474493,0.39230803254859486,0.5531002256856018,0.4880123403798088,0.1932693218940622,0.10881493074037202,0.1917793156022263,0.5427341570113831,0.614782718187617,0.9583856850150534,0.7872289681486323,0.7476687186308044,0.2817589902972157,0.06935076450496284,0.8083139068420766,0.02602148329392031,0.40909002108017944,0.4270131160089447,0.8757115634502893],[0.3348195415336199,0.7418655317008893,0.986947630662522,0.4069971043635349,0.8209283620912277,0.729654014389912,0.4184142720933474,0.02663908362019321,0.5896370855076112,0.11549743576560172,0.14562239671046626,0.9201004184216899,0.8412491900692335,0.3890448863443911,0.08318367507839693,0.03602120217697312,0.17398111902278302,0.43276229711290615,0.5418957900227861,0.7758245314810792],[0.29951917059250077,0.7522644429561357,0.7741083760642838,0.831097104100171,0.31820805285291787,0.34770532953659683,0.6694403621680971,0.45737764264378555,0.9221010448028172,0.35530009096994575,0.43625955209426415,0.044352143770604875,0.36286531454796483,0.3115735081838856,0.6682734674716871,0.7197846056834681,0.8223771394094131,0.5528868291639201,0.10728892564793653,0.0105012006074198],[0.14277849897466569,0.030189003475365093,0.4156413113017762,0.1593250910291051,0.9359576098582947,0.9450051878176047,0.13605515105375562,0.8936940570250677,0.511576295724771,0.660673858416056,0.9803794205184463,0.12339568412706314,0.19512235991866664,0.17454305857139538,0.9298606862369136,0.34337762434661023,0.9578053382859177,0.5006707683003395,0.23730689232594737,0.04985576943431265],[0.4353980972714168,0.8128508201449652,0.7212619586929137,0.8729219347913983,0.3890025967021195,0.4392235016835042,0.8315457013946305,0.7116635395614219,0.33572609331730724,0.6970096366837288,0.6228689636375054,0.5586980411852717,0.5081505979449487,0.4113627985847808,0.5944686159303826,0.2875364595159458,0.9824275136991916,0.6899382052071587,0.8706288840773193,0.3875479387270304],[0.24053668722543003,0.323382772588436,0.922702664726159,0.5082484894551959,0.41408063917716653,0.2712126606432044,0.1849583342561123,0.8916245115546513,0.4720648135493674,0.5732687411244777,0.2142136397890577,0.6701809727252184,0.24218416668907766,0.2950943397424324,0.5507918626714172,0.11672070979242548,0.3011720154701919,0.03476034359504642,0.5325327158939939,0.6125370948047564],[0.804806777295115,0.38289565575712947,0.07262806337744784,0.7887578749607563,0.0781136388274073,0.18595853080695926,0.39482221301027276,0.3925655144675,0.5683910193012385,0.25133531693714944,0.8658131559021264,0.43534645046778075,0.4536069285550301,0.2458538535842098,0.24220968780965962,0.16472588463195412,0.6315843551561183,0.8717722633122209,0.36578172086944,0.629498984537242],[0.9870639042012236,0.37370379944411625,0.2526186584069297,0.4298114604657298,0.8202009079499198,0.9645925662143426,0.26051212968757204,0.6861753667952932,0.3033028557459122,0.32914390877615224,0.9503049188386121,0.33626165697010135,0.5482931517189538,0.308524579584692,0.8707121259531256,0.2878937260348342,0.3028573360167457,0.7233509832090439,0.7063294945454406,0.0825356928119493],[0.9393856287473601,0.4477787473972438,0.14099280567706304,0.9460286553690244,0.2294328082333336,0.22205671768688864,0.3925263161262551,0.25491996212795665,0.4967649439104264,0.8927373073583005,0.8362509514442008,0.9825454092059545,0.7728090216853329,0.1990802606069236,0.6759770929058098,0.49087248287531654,0.8987338301034342,0.3566086449166767,0.6934562040952882,0.8270269702402596]]}