{"n_weapon_types":10,"n_weapons":22,"n_targets":20,"weapon_quantities":[3,3,1,2,2,2,1,3,2,3],"target_values":[38,54,36,5,13,33,3,43,12,86,41,92,58,47,77,45,1,14,53,88],"kill_prob":[[0.8852417269031401,0.7108555246837189,0.6732998326202851,0.536410445307885,0.43173042351063695,0.33779682663971844,0.852392645241497,0.700266805905913,0.7301190507202352,0.09547898338202687,0.06409030691162489,0.7459081373339075,0.3780485401638193,0.21368205797705955,0.34850671867094324,0.9175863920111024,0.8410977422620302,0.8362745320393977,0.30372506030681584,0.8084983155354185],[0.9802567728613534,0.988718174602514,0.7969276244909226,0.29077668920925115,0.6864195171294363,0.735292762562207,0.9253339527697887,0.4550080889689487,0.8079531928747155,0.20892433799422686,0.14755765606238058,0.14565068809664192,0.8381241852147656,0.7183852155423621,0.3506042680772686,0.8742218849617293,0.950941832574274,0.3281451821396997,0.7883601171187944,0.921452385855605],[0.6743611720583973,0.6776378980950357,0.5198858547766028,0.9155654691866908,0.4285677869958471,0.20685726906825422,0.018830717592617244,0.6966571434386393,0.11649563539049926,0.4601526576062849,0.295906053698994,0.12853865718556415,0.2699981189349378,0.49407569349347913,0.24829022468284456,0.6041477034317,0.13155195875080472,0.8560141808740321,0.0217335023957207,0.17580318300218786],[0.6973950122214859,0.5157591552225017,0.7066777134871046,0.4479852793390885,0.6128953827929571,0.8149383350306045,0.9058789058988659,0.6845056536787438,0.07248971562730101,0.5914820816682907,0.5719724899855203,0.41074266741371424,0.7688848685251404,0.8279825088884951,0.8684375834654119,0.6949722889334567,0.9664710524851551,0.9743405243890694,0.09919140879526081,0.4312555148236993],[0.07028439616780573,0.7311416989929844,0.05281251910198055,0.7976193584494595,0.5429179226858794,0.8858445832341876,0.3175300799212493,0.3750000713760915,0.37031584665404677,0.5056707734857483,0.677937135234178,0.2518832168518676,0.011847252355398906,0.47425710850080544,0.29951010021594837,0.2603382899932214,0.212460852816643,0.7658737461128902,0.40693667205550504,0.8213729068723757],[0.7785180590870548,0.6389725594453534,0.19803746160380617,0.19604403358889674,0.3381417854029644,0.41948739066870316,0.11211612420191386,0.4066721167045256,0.12654109219126727,0.1311299920555919,0.13105102159737478,0.19798876060711912,0.05114875866382175,0.9665035404214113,0.16120698921044715,0.47372668202659063,0.1830411275367457,0.7780182363723206,0.5360264066159598,0.47270277847559655],[0.9058691278708938,0.7794622273808396,0.21669082239540768,0.32074908398269836,0.7792162822374822,0.8564127822392086,0.8317170116181819,0.35532526621786537,0.12529857895927737,0.34137020536868573,0.5205989969942173,0.7692654800722787,0.4913766006040009,0.327106664350414,0.8056365832379866,0.31691437030524044,0.6548026670625781,0.8790784445909566,0.40138045407738987,0.03326693735142497],[0.061779576952486946,0.27046578550838474,0.27511174053804377,0.35075306459368893,0.3558274142198669,0.7834529574398965,0.33194915995796553,0.7083684788164674,0.5644917564738879,0.08067708754742912,0.7876267746992106,0.44051305661453993,0.06630537548501847,0.5581919510650457,0.69269798775513,0.0317132129210736,0.6306576982331064,0.5155243959367254,0.6850771674572027,0.9490683974486054],[0.8627995426145306,0.3870793740233769,0.5136553553659905,0.49263754649033786,0.2886080214578294,0.8746956285586813,0.7587483717820682,0.01688070522332566,0.31279774263945126,0.8863896364693717,0.6807803783008114,0.19350164517241877,0.6505514334748149,0.4590301562938789,0.5980475599998105,0.7556592390827485,0.55780561219002,0.23983727613140293,0.06932130626631966,0.09230779271216806],[0.9439073097562678,0.41280777369417837,0.37451191521549637,0.55956374145684,0.04849452154852069,0.5485341311303916,0.8464085025329333,0.3876066977994869,0.913019689256826,0.11791249056801627,0.9580510452674212,0.5194153072941607,0.5821509575200093,0.11284341201526876,0.827461069084419,0.1727606186989926,0.7439656855257616,0.8130444899570671,0.6976374629407086,0.453400762175785]]}