{"n_weapon_types":10,"n_weapons":19,"n_targets":20,"weapon_quantities":[1,2,2,1,3,1,2,3,3,1],"target_values":[76,81,24,41,76,74,9,43,8,14,88,63,92,36,56,82,76,26,83,45],"kill_prob":[[0.4225757982237399,0.5305574213082276,0.3076050004145546,0.9260958930072375,0.37799140183597263,0.6881694586304932,0.3287672047438573,0.6576925655286207,0.9816205251249049,0.6534793298464235,0.854177489255606,0.8585265247414465,0.1626240744371845,0.0663755569022141,0.7040484446609039,0.5209001346245887,0.6654735716523525,0.9674723552180884,0.38325604359979704,0.3712415277870117],[0.6895132833933518,0.0529475505777441,0.5806701242240139,0.03144750394360226,0.5516616845667431,0.4530301181664436,0.8549884213073352,0.5058885116013693,0.7762163949229565,0.321569639213354,0.5171774545859362,0.17695991077723874,0.7353388619757771,0.5316224341633654,0.7168935201594051,0.33083927502772503,0.269419639713917,0.9896351337720077,0.8123022559740263,0.2971905170070058],[0.04906755876144112,0.5662200163041617,0.22501102120992159,0.9174226601308566,0.3996971673369326,0.274041852690366,0.18601205695145023,0.24788364177763825,0.04375679429200928,0.5842155951374821,0.6383829069432149,0.09771418793403808,0.7305163564468778,0.5823655639914318,0.101913762856514,0.8057775811938601,0.8953139180672463,0.14645128050569267,0.1561223670146546,0.4859586386158751],[0.049551448720612346,0.15116347605101751,0.15270363401324538,0.21074709414345688,0.3447257325252723,0.5475954233342649,0.4906525227373233,0.33407015236177723,0.3021481561224424,0.31104683056907373,0.18304598993719845,0.9738059992282969,0.05841211170795824,0.19008586366674984,0.4227168067983533,0.7448566843788245,0.7029361643437788,0.45869080538177437,0.9889458600947658,0.8701424146732415],[0.9801702566488146,0.8630001117344608,0.8357046036740056,0.37640311971906376,0.8960333067631762,0.40318225102288086,0.25324739742369184,0.17238869643678217,0.24276266013555087,0.6400135025352097,0.012710904214094345,0.06968784399138707,0.5480897538387538,0.02016195729873556,0.7604845101832707,0.41846010910239306,0.4006280948920397,0.95908533400544,0.8320585966564449,0.7976828086827981],[0.6713901201838567,0.8365617510983245,0.2683082715239425,0.3824020784993198,0.5925946480234482,0.32219074263391606,0.42154335073112303,0.36277281288934315,0.8656185001538699,0.9192555590988416,0.4305161263513221,0.6927909692176961,0.013401820748920015,0.8141917326709345,0.6503660960381392,0.2849716297657641,0.9632141497607938,0.42884755834189525,0.9780478430447672,0.5094544149331405],[0.6036213958155359,0.6751535232732278,0.940081215751206,0.913157040676812,0.03074155683227884,0.4079128584520318,0.4410037100107315,0.8356166606614118,0.2424383632575882,0.2495509179868221,0.4880036641030623,0.0795555426930331,0.8209541362301699,0.3980832741344126,0.13284182465168246,0.23246169677985878,0.20701889762555564,0.6791895821907418,0.7389688913372607,0.11467061680790545],[0.056784441219332536,0.6056513181932173,0.9016209106561887,0.5877075778292358,0.9020260359530041,0.771318906336044,0.8286565154534679,0.92620160716241,0.7772420043952595,0.34759128155459523,0.9532126264029694,0.864151839730371,0.7464195307955439,0.5212576535397402,0.8357976155660548,0.8993409095762198,0.4544015414637019,0.2905316410001178,0.9879894948584065,0.7928669555517489],[0.6285689274332,0.917992905251199,0.4692129235798368,0.08391226879827005,0.22098322834293513,0.979337014089827,0.18432371248644752,0.6953213954089084,0.34613423864759724,0.5098929899423168,0.09255516661795198,0.47770666912018195,0.28947861569625066,0.1632628815013654,0.7628018153155549,0.880662312220448,0.9315985146743948,0.6060360694315639,0.18992855127169553,0.5833076809878948],[0.05115802612041307,0.5919240921300787,0.5853922277239786,0.4462167205401453,0.28818323835348497,0.23205560583801826,0.08112116585689892,0.9072593065871303,0.7657508643210501,0.27651980594228776,0.15864524328082757,0.065153156474065,0.5703987087288354,0.6554535046354314,0.5312146612000918,0.11708876269050718,0.0925005628126581,0.01570586075473352,0.7966728784667856,0.10993657910371357]]}