{"n_weapon_types":10,"n_weapons":19,"n_targets":20,"weapon_quantities":[1,2,2,2,2,1,3,1,3,2],"target_values":[77,52,98,54,93,66,6,27,44,24,88,88,28,1,45,50,51,78,20,36],"kill_prob":[[0.24052070681405405,0.28583346263757,0.1513359454524439,0.45920229601224755,0.6463814061632501,0.6912001053914576,0.7766365985034223,0.9629793258270303,0.43635920359927005,0.36795092563512366,0.49991356749330135,0.02317043461705441,0.13191961448823386,0.16263159724982057,0.8500743311267391,0.8255892533537668,0.17830110046552372,0.07819121856948279,0.5286759042796193,0.8553482482321944],[0.14082168318353389,0.43958167740839954,0.6577677397110285,0.7475725372628967,0.6518200464803054,0.1543918025258339,0.8922637481302456,0.9032716217584366,0.8586063948500279,0.6186505238597626,0.390467829637874,0.740295511942791,0.91710326301336,0.5656060972559619,0.3434109725546252,0.878791585657877,0.3342807455285003,0.7696612081926943,0.8771044287383984,0.45928020028674105],[0.055654072678388046,0.06084420376296916,0.43076050460769133,0.04206086285088519,0.035564234390753846,0.2555769771187233,0.8059726224494775,0.7791374329973131,0.43623606496298767,0.20311076723515095,0.18787792091116226,0.9145528912306602,0.0940261681456039,0.7350408614001841,0.949734886158989,0.5204344357670386,0.3891255357602514,0.9848770490396869,0.8082903127034271,0.9653312252082329],[0.9813570172423652,0.9439828664207941,0.5137528615697197,0.9460236187876708,0.46656918519678087,0.6162743409719017,0.4771816050240998,0.1202575860741428,0.7266434681501845,0.281055909363082,0.2581382103817074,0.6663982817095453,0.9363401143593431,0.15785326722071422,0.8704691097291138,0.845337072161452,0.3475528355201105,0.08790477295570552,0.17436358258422843,0.3705128268618865],[0.2634239530313186,0.3622048351323945,0.45067765350518496,0.5864639648108875,0.4488927159249567,0.9843872608729217,0.40555632204874015,0.4584973310937554,0.9890155326746153,0.6483321118320946,0.48260460989998927,0.16743265153803852,0.1741914798140985,0.4872509659295491,0.4839182062338122,0.5703916402732044,0.9489869628688391,0.3851570451007049,0.19395227686361668,0.7869168384237862],[0.7932150535873845,0.6058203636125727,0.7712148767609935,0.7537798830965533,0.7738285115511915,0.41658995220505657,0.9113399817132046,0.7988946565386265,0.4727439705628536,0.6683003518519278,0.878444846992689,0.5857837241278352,0.10886740345584477,0.34041187732431577,0.03151228834090744,0.7944137938124689,0.9390377744657925,0.6973718567153581,0.7159033782634213,0.02040540180862105],[0.8831819041697669,0.47296822190348065,0.736595083325356,0.44754674292459395,0.03452490066621853,0.40809826445998953,0.9346926779353708,0.7875066957112704,0.9811881759458657,0.34745721808828983,0.6818042522375773,0.9543111079933204,0.657421650626309,0.5781593020238897,0.7642201161627289,0.749927680992427,0.3984029505538637,0.9439858449060868,0.8055547076606213,0.6091905921595773],[0.6830336786161428,0.6396861847296155,0.6510501120842721,0.326755324986067,0.02679786313685511,0.17134757805203496,0.10190789828753329,0.49291696956271275,0.1864584260832711,0.08148526163627431,0.7811065723762667,0.7019621456022959,0.10262014226977609,0.8382559712559402,0.4316352176265817,0.9128196353248157,0.2335226170614721,0.5901995732385336,0.49205784356257354,0.4705786377953996],[0.7704087149982713,0.8799024150388965,0.43625041772200446,0.3667334956545705,0.6205250919694687,0.8875237521193559,0.6880267864652904,0.96436343080582,0.7507021672644458,0.29508757468376734,0.5442377065803979,0.03664553964638928,0.8978404679230552,0.3839858124519418,0.12605435607821522,0.9801977288530404,0.9878576457027302,0.2790139982336398,0.9486474482429411,0.8569138648967024],[0.27390206372153675,0.17306912331872626,0.4766957675589477,0.9320402250591256,0.3784058099425407,0.10913812323593196,0.6434059355402969,0.8953635269274381,0.5025806940267689,0.9207037989839356,0.46112174891380264,0.6352068908946233,0.5156431198892163,0.9341726902674853,0.37978821030054805,0.35914016967775536,0.9216269751941909,0.111138948456205,0.43031740126994755,0.9054733476556605]]}