{"n_weapon_types":10,"n_weapons":20,"n_targets":20,"weapon_quantities":[1,2,2,2,2,2,1,3,3,2],"target_values":[67,86,72,71,92,61,26,14,13,71,14,89,59,85,67,39,14,86,30,74],"kill_prob":[[0.8027890345301558,0.2984376527768484,0.6022817722036484,0.5943527186821086,0.06577773999625709,0.5791201581072725,0.22220149473027356,0.5080294720502113,0.8169394493812462,0.7233817566895243,0.9006028236325151,0.9459255780621544,0.6970555623871366,0.941826787970597,0.45488410395396545,0.11884702419342748,0.7861045064588142,0.41939878674543984,0.243536650365703,0.23018943275056017],[0.28062814244405554,0.48968498139183236,0.22143163470709773,0.6650583118298151,0.21578684395072253,0.5302442892537443,0.141696833589386,0.4057061167782783,0.29465186735012106,0.23555328086449562,0.5749208966627849,0.6922715854250927,0.5964483293735177,0.6644211723415435,0.5309725082982606,0.09309945228715373,0.30393124465193117,0.30691335758475025,0.20565414422863218,0.11659534744824596],[0.7484859050113944,0.27402857244030493,0.3274010417385374,0.020036078897482313,0.19526876430983464,0.29556134900923614,0.2352512578621076,0.8952805405156141,0.2699278737387816,0.2534995272696173,0.3978737774112515,0.7500600545800469,0.3172729847272483,0.0357590380240343,0.1908275873992743,0.791775641274975,0.2997554463045025,0.20002999025267398,0.5036655567921468,0.11713686443954009],[0.6103154283713612,0.31871100742552605,0.6076677357795003,0.7160979861139637,0.5698100229286438,0.01829140677945984,0.01995600553749438,0.17714796070015862,0.8157157414694571,0.3758454519230412,0.8773351268749044,0.4308496146228725,0.28931272310398737,0.23921836781108968,0.6614379353439391,0.8050142034655463,0.2023596639586408,0.09697118508281659,0.6701827962539525,0.15761623768934557],[0.8598146190906593,0.9789497191083437,0.11808025685743626,0.6022662080534019,0.02356381577859178,0.4478163881869579,0.022516572895492186,0.7456705761166087,0.7635010962434159,0.31189816519175284,0.3924456724341774,0.3507030055750316,0.8775013901876066,0.4883942391776052,0.08601336982387577,0.07582186832409858,0.014167786106243632,0.1916566389663412,0.6454280281631868,0.42809565505290054],[0.5286337813489518,0.7250126245408124,0.4527398655113994,0.6846393415844146,0.20980944589666184,0.9451868648052273,0.5688857711722185,0.3382647627203511,0.19352215252099825,0.883586858746562,0.5766745736775987,0.2907300927796829,0.8094385290954165,0.49643277917979123,0.5827840975362433,0.41292286474740086,0.6264629046108463,0.36766216498317006,0.9278262995883201,0.9080806850333021],[0.7290166016347156,0.5784896481606243,0.30825828073541667,0.3044699412052119,0.45197250399298866,0.6294286995454949,0.4213673606697293,0.6599375008943452,0.03875201208546655,0.2236067099600937,0.9077549196299052,0.025820958054565912,0.38741608607094946,0.9526898681171333,0.7125705651212186,0.4591167838185645,0.5868488771783956,0.15434698555751894,0.2135403299926645,0.33384393277401786],[0.75700217121756,0.43563384802637733,0.5270584181972477,0.3408583321881629,0.17928369691058801,0.5736659996400653,0.9777366992888101,0.6737597951476887,0.8383326986291609,0.6133833769299472,0.8693292053000126,0.17159815243126258,0.7168650516029925,0.7155302707275397,0.0643306432851971,0.961242119897375,0.7054436658500405,0.21477087660688882,0.7193961304047226,0.5746962769405891],[0.2658101212039252,0.973856998576306,0.9357521879689793,0.1342183135719689,0.29016686516587553,0.4964885862230622,0.9271746224166063,0.5081593245617964,0.7835517920125773,0.4138914871074542,0.28692289320535963,0.19524796954369433,0.48027307686485976,0.5854162302090216,0.8083836425093804,0.7056542339593652,0.24285871039088486,0.5681552765369832,0.9185421878580451,0.7291075948552643],[0.44231656834452043,0.3417070501288387,0.4448410751069567,0.029193343850451324,0.4086217070061614,0.8290878295487928,0.16213892437798172,0.8095549415513787,0.4816104378015372,0.7183014459323849,0.15033622134258917,0.8840689329579774,0.2873278465764385,0.7476117734152339,0.8018493257043707,0.28646691491537196,0.4277795683207202,0.4883328683005344,0.7037180352376421,0.8324558094384013]]}