{"n_weapon_types":10,"n_weapons":23,"n_targets":20,"weapon_quantities":[1,3,2,3,1,2,2,3,3,3],"target_values":[81,74,6,82,89,78,18,79,84,30,89,48,60,17,81,16,33,25,95,33],"kill_prob":[[0.36664468534501354,0.5903145911225017,0.9800429134574369,0.43963699284056246,0.29106951366158296,0.2142800911511866,0.336733772660417,0.12692976968885894,0.5321019064153434,0.3091059788987195,0.1995783796730562,0.07873103577287886,0.7009454141522797,0.8393172598264036,0.6876924770578537,0.34763778006796725,0.4719013290925378,0.2949009184677368,0.3178092863285797,0.19111409668764237],[0.245101621479293,0.6269153948920756,0.0700095048828361,0.27594568499540506,0.9038963164557957,0.23415027092125704,0.031406447919650485,0.8810014670839744,0.8819613995182287,0.1903583629079469,0.608716842105674,0.2733737068146289,0.4776507536097455,0.8822115713803674,0.9354882614363038,0.8609432092860695,0.7656852579133665,0.04459184648139981,0.5357026130018899,0.01117480339013246],[0.5572734744407348,0.5439305768035388,0.43620158744692755,0.1321387869119216,0.271723975933363,0.4705778805770268,0.057639899421530257,0.8810029365976707,0.4090093279777805,0.2569596485693689,0.366237428970583,0.24242651441189333,0.47535413778175684,0.546227535166164,0.31858292979078906,0.8303788564013284,0.8702748311059255,0.13220595297380103,0.822956071207547,0.7102345135737238],[0.13426488891094485,0.030533663103118856,0.4682840108386577,0.299231995923648,0.2249286141897685,0.8076540626652936,0.1906974377566851,0.14249241099016938,0.713339567790466,0.19571634733938706,0.27378673257665515,0.7121794405306651,0.8225629367082592,0.9498855319747359,0.4227226686570991,0.01242906212232059,0.8326004313417535,0.11464382041657592,0.02180091306346292,0.5802397562514231],[0.4015433726478056,0.9792598076110435,0.20147185866353043,0.27972061125163644,0.14684590886553636,0.4571963226914509,0.222168613113751,0.5437235550247188,0.11422240050913307,0.6956407750082477,0.7327677200922099,0.7402490438985099,0.4421268614384918,0.8941081631878535,0.5351811475915909,0.4514623297133899,0.8186900175508081,0.18081618986560977,0.42304664189801805,0.7527623174687651],[0.34068718483862587,0.9519730490588255,0.2869479664526339,0.2874009929085274,0.8463562279977023,0.571984551495147,0.13448946168294623,0.45164547360920737,0.7397675995887596,0.16686590408973972,0.7958902234777094,0.33677221143381714,0.6517261982733715,0.010426049901509686,0.4440693402994625,0.9126180257829192,0.5500116079347852,0.12783044410745975,0.2970436598129699,0.9520620007949204],[0.9000522374384083,0.47850936540696315,0.16962976486880313,0.19671331568423225,0.08458538527971209,0.3309256761763401,0.5688083040089315,0.12480938998877227,0.34423715271203326,0.4657507226581392,0.7979118481698988,0.876471074220362,0.22582583032611964,0.93677463366478,0.3091404479764992,0.21199625311659034,0.2358089365539674,0.4194019865539895,0.655012064120313,0.15349597929128345],[0.20122542599595103,0.6194997184792658,0.9649683267399211,0.4384356912419103,0.043098895027626954,0.7361639851106674,0.49914478214824715,0.7238424521579208,0.9218620075732872,0.474730921306714,0.05155378397715971,0.8690921975906384,0.29368714954601005,0.030596064546138273,0.6951563980399585,0.7054927700222428,0.14035457996594672,0.17657253004865953,0.059340894328380224,0.6658412231439625],[0.8329213206017418,0.32878735148314886,0.6593714055939218,0.620004451131355,0.9029994238083131,0.18078299711769627,0.399536488891971,0.6947728417580988,0.5371218753818339,0.5717479764231543,0.4564839644626151,0.024992647473037193,0.6502495964922514,0.5505660062207526,0.5130971756947097,0.9370508172132239,0.46471822678483826,0.3584043878370656,0.5016790396833248,0.6965678593929508],[0.28052800755148033,0.9152874316462372,0.014215673119041431,0.6802773636452547,0.5576320112843176,0.630505117784933,0.9747719921381468,0.8100941651977456,0.4390779197745864,0.16177120188287178,0.49393265465500547,0.7928032844344384,0.8055712146497347,0.35695792679224064,0.6307464315853425,0.7952819033061537,0.6056138231912966,0.7164644203241775,0.13416961681552989,0.9389470172797945]]}