{"n_weapon_types":10,"n_weapons":17,"n_targets":20,"weapon_quantities":[1,1,2,2,1,2,2,2,2,2],"target_values":[93,85,90,71,18,60,96,70,40,94,57,100,64,38,57,65,89,37,14,32],"kill_prob":[[0.5433853802394994,0.39261461107621676,0.09019237285847138,0.5409174880651556,0.48552723908280737,0.13049011308337558,0.9043608507007364,0.2863374198145145,0.3212752876091182,0.4086093897976229,0.17538969354257353,0.284646286745855,0.25078711335452,0.7346481211375693,0.6625517862559858,0.41415407438781604,0.5216373942281383,0.8203486679254157,0.9422862184087463,0.543734425285821],[0.040156718214976676,0.6180800526625768,0.2650382543105433,0.3307133222462446,0.5160637993150834,0.3767041225564117,0.18566603289737996,0.4697310095910086,0.5193852815565214,0.5064142349562346,0.40464000491909236,0.16564450202424197,0.730007048503623,0.5242212397046598,0.44805460353821497,0.5044405133445377,0.39936533293156423,0.06792142615941706,0.5003337553105714,0.9868197983679317],[0.010563237354386173,0.9776197751937815,0.681317007609099,0.9346151290478588,0.4220605546167441,0.690614019651441,0.33916379788949724,0.17281332903339094,0.601506512116182,0.14297157497468632,0.07414994058179711,0.3945005657283468,0.41091729689228523,0.36709961190911283,0.9634510503549083,0.3283061094558294,0.4323728616495974,0.23100941498414326,0.04103174399575923,0.4400201545911643],[0.5390059509085414,0.9642878618085617,0.3485865395675696,0.6039221621803943,0.6888641101730455,0.1419325204455138,0.5843814028841113,0.4294242269305865,0.4672592189914961,0.016299250620955583,0.7263949718134971,0.13303044687142354,0.4441844355246636,0.649666089624411,0.013250237126599023,0.5568925644995965,0.21547768373525367,0.548627083664638,0.4121558156303852,0.04372159297203156],[0.2794044453223356,0.8179127580810428,0.4636448234868036,0.5867216086161485,0.7065642743670256,0.5024589861375716,0.21327597429659773,0.8568196415293876,0.6373344464883004,0.6345941024856326,0.44214772654893314,0.6067490133728934,0.366244996161192,0.42338318605123315,0.4900520618097856,0.6414299201890181,0.5554511389627611,0.3766985614068208,0.8543978085194284,0.7810725000057177],[0.7504073681613316,0.9144788071161299,0.14078085210965427,0.3240222476288062,0.5868026824907618,0.5889102352222255,0.2595561265268488,0.33883048905936086,0.9089726700788652,0.9015582467487324,0.5708495904859153,0.10900564474892378,0.05756668496352942,0.4277246572656566,0.8883964056366139,0.4910334723801818,0.155328662587313,0.2793454930993071,0.9280125305541106,0.6667030198268472],[0.628135626924055,0.7017816518413306,0.9817678641332599,0.9724878523506809,0.16120129895465002,0.6829690238581458,0.6460969484848818,0.5390850756611244,0.4590644685315669,0.1865911253002524,0.11727505911355501,0.7237761526627979,0.3600588356440935,0.9860033194290005,0.6416552300975884,0.11402769782983602,0.46702289602001007,0.9334427039681039,0.9624250632881803,0.838894896497141],[0.2345869085085803,0.45933196966569956,0.5447406270165357,0.9034742327935904,0.651583934274523,0.40234953601168366,0.14313916042141575,0.6780852238527166,0.4385471098654619,0.9248628578567474,0.036694467429972656,0.9827771331116752,0.10497566464918931,0.6935986491224194,0.2969178204947611,0.20590999546388536,0.5793236079793109,0.34526399702588856,0.7201819423903011,0.1273913939721178],[0.6055779371997115,0.5692175437512056,0.3091282848124142,0.6332147725842373,0.15968401779166702,0.19641640564031843,0.3153289877977074,0.36760609282062545,0.9026120322020469,0.1502596503026952,0.8971512069519064,0.6449913556309771,0.7273979481089072,0.35117484871302973,0.7300333004690308,0.8531815929641999,0.6217903071816124,0.5597141629462348,0.1567428290999448,0.6570844031849009],[0.49252323331342013,0.5301943361198873,0.7905532788837869,0.25087964975487925,0.31159241810869504,0.9196318896755423,0.8718956486157794,0.847574653401724,0.5137107145380791,0.14440095402496753,0.02690645032060314,0.10199509101611265,0.7013997890139421,0.5210669415474588,0.774796772086565,0.20979204444543492,0.31725264991144725,0.7504430254811086,0.9514118637404085,0.02086270428285057]]}