{"n_weapon_types":10,"n_weapons":20,"n_targets":20,"weapon_quantities":[3,2,3,1,3,1,2,1,1,3],"target_values":[47,28,83,26,18,3,56,55,34,10,11,22,98,74,23,21,44,74,53,97],"kill_prob":[[0.2392060737796295,0.5643822020818619,0.5061434876475602,0.874812427261407,0.49154189199688003,0.7496686376640931,0.9596139145134592,0.4115854186006966,0.758144958228467,0.3147664373327654,0.33050451645223067,0.05779531179559631,0.8261062632176739,0.8432491935877345,0.8141221255536424,0.2804258061593975,0.5983096156892289,0.09395581194659662,0.981647333238396,0.3152799934901583],[0.7273711567929786,0.7977771347929957,0.2222828333106058,0.6830858141141042,0.2312430440683304,0.02508684369322079,0.5394514928164834,0.2997512404967679,0.5241462447540187,0.026673911864101632,0.7175122211715017,0.7351998897897734,0.03639616853657549,0.7964198022222488,0.8110889297642427,0.2494645392409937,0.7082254099395072,0.7894950060750812,0.6046884996436712,0.6050929753985275],[0.43811808236165434,0.8470139361480995,0.06580511225185205,0.3670053552488687,0.3613503163686926,0.3272865600428926,0.16590145444807008,0.28872151281298936,0.7502959018106363,0.1048733010408753,0.38324622308509587,0.3388752945317904,0.5857474596340092,0.7107540747716607,0.31405100729764246,0.8526807695909929,0.23654016115203053,0.16064569911313528,0.40466187366672557,0.159616602272603],[0.1369740296171948,0.6824948974243398,0.8913026817003529,0.6843670890643262,0.7518699664383446,0.6641621785317354,0.33281368310631676,0.6119238553078734,0.4203770749102505,0.35156529631527583,0.054775957524324466,0.6180692136156145,0.6091989028082643,0.524550952162457,0.48918229699937854,0.31680141420470526,0.7064589770001816,0.8132831403962345,0.5445278481051194,0.8075609953239511],[0.14414857476951182,0.6119400197970495,0.8599387006818147,0.9226329616473087,0.9714329248947042,0.8202862379026354,0.6799627478615096,0.33793400275686813,0.9713869648696194,0.5452001135311045,0.08671344762055164,0.8080026804978153,0.6450221394625516,0.5238575058187815,0.8191077082187311,0.9332808358415007,0.9316531007864033,0.1168458645719523,0.2940368374029344,0.4828147844677007],[0.034433933619928435,0.5828293309857938,0.45101444950474934,0.1388140044295236,0.9259529970112104,0.5169239683683913,0.3016164830644848,0.03346274423810042,0.581744870355324,0.7917578993388833,0.06082220366317711,0.9460221513311391,0.24682856303786316,0.8973856215030714,0.4819438954185558,0.68037996792631,0.7247876616246097,0.1476634013084974,0.9188784966179474,0.09188590701678839],[0.6879174434983228,0.7649652351603557,0.42151541524580455,0.6117207633432045,0.11594193915167766,0.29104491126125026,0.12957718068831858,0.015037468934988179,0.6256895357829063,0.6412149945541353,0.8814822516747343,0.41217878081840204,0.8290560757403495,0.9338053439527012,0.688173876523376,0.4211346133456458,0.4159042020993625,0.17657798610277006,0.1581464854330988,0.5064623170443918],[0.8840230334390866,0.9364212991913975,0.2768929731642051,0.6632787897401016,0.24858761877830507,0.7735782472671653,0.2048216412700427,0.9029448827883519,0.5286372551099583,0.5114961974950235,0.7574889067897554,0.06361310150175253,0.9808222217188981,0.061865719388590604,0.16664323844826617,0.43160290141777163,0.3460310563882108,0.8134797046220612,0.2100909614065906,0.9575040745232092],[0.0797715302278256,0.03344190795634989,0.5855357867788655,0.8005140769667592,0.4645589968864223,0.04082584968316654,0.815093075962412,0.07869437760305474,0.7365356960785181,0.04745610991713933,0.7742145093051771,0.7628313058874616,0.7828878012986643,0.25104194238711874,0.4194312089992555,0.17788689619923365,0.6099662023844084,0.7096118172573009,0.7963216217398836,0.56720625125108],[0.29508804481887757,0.8423208974449155,0.42161734372817766,0.24311594509920323,0.06593446243775401,0.24686413207952929,0.5622314205567287,0.6256922359876433,0.9177665837865568,0.8297862231058998,0.07068873410332141,0.918224270446222,0.8574262644583488,0.7735647324675016,0.9613049585194278,0.12800208208655825,0.2818778148749275,0.3279702657495135,0.11680957975160317,0.41734955463395584]]}