{"n_weapon_types":10,"n_weapons":19,"n_targets":20,"weapon_quantities":[3,1,2,1,2,3,3,1,1,2],"target_values":[85,82,28,21,2,3,17,51,23,32,65,80,37,93,93,56,5,59,69,56],"kill_prob":[[0.22170276986197165,0.4023028949288248,0.18957245681651255,0.7959792297758315,0.027529360534175783,0.1515232850941105,0.06939102395038681,0.04023877808253252,0.9582923596801283,0.17200446608513084,0.30133833550766653,0.21521942789253534,0.1872053763798924,0.23358335712980804,0.7889719352083538,0.20658422508946375,0.03444655207000792,0.9359706385102694,0.4765344272826104,0.4220106791045448],[0.2011948011357308,0.8606977566151847,0.2973423840076449,0.6107040439825795,0.5396559485752254,0.8416744884882054,0.08994410133820516,0.16724800076184573,0.4340253809593156,0.14529560637011057,0.08464922893572832,0.11458073312562639,0.21701458931769257,0.30759992088310406,0.07451774276361496,0.5188469732889548,0.8788565111904664,0.17113862648207354,0.13816056142719402,0.5319572885532883],[0.6339431423827343,0.8759993761631992,0.32393421685824464,0.2976921122654288,0.7537013815906212,0.010253014252823867,0.40002884687246115,0.43534488576329566,0.6357885757385501,0.10577809580123268,0.5469307224052299,0.05832098186381586,0.9646829820691039,0.7469847530841481,0.04113421486512487,0.4579592409899013,0.5444811102760937,0.7464014075725263,0.856338121364642,0.33925193429154543],[0.1878627869090015,0.4527479154504633,0.5984823604237269,0.7038375781479612,0.5938212275317382,0.45017977611361093,0.35786929389521643,0.6940525838312701,0.3034147207740096,0.5073734391700022,0.3858460201536419,0.282160197614782,0.44045292598867597,0.11008009007262601,0.2812449122645928,0.668838621857386,0.1662201547809118,0.6222396925649903,0.41413109314910623,0.34479596018591285],[0.5480974151530162,0.019003909843868523,0.7015767231519243,0.5336499458815507,0.16097181997456156,0.24442109958982597,0.318159975579401,0.74582527672958,0.07506358109074902,0.7743905836055772,0.6195186421484036,0.14300352727122945,0.851706307583605,0.23861621347061746,0.9380883372273887,0.8754071490617702,0.3015594047353731,0.3332832249492751,0.18383320508816023,0.2530866194567056],[0.2861689425199982,0.28423216600721646,0.22875247838096666,0.756392179077499,0.9650073918887137,0.18067310985454038,0.37032303579605874,0.8508231147331495,0.035995515377311105,0.33392679225538396,0.49228087484426886,0.8937286549889025,0.11357132194451834,0.053308674921169086,0.5028924130589802,0.6622977391975309,0.4931223397628667,0.8849322762848536,0.9116473924791865,0.4104083376417001],[0.11536101737610481,0.8981827653444495,0.3117748130519343,0.7623886887050448,0.5260024245845277,0.8779008396344169,0.44120958906671204,0.6598467924064945,0.6235806591924378,0.6825151062653056,0.4415819238697501,0.47968714574265625,0.872924262532229,0.45654704748556024,0.24213341871979016,0.3994260981350326,0.32753550744562965,0.7781354830093662,0.6411695533465266,0.8459911375103949],[0.417086559533269,0.24048460553065965,0.9072519213826027,0.5797274135045685,0.2253638679547993,0.5104666049289754,0.10486539204522527,0.24264994315018712,0.10346987189115261,0.5686988183875812,0.5287441245575978,0.6291230065696669,0.36221329697788585,0.6950423092398804,0.04762607632904302,0.9215944618241937,0.019986541067249605,0.9807322384743528,0.7757431513348003,0.014951023399958312],[0.48716143422694846,0.9854667016892034,0.2484951336336852,0.9304621679282522,0.4616635061530383,0.491795874048805,0.2036758558432631,0.6038103237729056,0.3739596796098505,0.1001048789786419,0.18656423768906696,0.02565362440564191,0.3949991486861027,0.38970297612301047,0.3220775249979099,0.5085889019141566,0.6713498772245938,0.5487776614841443,0.5447515282069524,0.06273188599400076],[0.4338887907412231,0.8152938403148561,0.7924320544737393,0.10150531384739633,0.14241405933220458,0.7926819694638216,0.2667799511979133,0.8041672626478775,0.09471819978802022,0.2649321931718571,0.16592027513820304,0.7326570411117579,0.44337459596037404,0.7154468025078587,0.4369222026076654,0.2614747920119563,0.16586328941901002,0.505445305718264,0.4124572449468208,0.26063849183818616]]}