{"n_weapon_types":10,"n_weapons":21,"n_targets":20,"weapon_quantities":[1,2,1,1,2,3,2,3,3,3],"target_values":[68,14,68,100,37,21,77,86,19,36,80,14,91,48,58,76,23,26,43,100],"kill_prob":[[0.05045760181734137,0.35304889097250275,0.06789706605513449,0.818664959449532,0.49530100904394925,0.9047492822135769,0.332102134673909,0.8780501357683275,0.39549395843203633,0.41054897720409733,0.27338928554171227,0.553009899785826,0.8326152401540037,0.9634374406809305,0.17781721379489862,0.37926155695506064,0.6820830602152399,0.8773858633966132,0.9715919987530084,0.579102573122528],[0.8499044495048402,0.08047299130075997,0.7840452926457261,0.8255726878710627,0.6534164126737295,0.028550044787095837,0.09283836387149401,0.4936767369469491,0.6221644873081932,0.3866560637568749,0.13540465230475648,0.7891078730324802,0.30542333082470685,0.4885296879124314,0.6987823769412866,0.5878463246673682,0.08075798658232015,0.5628762164121326,0.49607029611790904,0.5925443170033468],[0.8812453849548331,0.10561588892164103,0.6128536762842673,0.12093316562052743,0.6453102386996975,0.4369233645514726,0.2717422799807738,0.3639097303961909,0.21372945370888743,0.39374902785946386,0.6532741316028109,0.7115659948290218,0.4353162981546695,0.9027599767324751,0.34109780855987093,0.021230906879309466,0.27316626373184616,0.14839133594186782,0.9796550328961245,0.6528414887256687],[0.084362697961331,0.38974840377328895,0.0233168416993543,0.37986279607135076,0.5728380577635229,0.07883757911433474,0.7745287695806974,0.6363856088164109,0.35268477060447034,0.5407810119485781,0.8597593625821689,0.45309075519351144,0.8922096783667844,0.8237765351721398,0.14774095475559376,0.6268491625318832,0.48313250211897724,0.8084994593325091,0.4238957633707825,0.29287638236929125],[0.10137097107323845,0.3406695795557103,0.47752835969616325,0.40777386609685823,0.4549531055405984,0.1467668982507921,0.26736503170565845,0.04615908237591905,0.08738298406743905,0.4045523732247657,0.46006564432927166,0.02778519326427148,0.6406772384835723,0.8804339807049645,0.6336523788337014,0.15589658357432484,0.6877679234990576,0.8372095430024166,0.3192983676249557,0.8224364172728462],[0.289807877603927,0.035641361011594305,0.9552616042189903,0.23630298723627138,0.9741556065230399,0.7483857360402086,0.25919066728984763,0.6371198820148365,0.3842001941050053,0.10599074223675783,0.614853796486293,0.2177704679863832,0.8834881469805155,0.650227289697065,0.4333556615351339,0.731033609520334,0.42393913617065776,0.10726518133215719,0.13543440819850203,0.9005369142217912],[0.3098578887363649,0.8396775553602337,0.843584377321052,0.26566510922442205,0.7072524135107476,0.35256788437312325,0.8249383432607748,0.29594385752896873,0.8354043843207549,0.2402903406724248,0.09434842389231976,0.5413550226727617,0.41521278341558165,0.12961133132266303,0.8175092577259976,0.6766966640412067,0.1160991110113069,0.6452388133904814,0.36794212367566914,0.9793115117115426],[0.7689971477159865,0.2393442381937933,0.5640339222172879,0.28808316941970136,0.03152873225381355,0.9375457054227669,0.17892763966018993,0.6314053575122217,0.6752197370407361,0.30675983526927647,0.28416780702610556,0.7936557575537194,0.9551347462987709,0.8489337219863664,0.5271185774174921,0.16034660382496838,0.5752058238512605,0.18536008117926192,0.04772720680771827,0.8827979797891267],[0.24687704857102083,0.900249246172036,0.9000454043517903,0.5540769081035725,0.4409410718035281,0.8851717426425062,0.039360652114052604,0.621807551659458,0.3283536111974309,0.7580426022468657,0.0924042658516318,0.623377459337582,0.6516880654414503,0.7091044912687534,0.6023254203530907,0.16706432554205972,0.38821365485112497,0.6945415977386628,0.7756840298812328,0.4067491395468932],[0.6426149861003209,0.7817366460672662,0.011552088899245878,0.15467229201820287,0.029754273325246106,0.8390298118228883,0.5130311773603107,0.25103692779067277,0.7863318307856769,0.550358707950139,0.34389430286910966,0.44038153883577974,0.35646788944357427,0.9384646543318361,0.4043506855174074,0.5616431987245466,0.30958013827158387,0.4698572851664852,0.7778492992102884,0.6762817744355788]]}