{"n_weapon_types":10,"n_weapons":18,"n_targets":20,"weapon_quantities":[2,3,2,1,1,1,1,3,3,1],"target_values":[88,74,14,85,25,27,25,20,26,88,3,87,85,70,5,32,62,31,55,98],"kill_prob":[[0.4381719043109537,0.7904701305789672,0.30981418956968704,0.30643819607887984,0.010237481451381232,0.9886425855341174,0.5523773458913076,0.8793224743552748,0.036560902857375004,0.8597222931711476,0.32459813101798735,0.909216752483948,0.5001010432492285,0.8902108342588403,0.955143363825261,0.5205528953596885,0.4038205406554217,0.36470535015416355,0.11072236484880316,0.7719642422786701],[0.6832649510041676,0.6220920820340746,0.12225603147568044,0.12760927019422347,0.9606183230141411,0.2256071018146087,0.19102911488103055,0.730740205026831,0.9672354289034545,0.06109750551901729,0.36176332518907933,0.03114550076039982,0.07527637861653111,0.8435988856800793,0.2695648244395174,0.572380280479377,0.27022442605935243,0.01578683281454885,0.29367913162256515,0.07058418789082495],[0.07788309199572943,0.9802956875950253,0.42071607320570864,0.3359645089290571,0.8413480732077343,0.2536702617812855,0.014124027223195126,0.687092595114136,0.1451662898293177,0.7330036728524207,0.9114569735191275,0.24859268931636355,0.5873065091763489,0.9525648914882109,0.3396834458201662,0.31327412724214027,0.09695401899804322,0.752496377632835,0.36145347904040454,0.697921013561117],[0.3195700364362088,0.8861160620828685,0.14149798916221776,0.9136969066439328,0.7215037174248263,0.8539585902863391,0.41940195301650735,0.718566499229539,0.18925488162742438,0.6999327576190543,0.41585125953334456,0.7841856311472667,0.48194067925626294,0.5375603759528464,0.6609302930894131,0.8140164699560467,0.2802669303088101,0.9423584070659713,0.621801444967053,0.9526292679926966],[0.8236846779052706,0.45202439108862574,0.9898491163863002,0.43257488895722157,0.9659738476497991,0.7183303544084305,0.4532231065790685,0.634828595023016,0.10169178072726051,0.9457873785236661,0.7097431121186768,0.9264708819896286,0.8187434790964595,0.5850790774637492,0.10330547853998488,0.7963648219974981,0.6496488304508087,0.6954293660620955,0.5806555974460965,0.7851729444571217],[0.09770069641199752,0.8637701994384333,0.26948448350247345,0.580710272482454,0.17506824664946305,0.2809041935480409,0.8949159120120526,0.34751648175705985,0.1023218134391176,0.5324136506601655,0.42845542167489226,0.8176995372832584,0.05773619763281696,0.6922800433722484,0.525023507741241,0.9420090447826462,0.6755626841948478,0.23767592117891612,0.9744500698094534,0.9202479716281703],[0.3107898920942529,0.23819543337796265,0.037180852789791705,0.7228838266383347,0.12262591997093043,0.20181214658053226,0.22373975406363752,0.41994869234862076,0.7590393704510087,0.4543132736303693,0.6566680842408569,0.4678899374123749,0.9527322754954193,0.9893866949121829,0.9575132165928768,0.42611483946441975,0.44531669105856325,0.8151001138624319,0.8907136352166641,0.04907033377108964],[0.25625436126897383,0.42686894043379614,0.3793662880010088,0.8040984889398018,0.10432820281127751,0.6964742091413517,0.512215049399481,0.2885062377753036,0.31256026415005717,0.48585841012422304,0.11550819756377922,0.27421219589680806,0.3326898016292916,0.4933889796168611,0.7658403196517424,0.19419948235368348,0.19773211398171206,0.5889320772612056,0.13422137941315412,0.7524295674743379],[0.9736451255019483,0.8218751910430069,0.4708311856715006,0.7796953424322309,0.3461307216631416,0.8362682071627665,0.9272118512062256,0.176990212417408,0.4742149759054388,0.187452926276467,0.4260711131743562,0.21472429926602235,0.45227213812027145,0.02706662561025734,0.41710042618156296,0.6620528333222333,0.21939493895763604,0.052616987130094196,0.12922941367862714,0.9101472271860899],[0.5066046004553663,0.19010464059117946,0.19255989993538494,0.30673898513397785,0.31315988179956455,0.029764994485991493,0.6567082711876817,0.25470111319220473,0.9490912620543557,0.019086387138829923,0.6240767790230691,0.08753075513929424,0.7784798649628192,0.3857701712051118,0.5389111312978706,0.5359236606273657,0.09544098421508834,0.5746846234265177,0.7530585918252093,0.561410192083492]]}