{"n_weapon_types":10,"n_weapons":27,"n_targets":20,"weapon_quantities":[3,3,3,1,3,2,3,3,3,3],"target_values":[77,83,36,3,21,71,75,13,78,37,30,93,72,38,62,76,78,81,96,77],"kill_prob":[[0.7884275167474651,0.6155299430431386,0.20832535651177786,0.32215198236014214,0.04167636982677396,0.5282310233365201,0.09334450928840515,0.7889172914619625,0.8669231313894894,0.052422373491375816,0.5709515708306941,0.3055677009705785,0.0776320779373092,0.8084981302689623,0.03112930966677037,0.492802509662853,0.5068750814636982,0.4177057362125114,0.9405455830045489,0.6213879562295747],[0.3135519765689455,0.2826621405397099,0.12425803273243195,0.01798872053118512,0.6408144681159402,0.44319437446542753,0.0542025165904676,0.9285568878383672,0.30157197387545076,0.9876248013901643,0.45760825566985514,0.838065145065662,0.41583135887666783,0.20562017568528734,0.7264964781141365,0.9564958098033981,0.8336216234443042,0.7854592104075141,0.18340937845962724,0.9406526299604149],[0.8076464787103745,0.9383070848384769,0.7293854734012327,0.4487732144382215,0.21806864190107342,0.8790273791491873,0.7994625453744187,0.6074108348925945,0.6520011174411199,0.12070062898322963,0.3963676492732803,0.5763411498734791,0.7464188243293651,0.6370167442820175,0.18234393250270908,0.23406332068541924,0.27877281756091643,0.21440657155633192,0.1654536043231151,0.03364251350095227],[0.2539839646841039,0.2662168846099284,0.9071502237515223,0.31138665326749654,0.6197795454750943,0.28689779189101483,0.20297834484498914,0.1951229100646513,0.01859010287567083,0.5748804419786527,0.45324215275970636,0.7065547193817617,0.05654985655044602,0.7910733958021915,0.18220143751515766,0.7678371938373452,0.5327084503472594,0.6228344671806291,0.9293492168935846,0.7217984165402663],[0.29972366983987736,0.7326819834653288,0.4297929422361709,0.5826424298245394,0.49173462747878355,0.5305286692182042,0.7394105686106938,0.803163819972902,0.44639267088315854,0.046686297723874955,0.8519121738640085,0.8361686472165255,0.7174511453103845,0.5269175934547145,0.838979203495107,0.10275745548898876,0.7368777088017973,0.3518342041677832,0.5034533218456665,0.1941436894977651],[0.53758074943463,0.5268352188156505,0.8459828867354197,0.32038373714544605,0.853579673984626,0.7942682370761737,0.8089923026578635,0.33440561797964624,0.8555883267323282,0.9133318766564549,0.14720744351316617,0.7396557794545088,0.2681064066958395,0.39466943048000963,0.5688484796277602,0.6117922411820378,0.31453458457179034,0.36151240300353454,0.2011758733208323,0.9094580280530246],[0.8108782554927798,0.3994281295865097,0.2324755756592804,0.3915199628862934,0.8742560712324452,0.4917146067936951,0.4323958321787901,0.7911639060971083,0.4979620463527078,0.4965727853562949,0.26444551870986077,0.6021026536039127,0.9048003277814834,0.9289121465300663,0.5082734680144768,0.5259081581924215,0.20488627581773752,0.03222679430235678,0.3064247855231431,0.5567255135963567],[0.1231538401846608,0.9678513511609181,0.02370657259472763,0.18726189218032563,0.22312051861668442,0.11409207614030285,0.8980640206576868,0.10622424652027901,0.7394107358741093,0.4511077621706436,0.9698100799765508,0.7210758794977268,0.538070144566271,0.1250935388637138,0.8714843485404893,0.39627366676138936,0.9280613041899645,0.5758671003879725,0.37063304699150684,0.7194477283942672],[0.9218838491301664,0.6918498572921693,0.5182062889042366,0.7994360306595282,0.5214673359800254,0.748283551414926,0.2507523718996737,0.8411304551477315,0.6221156493301987,0.10752887866850222,0.656853669390819,0.49146653652715705,0.03738723885149039,0.06756018346121657,0.587149222465375,0.8501077963996113,0.4474373752207611,0.08480150707147195,0.45244437672996957,0.13307191681732541],[0.22548254340595714,0.32774719830523086,0.9525901560002609,0.6779889271742248,0.818593598650023,0.7480400032130023,0.3825720315076855,0.7344271386660609,0.15737903386416827,0.8682367999440944,0.25478431723309825,0.48734696648497366,0.7109543376030552,0.8101824299317258,0.7182137326961217,0.5733775253736023,0.1163313030983504,0.670349471456501,0.34360240378137996,0.1869472374604154]]}