{"n_weapon_types":10,"n_weapons":21,"n_targets":20,"weapon_quantities":[3,1,3,3,1,3,2,1,1,3],"target_values":[6,81,72,94,29,51,89,87,52,61,56,44,17,72,97,27,30,95,69,29],"kill_prob":[[0.5756276106232512,0.4285745277807357,0.9671235711750396,0.7598049211558887,0.21466753028839594,0.754215561982366,0.5107613259091851,0.7521482218243298,0.8769569329804302,0.24886391120229862,0.6033853518458829,0.6654077338397795,0.7805069944506534,0.1808033461629847,0.11104312679085497,0.9060548143651367,0.11043194599955018,0.9803820735172761,0.012229757082164963,0.04382074013921301],[0.49367308939100263,0.46477629354945493,0.6833810029040306,0.10170803422886938,0.49688896051148085,0.5369023263209757,0.10369677795966124,0.5834575106169305,0.6192620727525349,0.4573823151591261,0.04402104972503353,0.3601917636374861,0.08668930210783297,0.9492696925458232,0.08281850725305463,0.12647393945245317,0.7018207996564144,0.7366958979616446,0.31993057346301584,0.039146612637390034],[0.16488620549944585,0.0698954095102303,0.37508098512011245,0.25734803401341116,0.5475621633469288,0.23879988178170003,0.5410300542223725,0.023860633215646132,0.9757080408509405,0.3630394332960859,0.3824974042299228,0.4860609335968047,0.12224299404899655,0.18447650073653118,0.5461910274937724,0.5062312476329804,0.8982606515332004,0.9546422145014188,0.11606468895337263,0.6343505953023197],[0.6327296709408055,0.44959032460492926,0.7394456903632131,0.6109941187017288,0.6607374675174652,0.3333592535009302,0.029490801492434784,0.40844464964203214,0.11472046847429035,0.17149653586666463,0.49178639533559443,0.04238618924846459,0.899780173147856,0.2984047040396019,0.5378478949702861,0.30948429495007534,0.14984266818673386,0.44236837541122687,0.9716929676771147,0.04504787092170554],[0.47219710928086966,0.8081012859312051,0.21669118792538705,0.5585937405420902,0.972051933044004,0.7294730579944585,0.6386994259294438,0.11656428886772018,0.41357019901062225,0.989316441575536,0.722454740614167,0.12592455225610652,0.785004635954463,0.5789453778223893,0.41707104256697175,0.9575290547311738,0.21060767939258837,0.8259668693278955,0.9637222326156449,0.34245946629396823],[0.4656518567771591,0.24438496309786284,0.6249132869201242,0.9713245587867776,0.2558258981846719,0.22628055562501334,0.6656310374641053,0.3758780542351844,0.7791132022574103,0.9283291298565742,0.9463212850962869,0.7114067611200836,0.46365074859613875,0.5980368636890491,0.4432783041292313,0.2063916134542422,0.7414761215061394,0.2593555960690549,0.1872258369976848,0.46770442238031196],[0.8900839968488865,0.5626269921030058,0.44055005278504356,0.29581227944128125,0.966612530376447,0.5105662000143402,0.3370020139822126,0.143080327481916,0.5399400745151355,0.8765608115392205,0.9617171883134867,0.7836816489752011,0.5770709432982739,0.33376122806870817,0.1728487268341102,0.6995516933989996,0.38457787189297754,0.3723660302641834,0.9757268374314904,0.1803012382408757],[0.5899715731767026,0.36061230630198804,0.6554896835482504,0.7805476345887282,0.4642490238380092,0.8653590968338343,0.5821235474244072,0.8087891032654595,0.2532501844106572,0.11748735380019508,0.39958847897053135,0.3767824821190995,0.07406230462649012,0.17603345013267602,0.012635507087127285,0.43443083105368824,0.181151285345077,0.11221140296587773,0.710555632138867,0.45931780895704233],[0.9077218232702281,0.46024448084648456,0.07613776688870759,0.48550046339255404,0.27157545297016955,0.3188564762884004,0.41049069480549116,0.4728188948138154,0.10274578324792714,0.6562783351330647,0.2315169243198231,0.03863056875937716,0.2778895722114385,0.6503883494626984,0.7488363833116353,0.19386922852591246,0.060673972885744415,0.12730260543007482,0.6761825454627833,0.6274474995001814],[0.16402629129222737,0.33118880403258466,0.24872450239908087,0.6194136077678192,0.888358282384773,0.47739883798106547,0.5205447267293996,0.2371309023287166,0.21810251742485898,0.3050439246680848,0.20773597944974834,0.03727338887009595,0.6721722923677809,0.8839870191852925,0.13723698054443006,0.18281500527751626,0.024208302719696363,0.9123728659276923,0.0366969659625633,0.3324601652285207]]}