{"n_weapon_types":20,"n_weapons":44,"n_targets":20,"weapon_quantities":[3,1,3,2,3,3,2,3,2,1,3,2,1,1,3,3,3,2,1,2],"target_values":[69,98,12,66,52,59,10,2,61,20,62,3,81,34,46,35,42,54,65,69],"kill_prob":[[0.18575826845838692,0.5996213323935475,0.9086367490383288,0.19130769903602374,0.6559062696600566,0.05467735842686924,0.5305246816053018,0.7367084719636641,0.043360945566340146,0.33699208331968367,0.8703978456841495,0.23097019988403786,0.7184170633077824,0.6099935084489448,0.170413912640305,0.7368733637021947,0.5314393731715538,0.11978528471175753,0.9403839751999645,0.4921227885606635],[0.7401792181069431,0.2233462602152208,0.1444395452162651,0.7364806406073203,0.6703476949872144,0.27862553394981465,0.7413577668054012,0.5048924157981325,0.35162531151445814,0.7811539811300672,0.6144470925913638,0.5071229986525566,0.7676449548159439,0.5439317926098891,0.9297637442749168,0.8116945789317278,0.361023821285393,0.46562086553533333,0.9481864073214806,0.8873003068980383],[0.19736182688162524,0.2788177561668818,0.36713210897473264,0.8722520554210258,0.9188689656573589,0.7962934359865472,0.28019427713905687,0.8793235105025269,0.04222350342188451,0.42434741127270775,0.38007605968510283,0.5345348137864823,0.5594277460901322,0.23089639710658977,0.21046458873004106,0.7974952599563121,0.0846728618830467,0.49342032298480454,0.1978134784657254,0.3231758806185581],[0.281748530788568,0.7043517814282598,0.45690019122865844,0.30345299775718165,0.824724958020601,0.09407923846498596,0.7610334325641674,0.25334650274229187,0.909658838174247,0.015447903662157878,0.5555300706121525,0.6198196843470419,0.5757543259939624,0.8087149863550323,0.11992072792213498,0.41724488420673256,0.8564620375595742,0.8809605827584112,0.4983775151739902,0.5568075559926782],[0.7586302716801026,0.7740181864126687,0.8803196735157437,0.8369802511993821,0.41613484660700845,0.6467582599422235,0.4835705527044994,0.12560223709172907,0.8152473016049614,0.5997282591064966,0.06684509972979431,0.673330913428793,0.28743901517915976,0.07787990454234711,0.6044571363899717,0.7275644810466586,0.5169386084350622,0.015535308098690605,0.5753450822037514,0.016476893811600758],[0.9178801352711755,0.271959054570551,0.8635864714270837,0.021867102844533137,0.10527218028232688,0.4523801385106039,0.7534352314716157,0.933710466490624,0.5206729188650612,0.3583514993932642,0.053663449118837435,0.5820352823039374,0.38244288920856306,0.9009508149815401,0.48045803838320067,0.7601380434671804,0.8412463176505978,0.10631205944419919,0.4420293816011199,0.8858430823920658],[0.4259661923532977,0.5638511914280377,0.8656418683528707,0.23794171495599684,0.8866900295669942,0.39908785276582304,0.5911726620858838,0.33147869242453615,0.5265766726843982,0.058300086962052466,0.07395477573398809,0.4164283066988338,0.3382528849649069,0.6134759740696061,0.04715196370293011,0.1743152963421535,0.21540005624327632,0.4416819331592044,0.2518980671313737,0.14490943209157606],[0.5956222003067891,0.7389945382471574,0.6815627054612773,0.28065649332297077,0.8473559396396247,0.6095857358388542,0.6123733669872753,0.21859148268212814,0.24736862958943048,0.47525521308934265,0.24306461041977281,0.684316181755669,0.31238342201064306,0.15887783088212218,0.15858157669800302,0.13468322313693742,0.4409550773870469,0.01297923562067006,0.5415248425364801,0.3023368644611594],[0.5514292543410104,0.9267169051727516,0.861666657979814,0.5749012431396864,0.4197089063859506,0.6943954176608563,0.9146765459720307,0.48975612658075873,0.10732156960361225,0.7607664364155102,0.020269570816496458,0.7593457100478602,0.09321827180883856,0.11448424287896117,0.7760727326112955,0.6857312707974972,0.5606650667499051,0.8141734888559897,0.844341140528888,0.458362010543161],[0.9863727133134467,0.36042834084632513,0.1780776112883823,0.8390569142574937,0.41725887396814365,0.867009658204042,0.06994301760059594,0.11883106927650879,0.0494672079994832,0.5999707410963618,0.8252268974941697,0.4046075679364983,0.09888154067760324,0.3759994508823344,0.35108520969293533,0.6406024862688324,0.6491085962204072,0.11096324290632599,0.42177324197501687,0.6396642362823901],[0.2636839850062341,0.40893868079790807,0.6114210330121185,0.4048132872200038,0.04024375213425653,0.2281636755209157,0.7705592961762132,0.25353399717503006,0.8113572171433218,0.4675696691877874,0.47346271445333243,0.7651058910247502,0.3856276427555772,0.24371098030932353,0.11293172918308449,0.6684716786453927,0.4705436889970257,0.8032187430861243,0.45852121440282023,0.416514461612544],[0.30287504239324253,0.20543931548155064,0.8238282057554953,0.10330714352783102,0.8940851688846129,0.03637096821260348,0.5218072885275643,0.0671619909080626,0.7740149788834403,0.21726659357793107,0.5646041247118048,0.9081171805391255,0.6462737569001776,0.18475356567443715,0.7907442133798027,0.4426500146721823,0.022913203575901542,0.4870296707056783,0.8062349837180735,0.4313584782169408],[0.7532594894703926,0.7014153668437171,0.45777407099151907,0.32681693332493844,0.7220092015309131,0.37154004938359814,0.17668536459407866,0.3244458002974198,0.8693024090694873,0.2877213298946379,0.2402613241478414,0.14075166931595093,0.06407428767636952,0.9671585071156389,0.5360412907153983,0.7250515714082836,0.767513977931331,0.35527065482606307,0.7929277919579966,0.9522545595316477],[0.7369266132357235,0.7074984641295234,0.43358911085037966,0.8344937232926188,0.09706062762088266,0.7446900379971095,0.3647536713,0.5646544374818355,0.8851044944990867,0.6029191687553856,0.03506989975521681,0.7181527486126343,0.9204440160795665,0.6391717064043481,0.8541916759103823,0.8187898402350956,0.8540664373242832,0.34721839463842935,0.47468025656650753,0.8410728349291369],[0.9021906034328261,0.15390466927455151,0.18790173199965426,0.34989300805383566,0.7648918716157709,0.8674815341127369,0.5786353385752785,0.12100281188536635,0.3076732653678227,0.849882546348079,0.3506038787046146,0.11075109822760779,0.3060270967908167,0.8005722252538122,0.49360994235875943,0.1781413200389425,0.3163797251283393,0.9445096540801341,0.4333183383366539,0.4427672697099712],[0.16000821000332902,0.3084632185219991,0.8083924102812455,0.780474994915198,0.43678882296418725,0.885779216913982,0.3826537387215659,0.8570429882254953,0.04093423957300862,0.35028568442511654,0.8479671084594386,0.8932833702448416,0.7512955603959748,0.6664685005577866,0.8091948112730533,0.7034070244576868,0.2591365353758748,0.46691216268096675,0.6574908979284364,0.5860467019759382],[0.8773956549805992,0.4743677475800718,0.1844276304627422,0.220290396664624,0.8391354276821049,0.01854653513864979,0.861747754756897,0.06447632389190507,0.3938252987276173,0.7941727028967164,0.40946306928595105,0.8159012233129715,0.10829285783526747,0.5113113819064827,0.5808245376390291,0.8830512252924962,0.10174897821240948,0.34182867157733765,0.6561611329989018,0.9703314802228762],[0.8413088374786997,0.8395651604619717,0.5168388788362924,0.5630131396447683,0.851408492199039,0.8622330745316243,0.7962290741626695,0.8121998496808841,0.8720372618208644,0.12150629247009119,0.29678658936687147,0.9665912632745354,0.5438806367647153,0.18293458284085817,0.5029945205355366,0.6428684917975195,0.8216575442589041,0.8059331915029986,0.05825666346576834,0.4544544872329601],[0.03015767506326794,0.8803930011929257,0.18042795400825243,0.6223772012642858,0.5692060038547923,0.6230188459500083,0.5621482903747799,0.7112769038192754,0.6235877667027032,0.09849424183539798,0.3694325919872914,0.5456615672159588,0.3286934773802136,0.7551242671107462,0.321539760753892,0.8221104908169787,0.15379904656185406,0.7640047136861573,0.1897961319694851,0.5274549748039191],[0.3241138855046442,0.6345877472574988,0.21848560164476544,0.7895015386848547,0.5721121890391114,0.9481276910108207,0.7075349223374789,0.6052476287131859,0.8225755166374145,0.2252889164065411,0.6300876116471681,0.3925957726029546,0.7389151595635095,0.03398002130144054,0.42915785459637584,0.6486678637962608,0.46142654971331704,0.2432121637994759,0.46506226664584716,0.8427496349797357]]}