{"n_weapon_types":20,"n_weapons":49,"n_targets":20,"weapon_quantities":[3,3,3,3,2,3,1,3,1,2,3,3,3,3,2,1,3,2,3,2],"target_values":[11,46,19,84,15,45,84,45,19,16,61,13,36,62,38,83,69,14,82,92],"kill_prob":[[0.3617022058270497,0.42675206239040536,0.8865643339777665,0.8883705213149782,0.5243616993733405,0.28122964556427404,0.17850068289141235,0.2761484464819356,0.7750148496726224,0.32809898616937655,0.6906702318123484,0.2012968058340052,0.4789335600351216,0.35506409173764575,0.503540076853826,0.568546385101773,0.9811162653417563,0.8918971462454182,0.6919491479737069,0.16066860111981032],[0.910647985212434,0.8847343492938397,0.8789693614727541,0.47943652706599477,0.1772925768398357,0.7493151506695431,0.390744738210615,0.3476769238983903,0.39296637230809184,0.5578891463164961,0.33684845412927583,0.6861221987781561,0.6447693198287893,0.5086853615503623,0.06289376705178537,0.9278118287237489,0.4134623574579824,0.4504641304001695,0.45691186199830236,0.3677273990736997],[0.6710961524056495,0.02363934190737229,0.8660381627244652,0.11039024476416907,0.9897194016027211,0.6255209765931865,0.07492154462259029,0.5611883182383042,0.3346816366163024,0.943982358663709,0.750361584686247,0.5068743752754676,0.431181851517325,0.9859514884737456,0.6640364032615457,0.5136511475434161,0.39998523507188943,0.3280912002917506,0.7013110353255968,0.5861278046079067],[0.8412211385978539,0.5524895088373069,0.5806847623291743,0.4778093649463168,0.7573685273652453,0.41669233257654786,0.8449008126353166,0.33050386593170394,0.6887725454533461,0.8851114811176591,0.7636923864221986,0.34575597966563226,0.7022122228917574,0.21284511831777417,0.06700177786277318,0.7855541048519538,0.8018489329270322,0.03247232013728555,0.9388391135925742,0.4469818303670658],[0.8971667044866815,0.7824110351320087,0.892640457252538,0.8267081204547273,0.9645154621950877,0.6265189812502711,0.23271367011145205,0.3917718681183278,0.7468416636466996,0.16382989322700034,0.9212454894554393,0.21117333535635285,0.8684552434160181,0.4840494659418161,0.833807745403914,0.9491297835282234,0.4237045030342103,0.6926724500995455,0.23218325134116474,0.7947700023449678],[0.8135271362974452,0.29934078995214014,0.03365794722127606,0.4325811467442281,0.17660052356030775,0.8121800586634955,0.2658753324568131,0.9348189366955966,0.9623727818553514,0.9006592055890522,0.5976221881520508,0.2720794439061976,0.8011132465363752,0.6975634735838541,0.9676249801092571,0.37970696716991365,0.06759263918436573,0.9884186022621674,0.831498366650098,0.2270598945325781],[0.7211153085816608,0.010676371563482634,0.5566528767259089,0.36558147618159587,0.38370638041287436,0.2496294100486343,0.2793483113206772,0.4555752905790281,0.25318213476822005,0.46711114793204916,0.5758007661590465,0.7068891943954598,0.6736027376691616,0.24714948764243289,0.048405798619550834,0.826028228771268,0.8648665861053013,0.9693117293386061,0.950517326091464,0.6311377461591243],[0.8863862698627467,0.4490482509349609,0.781588926930542,0.9462278514115834,0.7903529860635108,0.41745005863276435,0.38020406212542973,0.295711899103576,0.369722253827551,0.8141651285563589,0.6974703147942052,0.25488159595088994,0.7073044260110951,0.38180755671919225,0.5566170568959125,0.37296188731395924,0.5211967658281234,0.7252078171906938,0.726508037608089,0.7481189277150729],[0.39321801958039215,0.6866855340550869,0.24393739881814097,0.47787985201146826,0.581444778467211,0.682752543526585,0.9037560719191655,0.3086732638089951,0.8383801963520604,0.31490176696914407,0.5508712306546204,0.8215378504763032,0.7186866131642966,0.855612275499783,0.808583568666046,0.28082031669584634,0.9830779382775748,0.9282584635629312,0.43157112881352394,0.05626528617509871],[0.3074267397253475,0.8294294799844982,0.941853011108857,0.8250385151746851,0.3988083718725042,0.0654057696926046,0.5172311871293499,0.37885485868589425,0.13051293943452308,0.11373627946132336,0.15997614598297388,0.2117071999169469,0.7487106811781625,0.3840694010906937,0.4381993675912751,0.5964137082834556,0.9509308078833759,0.7513396679223318,0.6427983616035771,0.7389554909356616],[0.7149066706962158,0.6864442757743912,0.4964789771098596,0.565510138537179,0.46226163711996787,0.39705932710605807,0.2753527103211279,0.3581089372371424,0.4299590249634612,0.5777918168847962,0.49987759525895364,0.11578997519171395,0.34317418234811525,0.3786695992295975,0.7027874458108305,0.3362342426683454,0.017796699272945114,0.09264989086344082,0.49705844961082535,0.1947255941869232],[0.494729963053648,0.5727212646444,0.9247691445179675,0.6524683258618434,0.04041990818076406,0.3831159079191476,0.7875878313659077,0.26535120687012953,0.9164736100702362,0.528430494392365,0.10059873798576167,0.24683712937667474,0.8981732151068893,0.9816305561513136,0.8557555747160064,0.3242631509588828,0.7634426322598966,0.2277830907243306,0.3868318416991651,0.6932247660286834],[0.9595233124008705,0.44041431124577896,0.4959196926126698,0.22576515837203334,0.4051582878943778,0.07175823554173148,0.851414177714302,0.03286789742991639,0.6798540929014846,0.27775726742508366,0.47658724339249847,0.28592727129776235,0.4020692546663663,0.545842328690665,0.6380755432035508,0.9314804202371341,0.3355568837401349,0.5831603627142768,0.8936877042640793,0.2944271717913357],[0.8577489815029713,0.9484039944620521,0.8405438315143754,0.568463291314765,0.717673229193429,0.48144455118002283,0.5953106883607403,0.9649845856387068,0.25609814503243405,0.7866961800898312,0.5061084867597072,0.18333578836323522,0.6406646730903551,0.7865783684043751,0.567380702936902,0.830684144971826,0.3685512418052476,0.9054929330076936,0.6453536979866007,0.7970961384329318],[0.2775254223611418,0.4472057456648584,0.9014250635053425,0.059877639491843916,0.40590207929191696,0.7747122848927591,0.7389383963744419,0.844590374153979,0.7346025279851685,0.9381503061856261,0.4982943642430449,0.6218040401162251,0.840751643389022,0.6976571308592202,0.11001558449619579,0.3696565235428958,0.5515389823652347,0.7496231929843374,0.5426962174422018,0.7719982565561161],[0.8308572869336498,0.26982570488927743,0.6137762096988711,0.5559681699311673,0.23277090760177044,0.4900805274520948,0.5475969188773431,0.8109930777017473,0.46176958714943467,0.08929766282643045,0.487550039067563,0.8311919254889041,0.5698303432809947,0.3224879231481736,0.9125515290245733,0.16253835693354055,0.33034009944343623,0.43839199681698837,0.7332183301673588,0.8290318562832457],[0.06738926672029545,0.7861951040543227,0.71611784694565,0.88675925871558,0.8924341310090312,0.7719750474872396,0.19639863057841328,0.31759407652292965,0.927593304871528,0.5962098338567806,0.537985519701502,0.9073952512431185,0.8667146026176713,0.7229462302500532,0.8746072580763526,0.12155827765157427,0.7523930872679099,0.9563273981529306,0.0579972564357763,0.2285847387548215],[0.7880890210881105,0.5196462211420393,0.09488598745043608,0.2725988685729008,0.3275784079241947,0.32464146740902977,0.8701192944794551,0.6587957282108806,0.7302189328016316,0.02329868711078057,0.4289617629012232,0.3214642155042164,0.8448868941953703,0.9447922608414546,0.4248740325952651,0.9635994022798727,0.02407201996289275,0.3292050161244337,0.7694325543713509,0.36289763786553236],[0.912543083770358,0.2240955946481679,0.7897533927815485,0.2076682073544739,0.2031628193193809,0.44683437121560887,0.9360417765637258,0.5837458626643013,0.6323322369761085,0.019538019019243874,0.06548290053912986,0.07559534514780299,0.8132493311680075,0.2421150793231689,0.3322614209459674,0.607753723056401,0.5822752313002528,0.4123189076170716,0.014214201914141723,0.45061052354979936],[0.7341049634056227,0.24053452901894629,0.7041908500683417,0.024849763420932664,0.8998476482282411,0.941038423502675,0.012412253756068133,0.4586620455303821,0.4155455014338956,0.8350456888011163,0.5399071594968033,0.6091381605373298,0.20845588302469398,0.08552337463713927,0.6884844752389727,0.6182624721300398,0.8256821593036124,0.8377897784932143,0.6284145684934779,0.5375941552912824]]}