{"n_weapon_types":20,"n_weapons":38,"n_targets":20,"weapon_quantities":[1,2,3,3,1,1,1,2,1,3,3,1,2,2,1,3,3,1,2,2],"target_values":[73,43,93,48,47,7,91,15,17,94,52,7,45,60,2,76,67,2,62,23],"kill_prob":[[0.37953059023239905,0.5066810981272951,0.3447633888605472,0.646019272986069,0.2318695669056984,0.03497327770043862,0.011539629801889066,0.34860177171064155,0.3644295432103622,0.9396320350388131,0.05388509826983157,0.5294637589324774,0.5762570479785694,0.6952895116597652,0.6359599081378473,0.01797670384946399,0.6292205199408314,0.32594018090573745,0.7674115821208459,0.1945980784129851],[0.7118815389376357,0.6229854270152797,0.6492450676209254,0.18242873334580317,0.6657905213058131,0.7322388404690766,0.48962205601304953,0.3435583693277943,0.17322375230241235,0.29416131460852574,0.7585517952034705,0.41121271005533067,0.6986589771533924,0.735289498498517,0.6706868196418039,0.6700676552092895,0.6085920402395305,0.5180535391394393,0.20386035313286438,0.8359473191834131],[0.9549788890378434,0.46715438428816297,0.9245739807669626,0.9880346469688177,0.4864719943341042,0.7198682662749687,0.6409145314855121,0.2425195196807323,0.05614765487923241,0.45428820495096767,0.7814608974483468,0.328631969435903,0.7787499467693206,0.6517056483236964,0.6916305247812355,0.2900260706098422,0.470646435186186,0.1880697240247128,0.2516489175181319,0.09805304223056686],[0.13423793817028387,0.2163032097099198,0.5786295271483203,0.442386897156687,0.2716007223142508,0.8538901979597353,0.5246447375151464,0.9146472841630777,0.6322656630320164,0.025471844598142307,0.9052061771953812,0.8503140689672098,0.6325657983252813,0.5340780846162017,0.45386755185221334,0.482531348851495,0.7638362280255028,0.5128787703115121,0.18250420472839182,0.06701401582953286],[0.1336625507607822,0.2564122866606384,0.3703794390109125,0.8845676919317045,0.24430548755567463,0.3232065868424841,0.2285542487362384,0.5448269823320107,0.6147449623685971,0.5314849812592175,0.9428195181926013,0.9854704573010418,0.8306480700094521,0.7991902219924961,0.3687317212146164,0.5781878360387583,0.3544429705699074,0.7786687292502645,0.17839451630999928,0.2223382800087502],[0.047920189452902676,0.6067608798712325,0.6847674936131779,0.013295040506751222,0.5105700487143655,0.37933704771997845,0.7865331661823923,0.048112931078670526,0.05759437504171697,0.6178049167513623,0.5898060774881687,0.8244682225380501,0.5904215513742139,0.9403834120196713,0.31809694938973365,0.39996297827670424,0.9681211731728582,0.11537375850434256,0.789986756132354,0.021337340367231488],[0.4867829844152852,0.160334290621301,0.5968844696535037,0.7922065703136715,0.042381456303673536,0.17049727205991033,0.3457581735386644,0.2606829865385605,0.38555549201013,0.9428309338211027,0.10918200489143567,0.42481646649245663,0.4579495441754312,0.28473521079257946,0.28293642653381834,0.7104571185143342,0.615486965797963,0.80657537933849,0.40697175802849117,0.6045768064400796],[0.8857163778689329,0.8443019022820578,0.9116229246499598,0.2735955220776604,0.9757127608414778,0.8100621171619883,0.7889116499204772,0.664227028939486,0.9736026139046241,0.4427319634855508,0.7367085186671625,0.694835062228751,0.7274471283181243,0.7464355178858716,0.19694077329878912,0.35207044030835427,0.3944089159093868,0.7430398177003629,0.7119230162049183,0.8266988811310049],[0.7827487747325294,0.5941132018016225,0.14714951675769367,0.6327461540477178,0.8793180979647295,0.6403108761219366,0.8877139000061868,0.9890719577741613,0.36201818836306227,0.718823900460894,0.5391594599484952,0.4558723646940023,0.24506973711861194,0.25099630407601237,0.1912728410247716,0.6288538363689626,0.149212034710241,0.4327587404207097,0.5228665744867502,0.4394697876451904],[0.8478309232044382,0.4443059725979831,0.09117545110501654,0.9823555503491943,0.8380839192390085,0.6568426156978798,0.7511971483924353,0.1356268857597472,0.7605964982211113,0.21359396287785323,0.48919660698249623,0.1844231335377979,0.7487092650455479,0.251015202902198,0.2581442501218589,0.11703790235349308,0.7161943278245942,0.2999277381652603,0.5179144129379281,0.33559868621969846],[0.7692072336457886,0.23195398336412124,0.9320178100454638,0.3249131753919135,0.11177458886493563,0.24549912815863378,0.08246211048583169,0.46936395637257633,0.2552461963089996,0.8783251235559788,0.5167860478157434,0.2387010797547006,0.45224492330684257,0.20207438669761582,0.18515478840642008,0.3046433407307751,0.1161354354735678,0.19487458617267284,0.9292859355355134,0.6634665820035127],[0.9126806101881203,0.2617100026384281,0.8498730690849052,0.36502735071690423,0.15131108150003592,0.7986129580041129,0.06845712922549514,0.40675578215626695,0.8129283751414106,0.614841226937579,0.5177043814916993,0.3565612430735091,0.0835547137802598,0.9811525463151808,0.18127825219054747,0.26020230547652295,0.24119744724472542,0.8997825785519891,0.7584146248690598,0.45818320345054986],[0.946314573272822,0.061727713170712906,0.8857969735972191,0.06921878897439598,0.3933080820158725,0.06292478080895991,0.9889896119225315,0.9061017124505897,0.5831029761413066,0.22348768251828063,0.28124217069351987,0.4505524987359779,0.3263245788424988,0.030887627326241902,0.6531308879547919,0.6111593460114353,0.896224489154464,0.4773169593033414,0.3478147825624201,0.5112868392594115],[0.20080109107792285,0.6230295447882906,0.7646322251343584,0.1603924791081783,0.3220155532826226,0.8604449597790707,0.5054211136611454,0.5311999137439958,0.7179600331122845,0.5763349589169,0.07818817271234277,0.797882477625775,0.9143793165034984,0.062211688330995975,0.12882476132839996,0.6979356981633308,0.602384453864235,0.38486665899231093,0.538463675961564,0.6992717966410376],[0.5043869326433107,0.14738455814293625,0.09764730855062437,0.44008156048461405,0.914427062691857,0.5566235912143239,0.3610556676374921,0.9005320461306148,0.3908595130553593,0.5089635513156877,0.12416934401614677,0.7326529266089935,0.6962968980008413,0.7883591130021425,0.32868748715920815,0.437332154684868,0.1749748772966544,0.9552147785745694,0.09435580045972498,0.6460330376013111],[0.7011522466738825,0.16458174417796007,0.36801674171388005,0.05226403542723361,0.5554760924349081,0.9850393799671516,0.4312872576857157,0.9802080559654777,0.13370091533278325,0.3946052564024398,0.8939256706475024,0.8691615720243226,0.32711974631238855,0.675038372092965,0.8784369681266349,0.7615399168301632,0.6259066729942591,0.1595241022688221,0.0815426387191522,0.6123297362202298],[0.5002701523753259,0.24327592653685468,0.2969143990598442,0.39424543365738185,0.49561043508005553,0.39245378970664424,0.38954583864424724,0.12341815508512587,0.8582786098902363,0.6069710001425324,0.15318014090997162,0.42539691482037706,0.41838159378895456,0.5986084609193403,0.6066922254923449,0.6423176942401672,0.6939449961969313,0.1112869652064361,0.3088237565613558,0.027000862789218913],[0.4555486818387753,0.4308414762736816,0.7296403915758891,0.17377460767570393,0.6288645679830007,0.31056031397154915,0.3842781453135052,0.714901125124025,0.08011708760210381,0.34592723115253926,0.3934967655368588,0.7114343256146354,0.20523992676928665,0.9384647338166537,0.987806713738275,0.8125319380036542,0.30371825143425757,0.6605893209913976,0.09148507106397438,0.8638537293923804],[0.5156730138350683,0.18291038299339002,0.33086822837046853,0.7947278895982153,0.8628222320785055,0.519319119195735,0.4807052703044597,0.7457200516221941,0.8196658300681837,0.7595498761479041,0.3867394892295235,0.639087246377133,0.8502127101055091,0.1587254213664712,0.39037395141266384,0.0654865061977594,0.4106997399736519,0.7668364422402759,0.20308787455707572,0.5410494081018961],[0.045854018753390596,0.889696990917025,0.8136046010024424,0.5239210079513246,0.7016712560525108,0.11183784157148172,0.8383053064694231,0.710956300450336,0.1275680487905789,0.9710754994164019,0.03207983532231774,0.6259406453409181,0.1783198968060004,0.714872496235146,0.07899812888940339,0.0894788651862538,0.46696590575186964,0.9841292760938747,0.28098591497523817,0.6102775975413921]]}