{"n_weapon_types":20,"n_weapons":46,"n_targets":20,"weapon_quantities":[3,1,3,2,1,3,2,2,3,3,3,3,1,2,1,3,3,2,2,3],"target_values":[38,52,99,23,66,14,7,96,13,66,52,81,55,70,90,83,73,17,17,50],"kill_prob":[[0.6637822750922475,0.11132210189731359,0.15695781034184014,0.6313029423659275,0.8613316881687436,0.6572078553627657,0.045480717186954116,0.9610242587485165,0.14671676288812016,0.23791098888143994,0.9654679362666297,0.7656123367203074,0.9278451467709364,0.8004872989518691,0.648699785503136,0.2888619388857459,0.3303438128655349,0.9383256515834824,0.8534131038325317,0.36230063947347996],[0.37580206926828974,0.30174050247036704,0.3296075397725039,0.85345411696301,0.02029671945804991,0.4373315686873342,0.9339828849573497,0.5417836280791527,0.4514368743410254,0.3161224086055963,0.08243437726466575,0.2299967484669626,0.09864924173813383,0.1341654411211197,0.17024621324374442,0.3059888434425929,0.020796346395624752,0.9411410078813828,0.13134271082343507,0.3854858949123953],[0.871937008520485,0.114436610786947,0.4839321667190384,0.8378879255905678,0.5558233715534573,0.21613672351430485,0.7307993407843297,0.6777142416101577,0.3649421884159858,0.055369258349747645,0.017707396098172023,0.8188850254646282,0.3251262143278872,0.14501450063378651,0.5181802016397224,0.9124166298105882,0.01831124723194976,0.06502066986288618,0.4187040339333709,0.6724465886199621],[0.4765784495917092,0.8895974696960965,0.05320286442672858,0.3433380522508687,0.35432093160094635,0.3433246814666149,0.4879321938809228,0.7847655042907182,0.321524964074761,0.7395935424995586,0.15353616185348998,0.5595103585212713,0.3775862651522342,0.5384265862496592,0.11559475536480443,0.9443935898256903,0.8980898344657423,0.8198683782048164,0.8849271669202907,0.1537541127778564],[0.5036473375592726,0.3215509755813929,0.8796382224780754,0.19564892884947713,0.2255464480391329,0.6829801672279107,0.0971216659059148,0.7277198333783069,0.2727647425478399,0.6577166579618045,0.8655770306334473,0.6074191457702908,0.21843005862038684,0.05818221502843227,0.05372169226116455,0.09703564437372775,0.5782215542203216,0.35125349695983815,0.24824483784798018,0.2249204266412474],[0.9396099012650371,0.1264402443742329,0.3087181225572016,0.4720477167788093,0.010440535552770304,0.91253412372621,0.10711661894490176,0.678821188672449,0.6262881676192386,0.8028825780026425,0.6483599759509094,0.7639996688716599,0.422823636612757,0.4889304046605908,0.697628860121131,0.56705818663395,0.5113077792613855,0.21144723793345835,0.2629460955902479,0.36132729623820564],[0.01909869771503312,0.4190161805886322,0.01271310624863456,0.56371512720291,0.699948193592902,0.5609056589828239,0.6896495737407784,0.010012905185083328,0.06825313381862336,0.6944931920580442,0.7968421449976352,0.7133475394716066,0.6597519977024806,0.7032350105353288,0.7347981272802424,0.7198899484002179,0.733248308134573,0.0825393132668772,0.07200612046473222,0.36389754436485017],[0.5270447802578198,0.7573666728432932,0.33801366241519226,0.27961473510096213,0.7758193419561589,0.25435011442491506,0.8144245492781741,0.1835908787256378,0.36228405241502726,0.4030540972378625,0.30352023836149,0.013289775609272393,0.24079907266482292,0.3409004877012962,0.3173523966361295,0.779844386547663,0.05642040728574355,0.39116972566213587,0.046765146467852424,0.9220346148064291],[0.7844052482904744,0.9725183672532532,0.9019573210620981,0.3194965166737627,0.6877517440839687,0.31042300572884024,0.8804469641710314,0.41253781256799454,0.3783697910661475,0.9057873693486668,0.8300054818674573,0.9570852822970155,0.07515832386295791,0.2484721004780827,0.3048405929097048,0.4258650197356668,0.4736674450295653,0.29564297950540325,0.7846414146821279,0.22877926159535536],[0.6925869670331308,0.8447329492802554,0.6016242743763945,0.3570757473749644,0.1941334173527183,0.14165927051562208,0.7392912443660804,0.46974935763184567,0.055393160144020286,0.9741627168037679,0.6678771193292102,0.8372989003984377,0.43942489789067124,0.9463298483918644,0.20553452050564472,0.1914334004800398,0.8825280400749517,0.8838827227256135,0.49903909578906136,0.13327062824689906],[0.3091121290392065,0.7490692912737783,0.8390720698412774,0.35070165278992077,0.07000900818053048,0.662412147941325,0.7347071006095277,0.4255343823464187,0.5814356593855119,0.9776240675736015,0.2500986273724662,0.5715181399232658,0.6087412052913896,0.5481250521039739,0.8617469667849198,0.602907381283674,0.5077322219434641,0.1305547261279497,0.699145015307557,0.13946521426480638],[0.03603849549693919,0.488760539802193,0.5709963667047777,0.9890729801464023,0.7080802585661807,0.8416185138230258,0.3494602782501402,0.5087363889283681,0.9647836108486184,0.4190407810999207,0.8011446163063362,0.5254693353896062,0.2294826144994628,0.5788102644666652,0.22370078780291508,0.012966450078226305,0.2411780951638764,0.19928095570798857,0.37350275365544505,0.8808249657331023],[0.3900960121267023,0.8382838749411713,0.5545007597289496,0.0174624101381156,0.19496197864515086,0.9226524843038756,0.6020899772737641,0.9209559214008285,0.3139176198973838,0.712231130717088,0.7665846566993146,0.9661856106815303,0.027812953505581488,0.9431924708207813,0.39375841325208183,0.8312325576299696,0.5438186598566622,0.5633565521726981,0.3621903304227211,0.8219031385706336],[0.2687332994210767,0.4923965584550343,0.5589710087921259,0.7376706715589386,0.4722026303007063,0.6766772408627039,0.48558821442101585,0.6561342242194228,0.6706606066839852,0.7052527293186589,0.8168337979831195,0.539908109740719,0.1994126005924954,0.6760480247866743,0.08557572182231862,0.22457592201196036,0.7863143780915032,0.43636874144346466,0.4980832842981927,0.9776489801138595],[0.24046903613193957,0.02916169454521586,0.11914515732748722,0.24961182246761301,0.7214016239085398,0.7703055913450667,0.5641791749338315,0.25994547072419816,0.5213070566362872,0.024658404815255535,0.6781649238869604,0.6120116043009846,0.03136060859391271,0.8106714009601397,0.7581580044588794,0.31205927065694683,0.6326691176196598,0.5994631041956737,0.15031667364233287,0.19939411509207852],[0.6795420135035669,0.9248806133446084,0.574758634284778,0.5664568826483539,0.6437480608097618,0.44176673417456624,0.06308860263131687,0.39857376979020326,0.8922471659155319,0.7988478643837176,0.9188750972055241,0.15977495342976236,0.5058386018980529,0.5830335917166848,0.21572699979311497,0.20695083448359067,0.7763922739899463,0.6684148787111625,0.644243786078857,0.27164770882335465],[0.5066340357622626,0.032608554419541275,0.13734713154841935,0.5178858455055754,0.3134788301192745,0.9563563617585862,0.47205502880167044,0.09189287322971364,0.02748550031020617,0.7207527163707179,0.17807660328930763,0.19405612162495786,0.42533107818785765,0.26877937737039537,0.6142455381512657,0.4859786570792885,0.11922158944768546,0.7790460309512595,0.4273416773259631,0.6086176331975146],[0.013863485882028091,0.6238720327678063,0.2871928598903158,0.49448332834579367,0.30176619174486397,0.986335529749398,0.23622546841739106,0.9046024094594715,0.9096072991933185,0.4225806398756804,0.3079230532128891,0.3834148359608153,0.979552305643962,0.6164203027908539,0.5438846330642257,0.04519952371263876,0.8408861697890851,0.09212934669105502,0.05603291969369372,0.27936092439563215],[0.4762728329563678,0.8873831808043124,0.7842772231011819,0.20367950161572612,0.374637937858731,0.7746354593265051,0.5265505985197154,0.18100210318359766,0.39813409862476673,0.6234170884195127,0.963761161312658,0.6585758137592809,0.025871258986769,0.7009081110998776,0.25584751130808586,0.8549157359295385,0.38621211006161577,0.20562273699921424,0.4685882427800298,0.26009401482870537],[0.24110505872789356,0.5717965647580231,0.7619993454338618,0.8282552866766781,0.39971647306098324,0.0754676883250005,0.4842954984962423,0.43510584748781816,0.20303936928797864,0.8882220031212378,0.9646652879602751,0.0607122442724198,0.7898314522602838,0.6428022267827079,0.2662075330025898,0.6324529959171566,0.136070327849805,0.07801837813154733,0.9836192935512152,0.6336424612894869]]}