{"n_weapon_types":20,"n_weapons":38,"n_targets":20,"weapon_quantities":[2,2,1,2,3,3,3,2,2,2,1,3,2,1,2,1,2,1,1,2],"target_values":[13,76,35,57,65,63,63,98,64,35,29,81,43,56,82,24,23,6,8,62],"kill_prob":[[0.3016638136500219,0.6915687795512571,0.696712618503634,0.45635125846294106,0.5356691745028059,0.6240159205145495,0.4692328449240731,0.8698231938300905,0.0844158837447662,0.9702217962421501,0.042781893180115646,0.21393442877845653,0.7041416975612734,0.09326105415477866,0.2669292980872686,0.16089714546789982,0.7191001325398886,0.5773547234839421,0.07318903955622146,0.4609315506935749],[0.21433286945572463,0.9583446260227537,0.11575958836287087,0.5960940718567544,0.48221029112988173,0.5765228070584132,0.947362993692024,0.34445624026015637,0.7437910457468571,0.4485171476320033,0.6575463824310248,0.368344395378486,0.23257976114726933,0.09194403218996708,0.10971622629446025,0.9502417123882463,0.782687487281299,0.2500600649715871,0.5285642921007137,0.7099480698630659],[0.35548714396244285,0.4411882969965888,0.7140142811812522,0.23290522845807105,0.5258174712973248,0.21588640825250766,0.01301604899521549,0.6864584608537039,0.7031195624288176,0.9858082446249817,0.18739513550690357,0.7347887185644252,0.939008075875385,0.6416887300748837,0.9538777492606835,0.9845521655722286,0.7955919137361084,0.989300190531759,0.6233079701216062,0.4971145787614038],[0.9092835292828146,0.8243367246053054,0.11790983187686091,0.30666819386278965,0.26543221802138584,0.8481564261901545,0.23858044722066765,0.3079638770246131,0.5184128812098237,0.08459709697948524,0.9520050497851593,0.4912415210051877,0.19662504954865648,0.2754043230672667,0.7921220721454184,0.6313263505748539,0.46533350373892746,0.33496934004025475,0.8926706757486835,0.767113249486336],[0.7137497966028646,0.4470804945248884,0.971536947744616,0.7058688908505799,0.42515223048692574,0.9513410028568275,0.8878104966003965,0.7351658896734468,0.76165619918768,0.42515494970002693,0.5072034935575692,0.1977163922561061,0.5934883206231715,0.3725182173918906,0.3504895590589461,0.9392636371153046,0.17148776452031742,0.8233741124116758,0.2858391995879322,0.038082516439624986],[0.049653818232250915,0.43059394273415413,0.4553716880255042,0.3238461058754616,0.6654040134530786,0.48563592292289476,0.08263080500453374,0.35110977101501,0.10992347917290586,0.07165738001243714,0.21414049249749328,0.6965639519383356,0.692081612811213,0.85416134456149,0.7512909066405982,0.5347857735159232,0.31635984624907565,0.01569526526439569,0.6441947316620386,0.2939189238625499],[0.2550980996933596,0.9653290299587224,0.1807553885581261,0.041786045052408995,0.9404025872882741,0.30988658761530574,0.3955516496082374,0.08931620586455329,0.40598391016425456,0.9627768649531793,0.6901393234813148,0.47434834793653563,0.31132221309210595,0.3687230800954211,0.6090035869609945,0.25936106135320347,0.1589085749852961,0.6923041004647752,0.8620803815764724,0.8935081302523973],[0.8345901612404499,0.5299876880659209,0.7830543496240023,0.9178286171320388,0.032895337814991536,0.41385625335402815,0.210042969978791,0.9868334097160326,0.9209746894405108,0.7961422320544669,0.29996220902364235,0.943060219254228,0.03866543126090139,0.1942789123872241,0.6145362791463078,0.7871465778171421,0.875958236053259,0.3044984384872336,0.3929885090481779,0.45573085391467144],[0.0364343421632366,0.8566898679910601,0.34118944707845794,0.20529288468025794,0.4110131218379539,0.7063521074010441,0.8634972678059346,0.22106893689131013,0.17916070769468784,0.9349073084639363,0.5498751587802964,0.368456578612085,0.2053330659628404,0.9853428657544699,0.7148006013497205,0.22352760201362193,0.09943425593060981,0.20529669708888093,0.2527877518294265,0.11886393627637085],[0.23505834329946193,0.12444411083427226,0.38017706686883135,0.48647135398644514,0.4561792731292997,0.8226258669820833,0.25891547860801717,0.8793519474105793,0.8999603621582262,0.9506037177635712,0.1873635692071871,0.25083612331066385,0.621355631810259,0.14807380054098712,0.093908903729696,0.08222326779081879,0.6040266419729239,0.7985845791697869,0.2637079494060049,0.9248632093832727],[0.7860967977410699,0.08591119725776983,0.40915706595431844,0.07665456871357358,0.906890274637625,0.7379461015831924,0.6828142277476228,0.6790478096819145,0.2894788518578287,0.9248683720966945,0.9143211250559868,0.7346990331867461,0.46955160293035714,0.05617341617490088,0.03774512313429496,0.14537164626539043,0.5938493998191965,0.7921373916206,0.9394964450681467,0.18185483769062386],[0.28001732318023514,0.06301828131332675,0.9792662235432619,0.7752967776268516,0.4810998466062269,0.5740540481963965,0.56093092310643,0.2592735380802873,0.19168288040755121,0.3010362022896893,0.2522104788002269,0.5563775280670737,0.3120387497230598,0.7243658957833626,0.5665809381998949,0.5316184901057663,0.9422678917474616,0.3259613446727148,0.6325644659751293,0.010049614486880068],[0.7321851743317238,0.5024930504364259,0.21421725813877052,0.01148034530004485,0.7028050847236786,0.6594466894795624,0.6620989741499756,0.4387057266580519,0.6365113792545497,0.5699080943039391,0.24411714371904328,0.51839268063906,0.5143009387265173,0.8171504304687063,0.43481924221732127,0.43736372705095145,0.97471638184932,0.8865745954017544,0.2474402702428669,0.9020872327752938],[0.14520732321911212,0.8463232375652004,0.18965690919541697,0.42709128192039675,0.9742431986429727,0.10510795782118573,0.8329920635686452,0.4948392705371064,0.11877153845960815,0.9434415515229028,0.5482467407764414,0.8730282014858487,0.8617248031470157,0.024341891281883903,0.2695438894945192,0.34018314802088945,0.534166764630675,0.08042868964425909,0.3911875603630961,0.8083453611506348],[0.17972729270712126,0.6972509450848551,0.46112282119952824,0.07929101651855508,0.18382658431637566,0.14821011709917753,0.6173234893923781,0.09557791090516529,0.8165858451619431,0.800525948318159,0.08846075717836678,0.8804332537755798,0.9499776091626748,0.052598736217620186,0.941322976774095,0.2838729260018921,0.6614667019871266,0.18131943131222739,0.8111067326125111,0.8350750747292155],[0.9687745770925653,0.982682792927416,0.0843405536205075,0.654804329252513,0.2775852536092466,0.1330662299185223,0.1558195103407961,0.9277084941498371,0.6799762535784382,0.05945173194966031,0.9745454765831708,0.8016559916335004,0.31299571953771055,0.47144935973358654,0.7220444596180013,0.6725114441226575,0.46381928083795104,0.5121421026850855,0.05234352680810388,0.5006205795972096],[0.34344195388955573,0.28935017646545724,0.27422997627282225,0.6459679594093194,0.4306724683068922,0.427286360259366,0.16600325152444917,0.9526262968787446,0.22944767840154037,0.40798702246876895,0.1964006688961442,0.6990799953413649,0.43740617153163724,0.4153769402377395,0.8675929876812858,0.7542902527975842,0.5194775518313973,0.4692185959603143,0.9507033698411146,0.9473329213974122],[0.7006754505516899,0.7549449679567043,0.8911110499907395,0.9550225807533228,0.09062927094540683,0.9873920558211701,0.6989617706700106,0.590889957107795,0.4149037828203597,0.3396620958123167,0.7981260043534978,0.6513463554156802,0.20669106544506416,0.6077128163913258,0.14834277968703607,0.496937329976006,0.5817884850779554,0.6329703893291517,0.15235694592896648,0.10368655807775493],[0.2635340026558507,0.6048892355115212,0.9230491576915043,0.7735410602823465,0.7407963146689789,0.3336276976665616,0.11947323217965537,0.884100617997847,0.5008364349162961,0.10850062928016695,0.5342693555148356,0.6719020378119511,0.3235020290102917,0.01906395304996311,0.6191748229048069,0.0492936080608953,0.4341374250537635,0.8182797235643101,0.9888706796956306,0.3728968557044841],[0.029724387970193153,0.49304503989999665,0.2807498894833524,0.8849195133174086,0.70727308732114,0.4062368034298334,0.7567876662998061,0.3443817515444738,0.5213283134115141,0.914329574203187,0.20615412091228888,0.31679684186857193,0.8778815442764203,0.46264079310420353,0.32153105210010724,0.0465526967802617,0.420573976835163,0.500589089141433,0.40820620997466556,0.28191004909514766]]}