{"n_weapon_types":20,"n_weapons":40,"n_targets":20,"weapon_quantities":[2,2,2,2,1,2,3,2,3,3,3,2,2,2,1,2,1,2,1,2],"target_values":[31,100,27,33,92,86,6,9,10,46,58,36,2,21,62,38,13,66,62,50],"kill_prob":[[0.8374473505842925,0.8968476747113706,0.4822549745460559,0.9720917878680972,0.08058034826585225,0.2808124369095232,0.4183770450004044,0.5810474801511607,0.5450111464869464,0.5666172285064323,0.8883257081564585,0.2820138881142399,0.8105166706768561,0.5568405430451061,0.4906806732642374,0.30342515711295975,0.3079874267048028,0.3907102740159893,0.7582402783376976,0.47719822984042565],[0.16075701155112498,0.7546659137959438,0.660112388157551,0.9402539930331437,0.5288258195871524,0.6513336996086481,0.4797436673059872,0.6771646041124051,0.43739472193617973,0.14509934916110792,0.9769495715731483,0.7159564287399383,0.6064533087252544,0.48179233518180903,0.7072004221448919,0.13423942369247732,0.32959113017886027,0.13220536374762815,0.13350459417624003,0.03092059397965679],[0.7507755468387195,0.23276245213267563,0.8253675646882933,0.8963458238804576,0.1751947384588548,0.7046867614892222,0.46109961392025967,0.9105819342579299,0.48472884992561943,0.38129640871392145,0.29867381664955683,0.8955490114235942,0.23165571734035764,0.8211604957772969,0.20030369862637884,0.6405289171684215,0.4520443269297123,0.11251650151634578,0.1334143442307113,0.28587896691735626],[0.7613186512549888,0.7243612022203387,0.21101784637922,0.47667815067556185,0.10504722342345534,0.7116273604595387,0.7874359943170528,0.8856417600362865,0.8780310470623703,0.3411344610030858,0.2594431567712223,0.8886575872514414,0.15308683532311967,0.06815719025877413,0.317958118464279,0.7550940430363695,0.6903157963123542,0.9773141734463193,0.3623428996857769,0.2803303685597418],[0.38064345706002806,0.7766111362018451,0.22001395209871533,0.9387930245615237,0.5122983458791012,0.7774820958589803,0.8207165879942383,0.4792388149909951,0.7365439527945351,0.36740043745675166,0.8047094539877402,0.8174249484450818,0.5648817030496505,0.2237848595555766,0.9608187116767574,0.9380402727717428,0.6174241336877501,0.9742033807654007,0.502740370463407,0.37797468742751184],[0.4612929554542695,0.05498887782179982,0.5481394112275346,0.6629077917519335,0.11732957425603605,0.2604856202622463,0.7167604276537978,0.7877183747916879,0.9761497083575563,0.258159212172936,0.8346106822312894,0.17866090581188324,0.1382608274906696,0.7246195095521082,0.4469549240123309,0.788045028380061,0.2869134994277079,0.21892999955770465,0.5478227689465892,0.12300426517751219],[0.2831742297116664,0.17291227122912287,0.32364634789699265,0.7601887317345172,0.1283274904636893,0.6096315407879433,0.5830707490735618,0.5373680165839404,0.4845626514040903,0.6605833921045009,0.8447744423466409,0.16879590558186416,0.8078486959241611,0.0702461314571709,0.48248196084585177,0.5112362104730424,0.2036341149818793,0.09787964324940673,0.08341275595273365,0.04648930534242225],[0.5721211636366028,0.16236511834351378,0.8025306544413424,0.8909736666127244,0.29655999699611396,0.17117710137913447,0.4114196381076812,0.8739387972588681,0.4018227996744076,0.11616957009335047,0.9749747309072557,0.49968196179488616,0.3455240417670935,0.8857483740473208,0.9188554239952391,0.4968683771784829,0.31058206591753973,0.48298114317091356,0.22489631214678338,0.4786733359801527],[0.2348424835625825,0.6197587058569407,0.7546913974482864,0.9600392325100437,0.8357190599182961,0.09441214791042257,0.2172924223428257,0.5310580207211314,0.262439174305219,0.024077902941634567,0.7496951309128,0.3606165674358194,0.0747780317714646,0.5086596881921835,0.9676645388854226,0.6749678538943058,0.1655907909778251,0.5140096742111033,0.8936880057956158,0.0631587936130466],[0.6351353367496378,0.7168475299852797,0.6999314653282189,0.1571670101761431,0.8991329610809562,0.3258259060588112,0.060707182923184985,0.09155651579289766,0.4584258341637046,0.049182362037466176,0.7739614674128983,0.8585070358509116,0.023105711520878765,0.8038132332606989,0.9715823397174098,0.03976079788363448,0.7204678997272241,0.9891121972216843,0.7911762145680752,0.5052498629744349],[0.8771265126316622,0.7037737764044851,0.29660261745118843,0.22983338643572437,0.512293504850528,0.3755307135411782,0.3328786309918417,0.18436632039234718,0.838380283108264,0.7009142106319791,0.33469504026556857,0.24291373995348306,0.13557515474846316,0.12026269557890583,0.622968621512748,0.11664083450558685,0.9510083714974279,0.2835523995798255,0.035288763370194993,0.8482231293663212],[0.3702356479332942,0.34610656531546047,0.12624819958005562,0.6572136170545302,0.3616175041576448,0.8165346389753884,0.6280059375575267,0.872314105542087,0.6201099348283148,0.7736926651253537,0.6926084992066307,0.46334057614785285,0.6849005121213402,0.6603446772071765,0.01656954752760196,0.6946651799532946,0.26691631178638897,0.5409863655600302,0.1191057406426378,0.03256205154089329],[0.024817314600058822,0.1650306221254772,0.0294946564779486,0.1397494724339981,0.5579901332517948,0.4022673749415361,0.9711331601388403,0.8025204730128581,0.15384023939885785,0.41845360559183437,0.4323513806320543,0.36487444337226,0.49567798506202543,0.6664770545365559,0.6380719213464597,0.3599571808508823,0.7009447106855521,0.29369569069016394,0.8287584873418526,0.9550846023987452],[0.2988419213599173,0.7789947817150227,0.8071572877805727,0.49094810704418135,0.09599236541998328,0.7804582522972984,0.40932867346786944,0.21390984999171705,0.6241172279095638,0.4381993435671489,0.09582099970657845,0.9740011364853729,0.24976863283926243,0.5107457543700527,0.6639424964964032,0.12278757711071771,0.7346218919835437,0.645323053242343,0.4938778393606657,0.5277633918353074],[0.9456991268915208,0.9026798805235847,0.11974365739386153,0.3713770120055625,0.5164360031342262,0.9115763289837459,0.810232062864965,0.38875304893452584,0.8784861974004325,0.38059463971948093,0.2757690770882233,0.6076947740264474,0.3587837197185073,0.6199594087241338,0.41149039354431993,0.7898537568343443,0.945224753906435,0.27490299529400036,0.5098098825593959,0.7199437865965368],[0.16534871330300668,0.789988025115821,0.5813125224125187,0.15674571343383986,0.8608649950680057,0.4281672343352932,0.18308695900615582,0.20148843705187738,0.7797962717709984,0.9270018373732787,0.3806849238090663,0.08725151380108813,0.10880661786478023,0.651388939009974,0.3733366763778821,0.4276088673988777,0.3403064305854701,0.46622779466978653,0.6406784638224634,0.5403163806266902],[0.17095659566844804,0.4914628789049279,0.46140079792421473,0.5448225030925682,0.11845663041957619,0.1604565805818805,0.529639294545788,0.27992634169864067,0.62645105493712,0.375296355025577,0.22632005271212707,0.6532668925607817,0.39602951624966415,0.16446022109953012,0.8026327996848842,0.4331235377018022,0.9067689329281906,0.19953290994509443,0.8688232299143437,0.8095917712850877],[0.11183750760646623,0.5310476893373111,0.6506092029435179,0.49557255083270985,0.392457822502217,0.9349652848164296,0.6968044425473752,0.9565524800132011,0.8393057046361277,0.8107887702518326,0.7211196444940094,0.6431576573023614,0.8791248492901146,0.611141577209802,0.08378263290668779,0.5809122486134355,0.1107784485550392,0.9403150487199781,0.6437355965792605,0.5545333577450896],[0.20386471007842602,0.5154517088772848,0.34568038375275534,0.6718784446484681,0.60232160151017,0.49932094820691747,0.25768618141546384,0.5252282677930991,0.46246294803032023,0.8442405599130791,0.8864505945355293,0.7540641710262411,0.3232471574800647,0.0473277202097906,0.916829240059001,0.9821720066254959,0.13448034707605788,0.6819037033075384,0.42664360477992597,0.15554999674229789],[0.9881392847462557,0.9245642773725387,0.9729566987570594,0.1510183292827422,0.4920860348165347,0.8878586800549367,0.6716552768634599,0.43590976722575203,0.5163603560619862,0.047829572607035103,0.6092868332780064,0.8525212063662568,0.012737754010456265,0.16676538409476957,0.5176303195652151,0.5597450395004484,0.3464852982630975,0.03737579039464998,0.7387280936388421,0.2480666158802401]]}