{"n_weapon_types":20,"n_weapons":40,"n_targets":20,"weapon_quantities":[1,1,2,3,3,1,1,2,1,2,2,3,2,3,2,3,2,2,2,2],"target_values":[82,21,94,50,85,53,61,17,34,73,85,9,8,70,45,85,7,35,4,71],"kill_prob":[[0.1636385279848928,0.8390300214238211,0.9429910645821602,0.15963981962978138,0.6880222844928855,0.5057144746253953,0.530869345195731,0.7023599242286744,0.4889656893497085,0.5983198641773624,0.23628299902314964,0.38093646455885766,0.857935543070072,0.11770446141541789,0.5956237557149671,0.19060132099019242,0.8396088059649045,0.5774630747764787,0.4049878070168657,0.25482818017878156],[0.43810780520584175,0.9484600794033075,0.5090251039487481,0.470099741065863,0.7413483372303029,0.3814661294152686,0.4288754708831781,0.3402087769401867,0.15790136022280357,0.7095330299185977,0.8655702956059512,0.8974807962579103,0.8731868792770241,0.452748126389233,0.28838486835913235,0.635165274608807,0.945610813667911,0.7225096352052329,0.4949515903583534,0.6850324030231792],[0.767087154205309,0.9108838761015093,0.757951438892711,0.43452674452318746,0.2781343880961744,0.49988403143499943,0.3316143857133623,0.9339093008340577,0.5078065265809629,0.47261520924472816,0.3512322937917656,0.6366188504857683,0.5196502530485289,0.13646794444029142,0.8618236546138847,0.36183257550092246,0.4339268613589911,0.21155371553030752,0.5523302434655314,0.6980139611800112],[0.8735420142134207,0.060575511672817405,0.9638652715053908,0.6997413871799496,0.28861271072328704,0.21038525991368676,0.300166160281506,0.8682112366331135,0.29556236973203137,0.463564711866091,0.7016232931573879,0.8645500664494078,0.655399739099182,0.7480470126037342,0.1798602603700365,0.869859671137316,0.28020479994574843,0.1358106007753854,0.9667194045338559,0.20760712694507777],[0.14391893067641695,0.6235004820997508,0.3224858865061734,0.14068222107688344,0.5990986948715585,0.7538055226777908,0.7873344067230135,0.16240234899202693,0.5557297265811434,0.8074048032678315,0.16786527119570155,0.21352860673526142,0.012363169483044067,0.5241414732673824,0.2007880629247119,0.7197577242123611,0.9529695785052537,0.21458037921908887,0.646115071528262,0.21759777222934115],[0.027646721800109922,0.7533831103302931,0.435324583117875,0.93785112428436,0.5336001645005375,0.16433321159617031,0.4507789529613323,0.20883395890989617,0.870468687232843,0.6870851172697743,0.3444140285616095,0.5272639163509976,0.6660905844487679,0.7772005623125168,0.08854426567313085,0.03206846515534185,0.12216364322649201,0.39709638396911173,0.46737247788045017,0.14373239760957143],[0.4129300751416132,0.4427903306345939,0.11690816440393695,0.9083267609918193,0.5971630090359534,0.39076481984715644,0.5067690398027624,0.3179135367394306,0.8472444110117011,0.5735147407371336,0.4949978981056726,0.9026676950336857,0.8312201042693863,0.8065458535973323,0.2310970201472073,0.16006064923898966,0.6862945893184927,0.469269411214568,0.6800384586977066,0.7554146874688941],[0.2994072371978559,0.2889574244603525,0.49101493493302,0.27807832725596743,0.6639493704958755,0.7417958369631025,0.4725981671321795,0.7193237702866704,0.5102288176893607,0.708614287527669,0.23046888283981082,0.7340661850143811,0.7108215429878774,0.2712735929081941,0.5548515712193715,0.8482054345169135,0.2545321940329902,0.7312601883343828,0.9448873828039493,0.8589170813624136],[0.40348968102667065,0.6050635783283757,0.9819347315676498,0.5670686631482041,0.12272705038175924,0.05452213968318569,0.7845082195491478,0.42515575889380924,0.25187663281661055,0.35071859004772804,0.7522254092155233,0.4659423889211526,0.861129502675359,0.7302270770021453,0.9645338674365166,0.8807336914540465,0.25945626755028894,0.6558780481465022,0.030132173837581003,0.9812845899410063],[0.2657859866265446,0.6614991917511124,0.842170548775574,0.16725536947341202,0.8409217559542695,0.022000752475005977,0.44313759532369923,0.4725968700805157,0.37660889899356115,0.5846570513744898,0.9065455017285794,0.33044933201428334,0.5776746894230957,0.8699132752284564,0.7675354871993506,0.049918599509386076,0.933934948845109,0.05571396617344048,0.586983304886843,0.5738465479088615],[0.7806624260882697,0.15547419081199812,0.1857829842214497,0.7470647940835933,0.1565146573633926,0.47005622452432677,0.7270151284067132,0.6482170902070276,0.21639210239083329,0.30788105351236383,0.9595954051762201,0.44969720775178623,0.05356832690765293,0.225193201477006,0.3455863878686009,0.9894996162086942,0.30663771652738026,0.03586793180689407,0.5126631460042292,0.09193327727449752],[0.27858624672180743,0.9825355125720603,0.7005457485515513,0.05965329669721295,0.4497129842199601,0.1782047623762723,0.13048576327407885,0.585324105081826,0.5055427718474114,0.738009252629198,0.8844601036672225,0.2517482202830287,0.9145321469222891,0.5176319371030136,0.26365821982141485,0.8388701213405572,0.044819319668442055,0.5583191899235014,0.7171891043293673,0.2843781334130204],[0.8562220792119535,0.24547887209082517,0.8330767970771044,0.08697406455580808,0.16672904003106268,0.38336489222387,0.8469744025422157,0.1516936578242468,0.8679294749983567,0.23513689608053787,0.4534582306226382,0.355679716175131,0.1257637020822331,0.9354235447287573,0.4394147249371692,0.6865246361290706,0.5737623231307505,0.5016815985151633,0.6142460710857119,0.8903754600783803],[0.6953261281802273,0.5318304778661167,0.6422822414526568,0.6042663948988412,0.43445878333658683,0.6222687299278413,0.4446984041608803,0.7524620903144741,0.9595342338518398,0.9506680503472846,0.8143210706964809,0.5997237191182955,0.7443453483093257,0.1844873293524033,0.4794380881676441,0.26215866969153706,0.013425081487160153,0.9574028231786345,0.8565715906148045,0.5134246461005283],[0.25906924235662665,0.689115705995252,0.43610506285892897,0.7972825427542455,0.9895277479773303,0.3521009553400727,0.2495149826084868,0.27203483901886305,0.10147932076705851,0.39616527257015227,0.02707655166257112,0.12210764625325009,0.2762618323272169,0.16666552039129112,0.7275159175107108,0.1134926950505423,0.8586742229240342,0.2266922136367338,0.11641880463213633,0.019904511542633355],[0.7109009042357035,0.26148441101977116,0.5093086330350193,0.11938372573871263,0.9755900047715242,0.13287704428855618,0.41368740810904064,0.8446165122877766,0.2499892095107987,0.2716323496392499,0.8023295255729183,0.27787286404817246,0.01281388487291672,0.4293554460801508,0.02228450548490549,0.9015964381527795,0.6389769596956365,0.5813539808968173,0.20755772064511585,0.6959472617200636],[0.6737095508047788,0.06925430244685764,0.873229600194361,0.5778250956712094,0.786617543417838,0.2676557906862673,0.12960684375838505,0.6984005817230489,0.7880050325300588,0.38831286294690553,0.03321842980998502,0.8118889441607873,0.21197202820383185,0.34225130305953844,0.6256663876215877,0.10795562482707666,0.08055585081569387,0.035189696143768774,0.9083070630346664,0.3151550893832825],[0.6574456388147892,0.9794505440373873,0.6660617776907046,0.5245928999390564,0.5205015348468938,0.37937880548644065,0.5977840628359836,0.9496155617547902,0.7822831530243439,0.42574208469257274,0.3357959324518826,0.875860899030659,0.14307010911406193,0.8425935518250157,0.25997522611548574,0.7113166510603994,0.8000961691593335,0.47745658691820314,0.19843829661942886,0.8378723885931278],[0.37015817815224844,0.3242666552728689,0.5098158587063708,0.43638451628183933,0.6793911726979497,0.14445385220521206,0.4369758609669155,0.8838677750006999,0.04534145525093094,0.4581915664902599,0.657321327057506,0.8799568653011456,0.5919105023945123,0.817994585814542,0.22823719858010072,0.35575324750330234,0.9332896284494818,0.8782556108308326,0.5567939230349305,0.4759785710389483],[0.4520460436253693,0.06761386833567572,0.8845295618774356,0.8117865182470287,0.45712612183330975,0.28385117326508397,0.34606219429799995,0.13069737415543167,0.7173539464796082,0.5555364594237605,0.23942135436839704,0.6205454606361359,0.9696456099698751,0.12994723276665562,0.4593153104128212,0.49427564450368416,0.17346126954732638,0.5309486067773684,0.6038577133771282,0.16419764804212542]]}