{"n_weapon_types":20,"n_weapons":38,"n_targets":20,"weapon_quantities":[1,3,2,1,1,3,3,2,3,1,2,1,2,1,2,2,2,2,2,2],"target_values":[69,21,8,81,85,11,10,62,3,75,92,76,24,20,69,7,54,45,75,21],"kill_prob":[[0.6952853928336592,0.35955894366231256,0.45036686221246947,0.12121523443967758,0.5661992808172279,0.19181370583926918,0.6754059476966383,0.07974544609693582,0.9663767004356969,0.6808364390140954,0.18809497645568765,0.023812752552618676,0.33777363436111435,0.15975699877116326,0.22404310645715506,0.8652952532691317,0.6011405668498325,0.1829284999683215,0.5555262126736998,0.26066504035649335],[0.9666768470709274,0.042102085658421357,0.7276720537244588,0.7675370856675987,0.07581950867854625,0.17843197694672455,0.3866205259218784,0.8607917299984865,0.5362599396501294,0.6522007130071447,0.7773525787477058,0.8215603325707695,0.4767588522220074,0.5086172759980117,0.7136457399460239,0.26807551156091386,0.8473999416382139,0.030371087986324735,0.20185617016553017,0.7941959441757731],[0.3434530476548188,0.15683617603845984,0.19301966059717526,0.5301412738973481,0.8392578987580881,0.07923770145568838,0.03987129094215641,0.46586477312010627,0.947063666752562,0.2834296073458439,0.9499871282857073,0.8799275530582014,0.2874723748597609,0.8106091029710238,0.6821499565174424,0.511585941126662,0.4244578201820172,0.8091927008069476,0.7872178440411208,0.751797609223708],[0.9882908321909899,0.4789422117225562,0.8007845182635175,0.8552287996438089,0.21737052982461028,0.05122511321199976,0.4066534341448081,0.8496019507480405,0.29332121557062,0.6960099509860755,0.017201176282977428,0.358257143673833,0.6132063608629882,0.13716204627089015,0.8886747739044852,0.16314849757473768,0.9015976741039148,0.22206152250931518,0.9843931004375239,0.6026537390296791],[0.09265799654954504,0.07397168978908665,0.08342326233427938,0.5880948923451328,0.8033876182808375,0.4049034869350956,0.4459390440962246,0.5875019495913355,0.5323797926906286,0.6843004984392448,0.47235000575976605,0.7095834713627862,0.9873645276957014,0.35329188540378964,0.021971153657043788,0.13311254464062167,0.5524439012872148,0.347372631401759,0.9311829418308927,0.6248971683052353],[0.5199480822461585,0.7920787112465784,0.26341807362811326,0.8133437694767125,0.012999882766811086,0.6172838148930033,0.9260620080248634,0.7821027529931927,0.8465615083044121,0.3990156012680705,0.8177541671781238,0.5498150317296613,0.6161694317731349,0.06773703254908743,0.20752066323090432,0.5499451272032815,0.0676250366670277,0.736617870455959,0.8332558683514635,0.9119551140689087],[0.1097330899962098,0.930925843062344,0.07626760747670908,0.47457509160925904,0.8334460002152555,0.07890491579316625,0.02786645152920396,0.03444876433251767,0.5110448346473129,0.8053648097047297,0.13487813765114764,0.13211804899794982,0.5671759179487958,0.23960968879568523,0.7256094604419764,0.9406426804132149,0.7607127384684048,0.8696318590513381,0.5191943364202369,0.8256729181331827],[0.18924512030694873,0.07698093258771484,0.6528340479221922,0.060913453682894816,0.8846317907568869,0.6877230641652702,0.9431567109007337,0.3176089231869709,0.48643514301758844,0.7368565577442165,0.24792340575160415,0.5410118437094336,0.6562779295053686,0.9692324813581004,0.739809228357537,0.1257682332734925,0.4758267823556441,0.5869953673297806,0.1536906800070657,0.4333267358414568],[0.28832570000910657,0.12645099141678545,0.5118010947941855,0.17232041939209852,0.5887266604140089,0.17630299359702814,0.7191230251307646,0.201336790569077,0.8883593987606265,0.035685169417832674,0.5215574393048212,0.32370267056881596,0.230574995259099,0.4721707235818451,0.8351791455977755,0.9069716614161157,0.3071836457848888,0.16115874965316984,0.7157376386149811,0.5803587509468685],[0.2069958257040087,0.7550898723256878,0.5185518265372983,0.6503272955172594,0.362152253284121,0.44031561007632847,0.18673525640744335,0.7513855502924341,0.16387109766875604,0.7727365428560401,0.7920476977868943,0.7416689447740192,0.029034332297565614,0.2776705483545401,0.46897098793597747,0.5936334911424599,0.9108376573816692,0.3780938526861282,0.867522852398475,0.17016070237409983],[0.37385487775845444,0.06123637060489654,0.7376395052345098,0.1576397022842547,0.26187961533548865,0.7697285871493506,0.5340223830742558,0.023693265030093315,0.012190500652449192,0.5104474191050992,0.30885640347421095,0.18670521707527357,0.6113220589617887,0.23386774228307855,0.590363006691249,0.3816806315745474,0.19301129331639394,0.14534264311137368,0.24212339106474232,0.03923546585272538],[0.3119644227955431,0.8939155963781583,0.8247348833653677,0.3745636815852657,0.5743169462101677,0.5660133478337773,0.822162788409838,0.2415642994866263,0.3004597390171521,0.3057497250706993,0.05005258997624085,0.31839410602340834,0.8703555010562468,0.9037478946200513,0.11744263885317938,0.4588973707860628,0.38372192355588636,0.48957201269092016,0.5536251335775036,0.02985358481739115],[0.8353974029627376,0.9641907917098717,0.6503367157635694,0.6572431937235018,0.5274202606740943,0.33758794348009413,0.1559982676959307,0.5823820758421296,0.05404257543902292,0.8180125163380364,0.42249346548120315,0.4164591396787353,0.33062744130638766,0.9599668109246147,0.18141861371530446,0.15828166504570695,0.17222087151412957,0.6553569331937488,0.9820574123550064,0.2407656669937196],[0.897505049126138,0.28304422802400897,0.6449419217227942,0.04968897289470037,0.4957408950846652,0.6514785669534021,0.535593381678176,0.2430786771841553,0.8219270093025572,0.9607337810134755,0.460012173778224,0.6332008798854686,0.7846050029786611,0.2466592794093581,0.8571613742902097,0.28459688720379755,0.7703141874449341,0.11985724777789361,0.2926189693458863,0.5329475352610704],[0.5244236537902288,0.8434225607966389,0.9862047124858351,0.1150666289429378,0.2759603701685363,0.3604462460186143,0.47934003965380495,0.4940315482913111,0.8490711618854483,0.7651481167293978,0.02847454745719425,0.45592132537152413,0.615712361479207,0.46118767535116295,0.13803235090518828,0.3995246020168352,0.4134225812271414,0.1939616040007636,0.7511809721815343,0.32497266653962725],[0.5872075447572439,0.5154155773395922,0.8698785376320609,0.1295746332255814,0.12197774808839093,0.30431327574055544,0.43259066876331836,0.30257140377709674,0.7579233407473389,0.25036052624711364,0.09307924791679982,0.4155238136864646,0.7679117023757143,0.8435507047150065,0.7286779513960838,0.5567289449297491,0.7197078677141932,0.6777617445977842,0.23967929984515962,0.5497437143591298],[0.7651971459856634,0.32077824863763543,0.6508936837825928,0.4818508189684225,0.5030956739261195,0.09825393702651652,0.6628928219992721,0.8583732946474296,0.14860266226534555,0.36878354897212035,0.057694105744018315,0.03903924825686328,0.9798653267383088,0.493602078140257,0.35840863826254143,0.27937953509251856,0.9704123920460599,0.25720576981125,0.7211942278229884,0.28808293388981515],[0.07907971524978072,0.6796110822275825,0.011598230677267576,0.6722335413293581,0.25536906701002665,0.7411821474300712,0.7643551640036363,0.7196250940411871,0.03399377263825818,0.6996618872508931,0.9803427017746479,0.24777286115511044,0.2787538007808318,0.8072560185889287,0.16718886895495896,0.6573720019944606,0.7499258499505669,0.04641744858297003,0.5526868523799217,0.5743597133651652],[0.3073740394439583,0.8688177760095669,0.16949472491385925,0.3669108153157433,0.8416953134043828,0.19682990147387266,0.8149466536011215,0.08748779382059658,0.4894444858461902,0.08382404919678933,0.674345513360284,0.7847894592744882,0.8428613772818668,0.9716370057291089,0.6685754078535951,0.76368067556322,0.5056431127549027,0.9044821631575036,0.6408832145554734,0.8758803781263166],[0.24074297667360325,0.496803025103703,0.7252225426425278,0.2086673194714296,0.2171129973967387,0.9684818855975247,0.43591815352246194,0.18817914386529624,0.3348346043418759,0.3994286253006071,0.6206235523208167,0.9145543658667974,0.9768582744036493,0.6486647837328903,0.6959239135817702,0.32539258630265727,0.8500154235397741,0.2234423685159086,0.11425303632474822,0.9637908702956979]]}