{"n_weapon_types":20,"n_weapons":41,"n_targets":20,"weapon_quantities":[2,2,2,3,2,1,2,3,2,1,3,3,1,2,2,1,1,3,2,3],"target_values":[64,37,36,76,60,27,41,84,53,8,86,75,27,97,96,100,38,93,81,88],"kill_prob":[[0.2833026199685756,0.9573153953771688,0.9193386619380658,0.5336850568846828,0.40403610130580603,0.11708190848702446,0.5888213962686223,0.6965350295517537,0.4059166515178984,0.4079089694179212,0.5718451629000177,0.03722841398901856,0.948708578459014,0.2941075929547752,0.1480730445335025,0.015378628211898594,0.8497537105579991,0.8559432282836757,0.10340047242735591,0.15919647683102497],[0.4489441866326126,0.19199008960498928,0.7311047141000218,0.0668789507916079,0.5487151457381487,0.385135733811626,0.4656475540184065,0.42626197534168975,0.1600959988839606,0.22587585560239104,0.07351154493221805,0.12297986379308981,0.9683369259705366,0.2841910754437069,0.31088502855277295,0.13456420382347864,0.7500609204068165,0.9156599539835363,0.783955526325318,0.6103635128454884],[0.8069682572983646,0.40614562827420125,0.8523074079790737,0.7925484726454184,0.011690151371192638,0.48803825221916664,0.26932424455764165,0.09450825804034156,0.8392721218928193,0.01779069061509986,0.7255602320142531,0.9784282785772423,0.482379371372111,0.37381571934260593,0.6037162953852191,0.7986038710947188,0.24544695389977328,0.25568740057046546,0.6050344538051099,0.9310822244372192],[0.3024711762435882,0.3792195699644328,0.9834666354310837,0.18269772190238548,0.08542880500779798,0.587960134102994,0.03378164865320034,0.18682456664932626,0.6197649970766587,0.6563221526775064,0.5102167446546673,0.3860730853047956,0.5746736327334113,0.640518037972574,0.7974124053658176,0.7868958116456505,0.6615047502046488,0.8863479315638964,0.8312647485235104,0.14058108805358138],[0.9475458524970137,0.883907456271562,0.3245086359178006,0.02978073023489867,0.6018964278231217,0.4396492253290603,0.7445753293344093,0.5241077692184501,0.08496062654592784,0.24979367184968035,0.874873281003999,0.046935901800749094,0.7319362760103213,0.29610463779240365,0.4535870069816471,0.5303853232733764,0.255079730161057,0.6489212341377095,0.6895733737359186,0.09335829007735959],[0.3764485343343922,0.7394897551821656,0.7172048086443092,0.5437112770271343,0.7721212842706539,0.11549199517904639,0.12584704248763948,0.6543395142904179,0.6894671905372263,0.8082363182146489,0.18741614021779193,0.5164362262424831,0.6576146711928708,0.22922558235243476,0.5165893082821109,0.635676123902784,0.2201605212481267,0.3780521420451386,0.22201203393299385,0.8948840463400267],[0.24206290429139193,0.12841793346608105,0.044452205296600815,0.054054402963123166,0.1977545102674806,0.6060443410808133,0.027296877020900202,0.29100904626200425,0.06700355349683335,0.4055855948931843,0.057605203073260454,0.6053909410884114,0.6846557802086349,0.7267107986508883,0.22985653067332998,0.8611301587225084,0.6864824039843079,0.06551721491382398,0.4419513745273985,0.7624013635050315],[0.3146760481858252,0.3839275984291195,0.627011750750612,0.06437126251357984,0.957596339697759,0.1809913903975333,0.036138559653335116,0.01521652239961185,0.4015632874994078,0.8765682981658701,0.8133668376335704,0.9038048822847011,0.533106672942321,0.44977130919766106,0.3881437565846586,0.05548971427547974,0.9013308311790504,0.4962525704390329,0.4559660824304799,0.514864137273835],[0.7882714277519165,0.22998166426291267,0.7057026654150248,0.7065543460369522,0.8425617266130192,0.018509926494592613,0.17698763237042942,0.47162591500386036,0.8435295797122488,0.9558145243954244,0.5929712423858133,0.21789129591455975,0.19089300190815275,0.636655074906542,0.2158677641182165,0.5520256754424684,0.8281156905610241,0.3920232554928483,0.3809027459470906,0.04541753015325229],[0.25900288685606376,0.694227630426889,0.3631834202295525,0.16513293894412354,0.11365237908512056,0.10315231058769472,0.6559507644555372,0.6103690492176777,0.5181505854900432,0.5003199191959566,0.16007411563411417,0.5005921402648855,0.0687390210683723,0.9173412894306341,0.0668670029225547,0.4250595909960401,0.010559635275108788,0.7804274300075796,0.17284678476491744,0.9164176974652445],[0.05309819290335323,0.8143715878731383,0.6535050565592764,0.2547410045081727,0.208371217045983,0.3605243747094819,0.8218348255118478,0.8547174173687464,0.18177967193383926,0.3563790788906441,0.24274155622420882,0.13018999068513995,0.6435203997783494,0.3489536027708246,0.23087636388080743,0.8586778180319368,0.7433515722854951,0.7682859257224156,0.04841197335961455,0.9068278402464449],[0.5732436104147505,0.5037267485908283,0.02037363910722554,0.8897089662254225,0.5430126610762805,0.8186503930937246,0.6524007415235279,0.7907597412406628,0.6890731135866464,0.9125446242891102,0.2309745026127587,0.20805810263824903,0.7082907307062195,0.5013669045717996,0.5971779469281726,0.7043716198074025,0.5464796330600025,0.7819395787128722,0.3224900088171354,0.8518106347276982],[0.11552282586708872,0.631323897421963,0.8823298573762617,0.2576402453436705,0.3302979814254347,0.3093329429228841,0.5629784375395331,0.41461437925384553,0.11580009929500432,0.8834614773213308,0.21058309657550064,0.533398410768759,0.5929087980185163,0.049936806774590864,0.10379808110125048,0.9622559162209606,0.6612220933463948,0.042893873505498385,0.7883152362399388,0.5083719530919358],[0.08369558063690609,0.6771370560868354,0.4993647697510991,0.21082140508870476,0.8701482266470432,0.2955522611342491,0.2888655027442416,0.27731811015643315,0.7621066615472701,0.7019962969729214,0.8950827717609503,0.23475243519259412,0.7806373036319522,0.571584664997534,0.3125060174596145,0.044745049759595625,0.8125685988540878,0.2462499440830892,0.629108175490621,0.5478905773386163],[0.014360547873848202,0.9844567573409672,0.8080427686841262,0.4867418452239484,0.6767345428375354,0.4770623518589571,0.7396945458531562,0.1416419749025162,0.44742397532934974,0.3388264335314028,0.46046213862415414,0.4514631998031569,0.15023207078361045,0.9669587992948485,0.02518229993236549,0.01987148592105087,0.3759724921629847,0.6179688223598812,0.18606016227862968,0.5325301238260778],[0.7183165286042092,0.1021793968593481,0.9747339598556147,0.33996663478450845,0.639567105511504,0.11850546102284418,0.7052966609468999,0.8336472201212363,0.11317943948400991,0.1333458912826649,0.28542646609948313,0.021697099067822696,0.9763302684504852,0.5964163934535966,0.6054376609642745,0.9497829262586033,0.8253886692330386,0.8079580723489824,0.3427123225035931,0.33816612559535253],[0.2959032006163939,0.3497618465407935,0.37211858613265353,0.1472036152009815,0.3588289054480517,0.44781209453983306,0.31316039197172535,0.17204002879439684,0.3759421902149277,0.48128961775210716,0.7163138189337858,0.7070130062451769,0.20864113046165772,0.04592228726487239,0.3077235313709279,0.16399357876177179,0.39787270963138016,0.9697591967695521,0.18744994348711655,0.32249646455450953],[0.7206120299931809,0.5089991272046832,0.05304958070191723,0.16845621779809525,0.926544563677732,0.11110169288424789,0.6323909314655116,0.7864791358640932,0.27013028147042545,0.7205764430759163,0.17649727544957666,0.28905526933711456,0.31558559026652333,0.986506290752939,0.22028084931359815,0.13662331534091332,0.9171776087317821,0.1686920799439457,0.8716943212368172,0.6474474950937562],[0.5753242681091084,0.7463119373156453,0.7214789780050891,0.11831566562994743,0.9894767881985553,0.933051931919754,0.8886601236046779,0.6198433512635587,0.5223355047056678,0.535553012204035,0.024638205343667792,0.4994801119065341,0.6212941763067215,0.6555320845994494,0.33549667575028674,0.4718567032876785,0.6335843945293229,0.4297394000696781,0.9528924950038546,0.7013332676549603],[0.011248271325872685,0.03281389185260795,0.6864941993990069,0.41439219559459267,0.8326815302280209,0.17955510129653682,0.023550375771246024,0.390320703111438,0.7313428222213,0.9622931787100172,0.8759808017640344,0.4843931196983961,0.8065609375324393,0.07892384871026176,0.5708269006331856,0.9158124447541808,0.39845744454092513,0.9508986170698532,0.2262713947945232,0.11352113334272564]]}