{"n_weapon_types":20,"n_weapons":38,"n_targets":20,"weapon_quantities":[3,2,2,2,2,1,3,2,2,1,1,2,1,3,3,1,1,2,1,3],"target_values":[15,78,21,11,27,40,4,84,12,41,21,30,5,95,94,13,20,89,42,7],"kill_prob":[[0.41525882459551855,0.6290866343879097,0.3726376164588473,0.5339142925422292,0.20992163325543858,0.5676538271175,0.1418675425612534,0.7901743897677848,0.5821141151732873,0.4822934725224755,0.06357345991641969,0.49977884919838783,0.5622980417540155,0.2703541631390213,0.6740385340900574,0.08522984573925016,0.21451529981952583,0.7327975469777505,0.1542777745475037,0.25063784323016375],[0.6478382409462966,0.7242648697348901,0.06045946953096337,0.13405762498717078,0.4471956457263974,0.5909390459355524,0.4547056096586986,0.6441285929555227,0.7508730483915198,0.9405529705577442,0.3528830988668582,0.1698426731343768,0.2688023242024398,0.15520115615075525,0.3963607291334578,0.8651159205835343,0.35011869900546944,0.15584624817814483,0.5221802243825099,0.9821049403269373],[0.1944175942953843,0.7723174527215874,0.8168917647028165,0.4033115766309818,0.6171604098912344,0.43372598173616483,0.2670803978091724,0.42759642407091303,0.10338433389747013,0.7028169913876748,0.822609170996718,0.3112519347030731,0.5651472878923828,0.2375055613986477,0.1349112411693555,0.6603461938099165,0.14142544457775413,0.776339487822044,0.2763194577759056,0.8121431251426074],[0.3711344829026184,0.3714657407901251,0.7455613054590345,0.5100604591427618,0.20695787788167647,0.8434003770923663,0.34335014505104433,0.11072122562163345,0.41768102402442003,0.5724825279062854,0.6076876272603156,0.8288956883977437,0.5405786873176051,0.22923627340600308,0.2664330041211899,0.10882377652851462,0.7312058034515365,0.11382271556976278,0.6036963796292997,0.5950084461656809],[0.7797934858358506,0.08313710569171268,0.20885311664094794,0.9013711294826757,0.5707920928727719,0.45853640884787694,0.7427227401530361,0.8944798420673751,0.26774944421055796,0.8934461162351165,0.11652073351993857,0.9681293867752805,0.17155478859761797,0.2709116412302481,0.10466206128980841,0.7976029767488684,0.9745474208008453,0.30103697839837273,0.32909972119375797,0.2834003053124025],[0.1617315382106266,0.7816953324039188,0.06950544320894,0.958418647864797,0.9187692140188674,0.12607030357856147,0.5289333741862727,0.9829943314714502,0.8455668640674578,0.7108310514393882,0.032011726532083895,0.07700989646087658,0.7881367564738385,0.37891595710714937,0.6650632399098667,0.7343979945022949,0.4237404939745873,0.15051411568676393,0.3889606130176276,0.8636274734722325],[0.3344640634513392,0.0713964537426816,0.949948788841086,0.677063370794391,0.5400396168988145,0.8225251997476131,0.41293746453515395,0.9754134781303835,0.8504216080098672,0.28493384682287093,0.3736270274340871,0.28022810491447675,0.6561540259912739,0.6365452924460565,0.5220557560424627,0.9565235670813744,0.4728297824141359,0.778047946312634,0.6549332148331364,0.517821241341775],[0.05125320506717034,0.654345123343729,0.6397431825907008,0.13237651470069714,0.7899966758534525,0.46765420177614125,0.32766309411671257,0.8174801981290465,0.34650354030786723,0.6194137754581498,0.6155565054273624,0.061749862921801624,0.4243769579632216,0.22832317493331733,0.20557924866303476,0.6518626508546657,0.02118179538003863,0.9596973986502064,0.3974831858847247,0.302827457876007],[0.9115749119387082,0.48693869926470806,0.6120387464555722,0.6919337336642223,0.8639830480147742,0.13714715002071498,0.09002011551018316,0.9838365686480444,0.01870612559354909,0.7040308585427254,0.6088440547194486,0.5515000012749836,0.7801113999964915,0.9826234886827495,0.05594810506404885,0.6122398827903167,0.7124421151682696,0.3098205200495582,0.8850041572225125,0.4578529846207176],[0.17118889271290777,0.847319659699894,0.934067108016151,0.10752462000136873,0.7466472498114621,0.22071393478191528,0.016587773315641267,0.2654015464276805,0.847811638516332,0.1483601992480577,0.13805550533849137,0.7342667520761531,0.40823244579334533,0.15551635108390996,0.23540036895252833,0.7887098864858924,0.6208034142568593,0.7557101971151685,0.10581777420827693,0.4589421971927182],[0.7911641257657055,0.2704768958510624,0.17580518900850803,0.3841482159408483,0.3367123743620051,0.19176332330455953,0.9448660268491333,0.4834364364643314,0.6059148289877261,0.12868477057460317,0.6078343863688827,0.5542162393442944,0.9232907412175719,0.41407046505060285,0.7764208584666927,0.30809735889287954,0.577361549201323,0.918430989299314,0.6225698845437184,0.7069355100911782],[0.8684648346985386,0.9169158760426235,0.21410937769900576,0.20192127099660154,0.54946660437061,0.985606048780234,0.49034927684456436,0.33428686384135864,0.5365160494344268,0.07310785863338781,0.1836626349037158,0.15594200899957977,0.03735723416963083,0.7177680569843783,0.3289650549445871,0.175165585017248,0.511998895115111,0.3269755178526235,0.3951574153821175,0.31922118072057487],[0.01390384407165551,0.6845622871305466,0.11847666915937848,0.22475954912171006,0.19651070269255488,0.3347399495887333,0.166993725906429,0.350013081704195,0.24839905889157948,0.0699908109089628,0.8631517176264326,0.3094694849567372,0.10337650344885294,0.5210958513730805,0.13081000800142717,0.76763133742771,0.07034638437504277,0.4653432309453467,0.9349498035134628,0.16578967258524524],[0.207341303367388,0.5984556131673114,0.9702569901634326,0.3881190333198819,0.6456721909216625,0.15927072152600125,0.6385691905990162,0.2576088236557953,0.611021855341504,0.09688798392193725,0.5244696412712225,0.2426568947797756,0.6780745292628251,0.7427163913269491,0.8411796799482094,0.9825474615407004,0.4601676840601674,0.6671825288631777,0.028055241927079255,0.8969852926400869],[0.6134282826180074,0.42291807968777234,0.4356264879054377,0.7528357334331877,0.8268006034651761,0.8017456027885548,0.5103729599860832,0.37372370481667105,0.9366285741872248,0.6315155342748057,0.5427803408143274,0.5963525533877269,0.627269178022557,0.7088114264247659,0.5521210011403426,0.867848247368329,0.8525199299882419,0.44341258975978065,0.17516538988302582,0.5751225994956788],[0.6183247316885585,0.5229119824746605,0.8827662570084869,0.10115985188387856,0.29167013473849646,0.8584740493961662,0.9306250467617614,0.4274065732085172,0.19879110220411914,0.4219229065797361,0.45704311651565327,0.5191779905992993,0.2788660185792921,0.31637485897448603,0.6524758787191701,0.6193582679767066,0.6588604648130278,0.37973928353362946,0.3397277017298943,0.35450789951348016],[0.942152955779875,0.39734020108143636,0.6040097484111671,0.5223863234232078,0.8686973796746023,0.3717344647638895,0.4354615554690471,0.8359384030065662,0.1677384617493077,0.592408656917794,0.4019100434909279,0.976075727746723,0.7169564344646073,0.020345137550005638,0.8326844224377109,0.6991160630576854,0.5597416972709904,0.24140590636663073,0.15633031739953646,0.6258315716012497],[0.44114146735748866,0.854387905986507,0.26712609887211786,0.6347695812293239,0.25386617592583727,0.6335907375114226,0.05737774937139906,0.3938732782780968,0.17923190354843635,0.6038153162990051,0.32039349211417717,0.7661019653232143,0.12230247322141788,0.5550888055808575,0.5918043056828217,0.031662017725664675,0.045265996633488646,0.312075368881458,0.6068939306236739,0.9533773952589624],[0.09896783978888976,0.6990995177465895,0.6888617996803214,0.6660847586334073,0.5158243947015577,0.9574894315979409,0.5017396357189077,0.8315311376152237,0.26727019081717057,0.800182329320718,0.9866148192601546,0.9018842680182848,0.3079902843769065,0.8392343263314314,0.1033519805681454,0.6741534084207915,0.34530330832695283,0.6554966878036861,0.41400402742787606,0.01885248682881599],[0.23665102296699198,0.05153850820114968,0.4287245243438543,0.8332698609936194,0.7332368237955768,0.7831339425191843,0.8010556558286346,0.37450099228260597,0.5059052149035306,0.508282146683693,0.12094434659735091,0.5961792796857087,0.7157761834203288,0.6087484627310283,0.7410466160153322,0.1265134427623596,0.7561807674074936,0.21397730130110693,0.8692902863827422,0.25003268610377966]]}