{"n_weapon_types":20,"n_weapons":33,"n_targets":20,"weapon_quantities":[2,2,2,1,2,1,2,1,1,1,1,2,2,2,2,1,1,3,3,1],"target_values":[65,69,64,12,5,11,76,74,30,6,32,81,15,80,47,15,94,52,68,10],"kill_prob":[[0.6299197953902674,0.07167141271113563,0.9355912391962923,0.21357612066219,0.6792367628296722,0.13572559588956787,0.21540451936024096,0.45193065590570325,0.5716342185146859,0.9888859755838493,0.035407703529125256,0.010308131251205221,0.353359752820649,0.3688332404463715,0.876160491376659,0.9043308967433559,0.8729144768321324,0.15031517547632683,0.413862738477452,0.7409674590491228],[0.3163588464285566,0.6599732679403402,0.24240000592727018,0.3269508728015919,0.8532210563615142,0.25549885536721517,0.9550376051471656,0.31013436971811,0.03305754762681181,0.25980288572651905,0.17778084339855724,0.5066904268931988,0.12046174500130281,0.6235278997005015,0.8674010891453647,0.365268504167661,0.17512286491929635,0.40202449586872474,0.7802474850216145,0.5896579205980037],[0.10912034906105106,0.5364434112404927,0.46872367382648134,0.33057001090073823,0.11795738413225682,0.9714896969078693,0.1825224534953905,0.19888803297493057,0.15267103826019113,0.5687891779249593,0.4447961829930464,0.2545660383860248,0.4308349153610976,0.6700514140404835,0.2860665208686576,0.9069408605097727,0.3102193124341517,0.2042154502063962,0.9454764899353582,0.8043493979158157],[0.34627487234659626,0.8346032141209985,0.5184379641707241,0.34981744829584155,0.8328193577484301,0.7471217655271516,0.3019173457902437,0.6045449449528143,0.3720024190494013,0.011030933109180375,0.9525794265722738,0.54863649455138,0.5964639496324675,0.597893597163749,0.5496286316030148,0.2942468878781216,0.9621446024098951,0.6192350442649792,0.6675029333428822,0.45569690217070885],[0.29210417248096693,0.07306200253143076,0.35322559263652853,0.1825754806830243,0.6588465028918716,0.871423807106665,0.30669976108073926,0.33622497290576564,0.6669572137524314,0.15628600555641162,0.9208486781441452,0.3665698454049734,0.10917545700823916,0.1811903248222287,0.9240911544873089,0.25217690260163955,0.6590234277546606,0.16304191906749982,0.20021965850180218,0.871653454521978],[0.1550725557005106,0.028375575001553577,0.5012085257357507,0.8554722769976759,0.32947122450731225,0.1355990252327963,0.972586212974325,0.673203856899625,0.8436768193091932,0.7470955068823453,0.6942774285094063,0.38687278578830187,0.3278531933395666,0.7126194239765846,0.7123787480136855,0.9415766163681114,0.5672866214913559,0.29872868367192007,0.4897382233438679,0.6114395403914008],[0.4281952035853742,0.7853104608923572,0.5829209479715209,0.019247013075097536,0.5684430904673683,0.6309317102230237,0.9069560265131893,0.4154472401909048,0.5729783060859311,0.4754975017000865,0.5310232998995077,0.07595798925561653,0.8893379941824395,0.902204093034993,0.54709841764578,0.5554244054065266,0.06640491522507544,0.5959915028573617,0.43056875408157924,0.7048627576297485],[0.05618241826366094,0.7066699290749,0.2911559473556676,0.6486712238440459,0.6245834558058805,0.23230465493958788,0.44164329831194143,0.828920593872258,0.6034798107228785,0.07736353593884322,0.4440506546944131,0.31553602960235866,0.6388127653334,0.6122726624693556,0.020190139479937724,0.6055415992300937,0.730152660905238,0.7633554317535439,0.06779625498216194,0.30758524876767157],[0.4228480893404934,0.18617627363901357,0.4223191937417096,0.07970694510908048,0.12095293734691054,0.6653208675865511,0.2673210119369519,0.707177730529981,0.057146357456334625,0.5614489919826329,0.39361969031510347,0.7910319640771559,0.7782725486014507,0.378048449608358,0.62025973380596,0.23299789144309835,0.5787986994568118,0.08963940006857199,0.43591219843623785,0.18907312790734696],[0.8757135584496922,0.44600280160749517,0.5889582736647841,0.3631742231234102,0.2929662145350068,0.2088613874003029,0.9036341510136792,0.7934764667784135,0.14059592154241027,0.7417903787659623,0.4201601614959201,0.025088721861358458,0.5277999739686976,0.1374455112831688,0.2157356268317228,0.6921201421956111,0.26199919639837216,0.8840504378049803,0.6540263632556865,0.8256378152125928],[0.6128857475635804,0.8614725992015756,0.3644509815217072,0.5481577653478681,0.5155725924354468,0.895714893916411,0.17161710043644127,0.5764995479229585,0.7493425703424408,0.37264876532298713,0.8602298941236568,0.3755544717361794,0.17984258469799777,0.5823673882969311,0.42215664983656626,0.024886302588364453,0.07844182064363314,0.20137163660245821,0.7639433603277892,0.8841987257130733],[0.544728056533938,0.11345415326384099,0.5337305731970091,0.848493351385006,0.7444880765401378,0.29527620042342745,0.13141279710259066,0.8926680657669981,0.8470069716995667,0.06264105784232127,0.8172010000280729,0.1052683850292407,0.07201796073399627,0.7534288792033342,0.5355844094864589,0.4162570636085125,0.8957849520565014,0.8325175006263986,0.06647100211611547,0.613765497102349],[0.766822055143309,0.549480768179453,0.9733453890946645,0.6823265545545973,0.11206015244308479,0.2043320517599544,0.8197207087754728,0.9868215396814141,0.1063724815349419,0.10832273148814742,0.7581193130604178,0.07306719608220877,0.07718891374355051,0.8810401533494693,0.794440816072082,0.8739319358670946,0.6475031340900986,0.32608569350008126,0.8981869265261353,0.30274905447494316],[0.2800006226657524,0.8786724108089158,0.6772061406433437,0.8877586430150579,0.16278326346889296,0.9432508618103187,0.6104873135663205,0.664674343211559,0.9057793687199225,0.3831379152007361,0.7151834948019449,0.6375338087019943,0.781997664488641,0.8890039359966411,0.6764596383214927,0.07628676341300307,0.18947753893278463,0.9448986186217424,0.9592774639096817,0.9580650474243952],[0.046063412392115616,0.38479920459042993,0.7544792499082361,0.7478280875846742,0.09419072685095933,0.6072991093477286,0.1500122261700403,0.49334514621043746,0.24489198682429908,0.06209794830003312,0.08841903701607737,0.90267509073531,0.7397530449175034,0.9231875021374915,0.47059013368688163,0.4150266489737482,0.36123914665205364,0.6139809541310483,0.3545281992319069,0.741347769302366],[0.7952909796915449,0.8683277015607934,0.24794491164037172,0.5264816083065279,0.22897572439524208,0.04680470695193432,0.7036687980864409,0.5480016484564222,0.719448733962022,0.09587045317840635,0.9856156554807031,0.9844615956080913,0.4656998289934425,0.8587375408801593,0.24869718468944568,0.7328148379988311,0.8716413396772945,0.808372940759163,0.8055385966763343,0.4637660994470878],[0.8135901488231974,0.6868907167608744,0.1398023701813203,0.12190071598322971,0.7664836932159471,0.6229548069974653,0.5189885948475499,0.8991165550318516,0.6563985497337942,0.3982238101865342,0.4156531720126601,0.6031394736012332,0.7550697789926214,0.5630662408101417,0.508585664574796,0.7223626886010982,0.7011592589088956,0.8237399038012898,0.07130075055174852,0.7498530894403392],[0.5134852419326562,0.08319925763248882,0.6754298276061294,0.712209390121904,0.5231546261537908,0.7879229980967676,0.30424314645671546,0.2078690741608074,0.3537192727084129,0.41184950303005796,0.6920149303541254,0.838609539120663,0.716499826277103,0.18050780788820947,0.36889274310425224,0.16524543917882245,0.6829897155668903,0.2532084406525562,0.5248791941948099,0.7859932463307906],[0.6675204894231828,0.30240651085183007,0.336209415604014,0.6502970008709712,0.5484783943531453,0.1044656177206435,0.8665117574880752,0.5123609830925561,0.4738937929335161,0.20447054989961708,0.3794539425911266,0.33616836506879716,0.2753209691728383,0.5660584431538377,0.4630298530746764,0.8814137316083739,0.9325170975062177,0.22508396064352906,0.1081033201918663,0.7796308004579944],[0.9849641755658368,0.8563280684570711,0.03322345407636003,0.25623827969233665,0.052475431500438645,0.8143637895003432,0.57977883676647,0.5134441703437128,0.553360884356597,0.2574022335226593,0.5996056017560856,0.040053638894749395,0.6430914894914228,0.7297451535752542,0.6695657384375906,0.33547516794597587,0.8197376568249918,0.7112331171751324,0.1357313764657923,0.20124133612754874]]}