{"n_weapon_types":20,"n_weapons":43,"n_targets":20,"weapon_quantities":[1,3,1,2,2,2,1,3,2,1,1,2,2,2,3,3,3,3,3,3],"target_values":[69,40,15,90,46,93,40,98,61,77,76,21,82,95,67,95,85,67,48,86],"kill_prob":[[0.5599528927406733,0.9352444065034883,0.10205766866024936,0.8566844225550753,0.06439355645639655,0.3423249111736601,0.14261912976295668,0.47955239061365396,0.23760123483262055,0.9430309317473172,0.5581349069803413,0.8897761215776503,0.28249729967012793,0.035458008747629596,0.7701419036102433,0.6983301067725325,0.5445818127607097,0.8090358751346284,0.8332826851951699,0.5861452418578104],[0.9566092360168582,0.7153177086649807,0.6733378686393762,0.3641933567074725,0.012213407028007512,0.24612382041629444,0.7586420966783373,0.7056738293484307,0.3344017019334923,0.62307131504767,0.20138172988367445,0.2683551648836632,0.9384599320244467,0.4149169614768826,0.2500878424128774,0.48736608190221165,0.38927556219161885,0.7249384566021235,0.9528737843610634,0.589902675968538],[0.5893242431981768,0.3675371815490134,0.5633383133357894,0.3229422890593954,0.011070232826095091,0.8587742494209154,0.4308552038112711,0.4922467153529168,0.09183089711740962,0.8303683031372842,0.17693032897003858,0.4124087356086296,0.8334602361226037,0.45862728140924913,0.9225292887571345,0.2151280173522759,0.7109281733556759,0.9684385530904929,0.5486213644759047,0.688340220671113],[0.39536212640898827,0.7463105929309595,0.9006965753932545,0.6989944557095186,0.9272101371533596,0.5868795989524634,0.5755946916419437,0.30853484034697226,0.7054349413405101,0.8743134713210322,0.6433899016063526,0.2383784361866113,0.5432269324272528,0.7508186686123868,0.9305760485752977,0.1634641285301429,0.13494714914722938,0.41468465962824785,0.13309894607335865,0.970820334255016],[0.42581827993690796,0.5329383086865468,0.23254602566691587,0.45014360106619067,0.9750000561639954,0.4889134083396301,0.018647447288396485,0.24767697964561797,0.9688857338689341,0.9792861631425178,0.21628322797627156,0.6129588060869764,0.08537016389530616,0.5758928095957365,0.13340228745670868,0.8122882931698047,0.9307834878501996,0.17952707188849298,0.4634579252229275,0.11000213850514147],[0.3423572069315155,0.07379579966531595,0.2692555974570785,0.9804191937475155,0.05371120197497382,0.8517889630262973,0.08590352619902275,0.528416992495013,0.45307739657879875,0.922923566820232,0.2050688650393878,0.18608837507204243,0.7437398067964757,0.7212050836383468,0.6951981350829427,0.03560457384893311,0.2647604929904105,0.8330972742972134,0.5988409590276372,0.600151022317538],[0.29999827329671547,0.26496962678580893,0.9376237902578897,0.7232001732761479,0.13432879544580079,0.9289528033008886,0.5807227487816937,0.33669511961794635,0.39919665747160643,0.7208964201455659,0.37874719865236195,0.5771699031362348,0.7062895067154368,0.20146749735984523,0.9353566565176984,0.35904931600670165,0.420987261935376,0.6945440805104642,0.6066093876000088,0.44131744020039565],[0.6467471994947755,0.8947717414206037,0.7942779443125102,0.8177738297556781,0.2632402403959667,0.42101528231168484,0.552742758820978,0.053307002778253273,0.764396336769778,0.32699415592678716,0.286944156480194,0.26410616916902346,0.28771168011166315,0.3412545355146756,0.602728066914636,0.5818940154620619,0.26059751852983787,0.21229579104174334,0.8198310262699297,0.1008688709228392],[0.5125663843769089,0.5201496567054906,0.5726540706753892,0.877937113588993,0.6214356612928723,0.9641610909230629,0.8639260216817529,0.2204454542974673,0.24635964402079513,0.34787865319686717,0.39368412677852865,0.5519352179015415,0.23786238023841205,0.22789827749149036,0.38376215822071796,0.6685826509484969,0.6843631008342645,0.9665944052394838,0.20836712524337778,0.3950019688198411],[0.9553839479802793,0.686208567812241,0.5904329543255787,0.5388531303733199,0.08400017253353141,0.8855063326395921,0.6229951111068055,0.5702340597694734,0.5387103364554058,0.3940759231746895,0.2595713975336749,0.7502155456277946,0.5093761674064288,0.04326074164343591,0.40111260977672003,0.9200315654583758,0.3764166703100456,0.41496834776706226,0.6214819005939349,0.7956413077395647],[0.665091895350618,0.8430536365004876,0.12169117529988431,0.9161007022522759,0.8958434937631582,0.5187656148538761,0.622247393031457,0.2185567891973737,0.44898848922176116,0.2086492937014161,0.03153714536219912,0.9712850067645115,0.263963585396001,0.5912461427198785,0.30424537586710576,0.3732091878062262,0.3998063274106293,0.33834579669826254,0.6346517641531371,0.951717545078834],[0.4300619570061084,0.9638601895731798,0.6644412925978874,0.6049934711205889,0.24236177476294457,0.07166229178139319,0.8448960748859923,0.5725014426653836,0.41612558517638426,0.8057279756467137,0.3143687749257724,0.7779449108451976,0.33140455869768104,0.9124635626760803,0.27260753696766654,0.14480303522307972,0.6941347741824236,0.16959030800347535,0.9403757892832059,0.6524440101410887],[0.23624344805883546,0.21464255559972018,0.9153975383380132,0.6057007545928931,0.8858612865389683,0.11802070074890869,0.9168843516675926,0.5196483257542066,0.6650534780047235,0.37541796211045503,0.06795751556570967,0.9488129925149925,0.9847063625263124,0.3672559117852341,0.9349905711569401,0.17437176514233294,0.16159076066540404,0.08164960320898805,0.3934440194324677,0.06125620517796719],[0.39676404582063884,0.14562262007667487,0.7259172396614981,0.8266953963496798,0.6840591192403622,0.20648426938743275,0.7615112290497966,0.25451019309260947,0.7542988250291569,0.5660496233984631,0.36937826596538553,0.09182253045573653,0.8209593196108852,0.9308598623822608,0.6625994244006248,0.9552507353595701,0.9254291906621313,0.20071623278767856,0.7265881016262492,0.35231872304894063],[0.4877670133543135,0.16382612252586884,0.9652838394964994,0.7216146354148804,0.2715701434383488,0.3740422563646728,0.4240332682922087,0.7425830496609634,0.9171833214341928,0.3250113303248802,0.4730500865148112,0.5913434213780071,0.3954771125523093,0.5040976968983715,0.11359347643969996,0.17432089996576275,0.403079232075742,0.9066402315351414,0.35237088482974094,0.25479695243291334],[0.7380049764322903,0.940147562755077,0.4599411447222765,0.01843285645583944,0.6843863448461056,0.416759585583822,0.6701726258838909,0.28216218551261946,0.012359980940623167,0.3476062943706917,0.7006964957606827,0.3952510173490055,0.22479065686016145,0.46472672685141947,0.7473015528324177,0.1270444250564599,0.6879169929737149,0.6639971433278684,0.3733231220913699,0.9609294675519046],[0.8868111934907444,0.31983825118602843,0.04046927152596622,0.3121387106101751,0.2106275036902224,0.5463068757666409,0.9103695327585115,0.862930759836771,0.3097125725515302,0.43002558288452425,0.04581135509797513,0.5432802374961665,0.07210062044971427,0.9298340429045177,0.8595951581552268,0.21990387390875293,0.6953813062648045,0.5666599747846665,0.7953305582658594,0.4761390646164895],[0.19793653125246244,0.6370465321203751,0.0886747204560261,0.5828962313450536,0.21845070935516844,0.681237708381089,0.8214822984935464,0.117334234696431,0.40226318110562054,0.7288511560204768,0.17042900028848132,0.5651931966349989,0.6684022022382087,0.3576977350945946,0.825342628718549,0.5104450213457795,0.6244549431416998,0.14805534077068314,0.032696971042015674,0.05973359940848657],[0.8958417452342515,0.8749895365632862,0.8014396103786057,0.2056198494101636,0.5249494789105131,0.790194758537406,0.6711757976306583,0.12321076980241885,0.8876303758161753,0.16746874492240302,0.17835977954506874,0.8929884565872941,0.48492460031262574,0.3754339894373375,0.5525836074520953,0.9717693861754692,0.12723784613622202,0.7518098718162239,0.337639344999245,0.12470828543067125],[0.4234946882458799,0.5477778201707655,0.21184240497358398,0.40716406991467047,0.6329625049628447,0.5749190593258178,0.7186973821737536,0.8296764422786532,0.4109575251339862,0.4245079299529829,0.4967582917660501,0.5650263108136775,0.11615622075313382,0.3163826471108786,0.17845395946948378,0.3881357070972489,0.9638869911225557,0.5810763375473601,0.4307938895221354,0.5646181573192346]]}