{"n_weapon_types":20,"n_weapons":43,"n_targets":20,"weapon_quantities":[3,1,2,3,3,2,3,3,3,1,1,1,2,2,1,3,1,3,2,3],"target_values":[6,39,9,41,76,65,76,74,100,88,59,88,5,73,53,96,51,18,73,96],"kill_prob":[[0.07290765239294913,0.5545094435680799,0.0983930178679598,0.5666409556941737,0.3923075182066051,0.08997724287233912,0.6451544689237045,0.726574039630385,0.18070170534758168,0.6905479849225935,0.18546659816477826,0.144648520328971,0.15441600119425083,0.5970968995752483,0.7732149919640711,0.5949558274443373,0.8031644239578801,0.5896477942489619,0.791374822401517,0.9669920511106346],[0.3931406118088601,0.1569433333883568,0.1426888754708585,0.5955280447234661,0.5461610045382351,0.19055067097119016,0.87446286341432,0.9476134010851046,0.25815133024123565,0.21274527228304568,0.2196434152613963,0.3896730990975323,0.8461626317929674,0.5940413977422955,0.07620236309801652,0.47351950346862587,0.09852504936753072,0.4080898317282713,0.40544973945725066,0.6453856123954528],[0.5484648876238389,0.8672596866923042,0.0259496790121629,0.7685188456527561,0.032205174136724905,0.30820403190683865,0.8720698754159721,0.6866058882435793,0.17855674479882044,0.49096885322970407,0.717466097358426,0.9285964549127388,0.6316347752338397,0.03418190320426874,0.4997078225023579,0.15990240638741118,0.0568239594654229,0.5965404219879525,0.771383464460216,0.045339344386476216],[0.7779174855462091,0.7022601222152786,0.7469471504049942,0.24983380526138646,0.39572354638356055,0.12735581066307458,0.24411313122977718,0.3067338780478815,0.32304790674605044,0.18153909033487559,0.1949375621097205,0.893440991796317,0.7782157425192937,0.3475881494216086,0.9386906686913414,0.24414425853647745,0.40868404438104966,0.8072548052058792,0.4440286427995541,0.23993281644998304],[0.3711647582690586,0.5007066509271879,0.6182314959871306,0.4074943695898928,0.43267824449757475,0.2686647405453967,0.5346403524490635,0.22506710909415545,0.8601756937459143,0.7424197288609754,0.4120734086459004,0.7422832900921907,0.016856022973185558,0.34759943818954864,0.4414951251838528,0.4704025373947833,0.7437568481561321,0.9535512790104795,0.382397187833947,0.3535878525373172],[0.6083049220487882,0.28562854190774734,0.14852332713888547,0.9523100530823547,0.8033393576728416,0.9493295619636453,0.22347622111023832,0.02745303067027717,0.4385163442233443,0.9249367837317496,0.14555883209432374,0.1248418123779064,0.07757372856092522,0.7597176389533352,0.7802080031568681,0.6914685345501947,0.06222600821988937,0.7188225690988997,0.44965623229245344,0.16473653349787287],[0.29922349027491,0.5011239031343017,0.3330584428242874,0.9603542422067605,0.4752469068730553,0.37470750004710074,0.6697021203886759,0.6475341557187965,0.012390494797162071,0.6161042243347281,0.24889359527365304,0.3777289687561632,0.7022219129201475,0.5562384965904819,0.371282041271995,0.17406214480038157,0.505372543502798,0.32297870303705917,0.9046692522399136,0.5336597074832696],[0.8586447142870042,0.3923774079138411,0.8208884205122013,0.06540616412863705,0.3021566450566547,0.08661241438380539,0.04101717710057643,0.9104850004166565,0.7125313695116863,0.6226078631791012,0.5318429532235963,0.5681629554925052,0.6359165737587245,0.8200481988453011,0.5949507846796177,0.7436091478486647,0.2853584907931402,0.9672265030601427,0.04125926426828835,0.38884506337176916],[0.8744085604736298,0.18691250343246638,0.1485113310749848,0.36812215156191525,0.42963080650649094,0.9247261794484931,0.8293971440146446,0.46480784493670385,0.963515598863971,0.6394328360758831,0.8661855573422534,0.25113584087708896,0.48918479281398314,0.039122869089304624,0.018702589401119865,0.7013441565206752,0.1259277500162887,0.5468520723686012,0.6920873325658196,0.04158989450504648],[0.44976657116276836,0.680468898246123,0.881936368097753,0.3032454985896233,0.9647321990906437,0.8376506696665035,0.6476223706402172,0.39408699710120854,0.7068881686755086,0.8098694036889463,0.3072338773888262,0.9829734636088887,0.9004469823595462,0.4857914115360642,0.7183733174598873,0.5235287167264062,0.7557119411530857,0.8204425598004218,0.03275810405390167,0.08754938910663626],[0.3397380675591925,0.9092613599797025,0.40030811148052187,0.8797619708978858,0.46318523437911785,0.2930758619053419,0.8926322794012452,0.5594573535403039,0.3632746091294405,0.05351886355526046,0.11871446979925941,0.14652412108869992,0.3675395646023942,0.6051862966294571,0.31143831213349127,0.07421708108950419,0.2695125625709871,0.41050801788161795,0.9824245300988825,0.3951271666559199],[0.09741151037249508,0.5794925181844548,0.9112472711737638,0.7809617848845151,0.8294939430034919,0.9196671601802838,0.6338126333178272,0.9850242760404287,0.042615938482057795,0.828142882620691,0.8498704561318164,0.9083663829467257,0.4786060684831321,0.7820008051481879,0.20117879113875622,0.60106762067465,0.36147224931619215,0.594250177648736,0.6720492970151343,0.3501272934112553],[0.22191353331681454,0.325254150682148,0.6606781002052937,0.6733367489993544,0.7364905973036169,0.13400587640125186,0.8121470424493723,0.6843848455101363,0.03989497515682639,0.33888589244634976,0.4673770307883476,0.36340514057907847,0.12506855044424486,0.2131993588149069,0.034070167011929886,0.10121561812551157,0.2709741153700539,0.813570860323016,0.5261047597384563,0.4260079328772839],[0.658919685079378,0.5406803491185052,0.13888364822051372,0.22817089654770578,0.22807191377079547,0.5979534623600953,0.4623918788655595,0.3898333613096366,0.5555063894241522,0.960713470066906,0.31790958693475924,0.5197915249608469,0.4807626153312333,0.7123101711109279,0.7256844626232577,0.7244893069847798,0.2074891883399699,0.45011127363396397,0.8049511972085548,0.38389956712983087],[0.9745700149441303,0.36749100695635517,0.49771349079512883,0.47503508290649593,0.4349905264198577,0.8387187409532292,0.16216973279705327,0.5663114122857034,0.6162295458083151,0.8441968819079834,0.6070161567275862,0.950819940832025,0.8647243580157103,0.3517651493856768,0.8527083163850178,0.9493082578115866,0.2620532373060946,0.6080046305311203,0.28616783409529284,0.6465759335005732],[0.10176994845608145,0.7295042614316763,0.42142343202343596,0.585561035102908,0.035345154473028176,0.6915326261061218,0.49607152705253854,0.6227459875340852,0.3193546129286506,0.15290376995298613,0.4367203631562192,0.935099538860636,0.2332381461207292,0.6723222317945466,0.05884667315385056,0.7137377895615898,0.2436684430654632,0.4524867190247458,0.37039803858287856,0.12058353645100837],[0.3486703134615402,0.3531224591273219,0.5216635262491566,0.9629045022811876,0.47061717206041775,0.9061376325199811,0.46232650539130427,0.11539243485744066,0.23554983737042137,0.40936732253644825,0.32886139751078103,0.8585127017818418,0.6750726901526203,0.5767422828802999,0.49140496021195673,0.3993252059232855,0.6099485910353711,0.13211502213549337,0.16928252445256756,0.30705402632876594],[0.17776092413185293,0.6735567446443204,0.03427295497812039,0.1669739418334151,0.8945559473088273,0.9875922852576452,0.4878386682715312,0.4954626715613231,0.7679307869926895,0.045465786068163566,0.4284810522629586,0.10783132417866062,0.40290785500335624,0.9741454043062974,0.7485606151872939,0.9753449581715136,0.7411276531571896,0.6059478703704566,0.7491364162686985,0.655909839511565],[0.4647847093038702,0.2966954073251058,0.5197744981476679,0.2633236044234019,0.48694281951330237,0.15321269780266428,0.56408719699064,0.25037801699586265,0.2977359418627383,0.4990475789467406,0.16927572796114915,0.9531322859632007,0.4480054290850186,0.35523364503421606,0.03861267299072931,0.8363892758499882,0.6233172370002567,0.4180770517444713,0.2506221433517062,0.7402346703018775],[0.9365650842268338,0.3831935115389798,0.14217854701164664,0.11701085232728262,0.016234732887208194,0.7390763319562875,0.9717674781836371,0.9829613976984969,0.778513309256067,0.16894010273012272,0.9681552667948591,0.3312571741419119,0.3369472173026928,0.6835902138345901,0.05806820333296236,0.819254335309408,0.9873513309579891,0.769568382528119,0.7760429613831865,0.39250739715522]]}