{"n_weapon_types":20,"n_weapons":49,"n_targets":20,"weapon_quantities":[1,2,3,3,1,3,3,2,3,2,3,3,3,3,3,2,2,2,3,2],"target_values":[23,31,11,81,66,94,1,64,57,63,99,40,15,2,50,18,15,15,28,12],"kill_prob":[[0.6509663697323274,0.14362197332632168,0.09392127348598485,0.38492987643062104,0.2540422097085406,0.1529433347231646,0.15320531804739662,0.26108159264711045,0.5361127681085206,0.7529336880894263,0.8457211103870966,0.7463894927440732,0.6256489945100874,0.8994720859690936,0.5193420666795656,0.6306897040366175,0.41338813932523105,0.33083651686313115,0.3350775438720283,0.1553509360780469],[0.7906656976603743,0.06426072264687291,0.6711915388892296,0.8571709889802951,0.49747978004565985,0.0787967662047192,0.4298491124041531,0.3463620708247029,0.9758285329134421,0.6874398975865654,0.7169326087323415,0.5155103805829864,0.7052259693532545,0.7181195571877248,0.07503170313118275,0.22815439398772497,0.022708204320308338,0.5096112578100004,0.8682838577393059,0.6073634440014218],[0.5002033772515552,0.9174465306584272,0.17877414080131881,0.08311222199453198,0.9089596216815233,0.894726119820437,0.6793130364886905,0.25105957885413094,0.9603687442102833,0.7600394247677502,0.6704166919129757,0.22845309753513882,0.5128273882004533,0.8161247164710598,0.8530550202376403,0.5602015134852426,0.5223379668448789,0.6937301517414877,0.5276838674262234,0.4193274173043477],[0.0937106311959009,0.1335286822012685,0.7550699588366541,0.03417078333178271,0.06125892528165648,0.8965507065246893,0.6999171711855912,0.0141284674758632,0.3158025068677753,0.7580520913836338,0.41924878397771054,0.46942186640094946,0.4596230798251343,0.20809171519385983,0.7169636091402957,0.11094620391094225,0.5071060834357376,0.17655671091017455,0.055602153385612876,0.15037900675822494],[0.8619482375855069,0.18262471148485196,0.28280182483210353,0.1453328924559981,0.7308341996246035,0.4465401839113715,0.9347623378721694,0.6610380906029443,0.5307614360770363,0.6534983129956046,0.049616875545470875,0.9416470549261166,0.9473010182089031,0.28061707118441903,0.6257295730882709,0.20787693925707712,0.5465223587084498,0.7653734543419055,0.9310252903092843,0.34243258480035843],[0.6896351577819063,0.7120985720602359,0.2267258251414464,0.6264514888635243,0.6523128634040211,0.7587945842191136,0.9899483123054429,0.049427722037950955,0.20825894280400692,0.1521768632813459,0.16134537137228847,0.45516368740952573,0.8709658254806787,0.44974880368639997,0.665110789877725,0.3789691596796147,0.3232700490048928,0.8275504811324614,0.6524365599160512,0.3538773823208853],[0.9058770560222216,0.4985413338152918,0.19450925235330274,0.48355742521832756,0.6712054491748063,0.36977033747103905,0.8369090415498855,0.5324811009939789,0.46840948433577695,0.8515371947984443,0.4636594503368299,0.4161219390138002,0.11164206742682604,0.3652420412798259,0.39910733455182007,0.18700987284,0.5860667376789044,0.15096522913934074,0.22921599283181318,0.5598701460106378],[0.27360389343024233,0.6368749439257863,0.6867028702622904,0.3052646023945173,0.09563992786678553,0.48966279715233996,0.1010404516899808,0.5149309678933908,0.7216934852863809,0.6179231956413873,0.4493022883877772,0.9369413769395966,0.10971228842052706,0.8724014767736926,0.794126295188379,0.4213438087572929,0.15980982846270014,0.1627494500620884,0.9133696455279413,0.2390305709926949],[0.8666333938280721,0.5032293155316832,0.46249994399281924,0.6171210422321443,0.22073830123536828,0.4298032605785001,0.9297147500288312,0.24349179039917485,0.9131518877021567,0.9843255026769951,0.060869044313986834,0.5307515401395441,0.17838291369981482,0.6192799708375437,0.9797517903505781,0.8889432775098417,0.9163514923742264,0.21908281704585736,0.5414732069115155,0.24013439606705161],[0.8914362134260982,0.19733091321276158,0.1608797341610158,0.021919379079738392,0.18830890288488925,0.19596758991744218,0.08594038377509941,0.8603862813448957,0.7743978525222015,0.2593918674003116,0.7775925492449786,0.4237212558608623,0.7700099031612208,0.32654749879847006,0.5633611419581196,0.38397833111508517,0.19392230068299976,0.5839202263219607,0.745814183978294,0.7480449821022659],[0.35916362995285867,0.5183375330377115,0.7585030266133846,0.06340764263213902,0.0804505666348431,0.3786982851726358,0.22900216900838746,0.37715309915921597,0.10187801826243108,0.5901678700617817,0.6683056958744673,0.7860036977360281,0.6475124793138204,0.3984537671059543,0.9262296603215004,0.7218053757074306,0.52712762091024,0.21271340016888038,0.6459954870014913,0.5898861145842369],[0.6796633989587956,0.7755022700021352,0.9067486265986595,0.9400754595309829,0.6275817920830843,0.9566369150382764,0.9031939510205562,0.012562069874916638,0.6348651169210876,0.1849000216373823,0.29928880136932845,0.30155019574087705,0.48346704684436526,0.020648854433499092,0.2410804798641634,0.038538537820639894,0.6475473944048531,0.8815018271189765,0.9878328866352935,0.4495857539464555],[0.2649382880882697,0.8460415247960785,0.12089534718966333,0.964754201435018,0.7105407056238382,0.5038559720600658,0.10471752657774867,0.027832016995575977,0.5436415535323004,0.41557349729122095,0.835811204474796,0.6394593700995681,0.4332584195657812,0.23148691889917,0.480813764635766,0.16973439321043346,0.6636724092237216,0.6036144910164448,0.8038699407636788,0.4505386867974307],[0.28307556236697845,0.8296674520510403,0.687177139830687,0.702574980778163,0.5275228799782187,0.8684590425891355,0.23322783732210514,0.4036581848458622,0.7903079202315272,0.14030168392930753,0.8019473031558904,0.35554331631622343,0.13299362504975962,0.08756649582452446,0.8361681443786595,0.7730432347131229,0.2922805184817261,0.12403494545272864,0.2522897375169637,0.21872788297980222],[0.7283945386583542,0.22125182266977916,0.22177655133227261,0.0416227698488783,0.5949224945433277,0.6851999572909852,0.6504206595691222,0.5672271730329569,0.9567534498640186,0.4732837419335464,0.8529337779588101,0.643089712169792,0.09247870187407928,0.8038866917565675,0.5827007708560219,0.6504551461389259,0.18662288691137488,0.4387402922595103,0.8729708248867984,0.221122569224589],[0.010122408406449786,0.2623585378751256,0.48779160019288376,0.8148524824358829,0.6404250825618839,0.9106821995780323,0.4564531429953356,0.39299891849789653,0.236789852263799,0.22370123484832208,0.7313876990678991,0.08875194058440293,0.24785931313634849,0.8781773543493271,0.5753824017376599,0.055655856886965616,0.7001699473631897,0.506548720398054,0.8474312929480553,0.6787851950904377],[0.014357656218232857,0.21162430543142222,0.2628044265536461,0.698187643378417,0.5091278941166923,0.7424985471493398,0.5126098548077933,0.33083691848266894,0.11158743377451556,0.20856965669536154,0.4027644787387681,0.550425222018143,0.9298646551268102,0.24492577352517114,0.6627632406577502,0.15949499326343564,0.7094780594838874,0.021114059601099442,0.6528015509310233,0.1699533035802339],[0.18671795745320688,0.5577294806482858,0.37790331499053814,0.4718790475398195,0.31271110490513276,0.9443977085377586,0.294842978080251,0.54120647624079,0.8472684444300282,0.6608971960156047,0.32632140804208626,0.551387949699483,0.09133130370807287,0.5447726746535384,0.4327613065864711,0.7527750329319752,0.8409447862714348,0.20562419121449027,0.08990518735154779,0.3927458416199389],[0.5334674000365361,0.3792659093487221,0.6259899475781184,0.5055382541246936,0.927893513971788,0.41120330085320117,0.09084428948961076,0.30589632071864753,0.6037759851159796,0.2609045966349444,0.2736086827695211,0.3427810343419038,0.7412189443108741,0.9313305696080822,0.3533691011708244,0.20157827896528205,0.422224213123761,0.3548028991200336,0.9802244158407124,0.46459089334763265],[0.6756976857556267,0.9055123053119561,0.6264803458166058,0.2543909054214568,0.6052618934266146,0.4038388093438138,0.4239028720500309,0.9697380897429969,0.28301919332295555,0.4695564435487446,0.16666970478521628,0.184973314711779,0.6014147356041173,0.7459953939896604,0.6337306761445083,0.3326983179449114,0.06842580911371939,0.47085858490571825,0.5041842600320847,0.7652385758006222]]}