{"n_weapon_types":20,"n_weapons":34,"n_targets":20,"weapon_quantities":[1,1,1,2,2,3,3,1,3,3,2,2,1,1,1,2,2,1,1,1],"target_values":[13,25,22,16,18,32,56,40,43,25,16,100,60,23,81,84,97,16,64,99],"kill_prob":[[0.23101298911742316,0.4232547836879204,0.5573927854325483,0.12788000085297146,0.8104836661295193,0.27919182202721327,0.5482845035696305,0.548641134479382,0.6005878392792693,0.0643762667938284,0.17524638659493652,0.1679683980648969,0.3060102342275348,0.15201587372117306,0.9134828943588039,0.5126953615010748,0.6211036447486307,0.3603384118901584,0.2807212182132333,0.5031136268275687],[0.2984365153381369,0.34677300721516896,0.45369585678544,0.5056190134406684,0.974627731546202,0.2288561363987017,0.4882166415849942,0.15652150469955217,0.35299924805381316,0.7129645043322762,0.18097290088536308,0.5797242813990423,0.41836700309664704,0.06054795351638353,0.9244137366488757,0.41533107748702863,0.7782480050361429,0.4179872189571643,0.9286131151472089,0.29466092774031954],[0.4139860366939429,0.7536869554541006,0.3467939689752398,0.36706992990847576,0.984926709945939,0.554502235176545,0.6855928445967452,0.6405929894705377,0.8213656642134408,0.8545885974529082,0.5619910098209034,0.2986649534670714,0.03234424262347007,0.6121151860430337,0.8189594566003072,0.4515290094014263,0.17141201768104702,0.2923204314769281,0.5097891509216272,0.8299475945981132],[0.17831808314705222,0.6099068781953239,0.7483012416715346,0.9273265699281267,0.12436961784528222,0.9178638014812662,0.5994381844709898,0.7613675556836402,0.06269921537718434,0.5060251925277832,0.6201770805991779,0.31069716307538336,0.4330172039392276,0.5532121725740061,0.5514969809775203,0.05102429489870131,0.44069213124731454,0.21954179169638627,0.9083611765236428,0.9670483903208674],[0.30365395842502774,0.1816816893060376,0.22511406792937622,0.4781972102458947,0.8670154871309148,0.5000354906388867,0.0642842204809917,0.04908789065888113,0.2328431267103916,0.8359158520572403,0.6190509463844411,0.5616986967105656,0.32259020073098926,0.9208368969452636,0.3345546800628898,0.8282455243998877,0.8879854476163664,0.48366831295181395,0.8864034840911278,0.28126722164322615],[0.6552647576596103,0.09620447355389854,0.474455529810546,0.22298516611518096,0.07150801237199082,0.013650997916068316,0.32825707411199223,0.5877399826460276,0.45612574069813416,0.30573391254910615,0.981376030160726,0.9307345391800843,0.13314024070074693,0.41680527813512486,0.6458699953137386,0.728820981579338,0.36904471181130055,0.7413561764806407,0.13166701265246472,0.33517637275255063],[0.712104512240787,0.6231691344551676,0.8304660105644218,0.05591988221381198,0.18090388346658756,0.05752469062652713,0.1982719397642271,0.014197154420276307,0.5041260956452889,0.5277481076568903,0.6547339457778749,0.3872141982570226,0.013143536871480326,0.6704133313194844,0.06320526599295433,0.8588470222013891,0.03220090795377861,0.5298656207914998,0.8870195247378103,0.5710397842730045],[0.6062484116130513,0.6779786313706576,0.12996067077585766,0.6714285587943483,0.8727477843725588,0.9647364161786102,0.4441909593711801,0.34761475464399594,0.7482434232843906,0.5420168023334083,0.26215856136592985,0.1787147272703089,0.17682569458088881,0.459993495874029,0.17672191750333713,0.02932456513125606,0.0610469994702962,0.9212868530739063,0.08150211433693302,0.08171707676934035],[0.4521646766228618,0.2501982766883319,0.9534399751290478,0.9027661227078481,0.40664838369784173,0.44975688902793404,0.3776113800140588,0.04710879431026566,0.2969899024696145,0.13022000021974442,0.11032292341482028,0.5596443414776601,0.106789560559291,0.11087269731935832,0.4809034405229616,0.44343671782018595,0.144882089429722,0.01436004431268574,0.19911495293248696,0.24117440909839993],[0.7942434747366902,0.9071295835166707,0.40782550953821034,0.40692619197095825,0.7082316580846694,0.6243835753905952,0.19045738295954098,0.11553533984994413,0.4388596528419498,0.5635317958995077,0.14593345109563308,0.2974080235402757,0.3098241365019634,0.2660722370036807,0.4615460409659552,0.6500023126333437,0.5092020859436724,0.20742743100239733,0.11088026610645176,0.8154330536407264],[0.47971858906343,0.07089640045119966,0.26295906965656685,0.7979531028164717,0.746691798278079,0.8683003002394302,0.6000460694816583,0.4244478156708939,0.42810229760336166,0.20012004360308486,0.6477829822875242,0.5833673809709969,0.16176712320025918,0.8779496616444673,0.3710988392443851,0.058743990210647114,0.33132330236418817,0.8624595804173443,0.9086174541445489,0.49059044891444087],[0.9472131412719496,0.8677369730277364,0.8187261027572409,0.8525158633885619,0.384237903925447,0.7513395619404327,0.5757922230146263,0.7152903217055006,0.18423038542915912,0.7267660335394431,0.9484405855102883,0.306610055933801,0.9764380974765146,0.3808084945092637,0.20572902708061222,0.12004050520423362,0.7792626750224142,0.553728892369037,0.31098866778878825,0.6062813623978828],[0.33545916408418464,0.44939060218188953,0.8554108432380293,0.6648031473219814,0.7571538029106221,0.5818236804401847,0.9815700879079086,0.24658186496507484,0.2670453375044385,0.1007077599635662,0.5529391120292962,0.6110920516802005,0.7214423414408434,0.3387370074302758,0.022011665827726658,0.6295849463465536,0.988721582669975,0.2986583667141926,0.19025576341963935,0.2861316186698261],[0.4269071652815063,0.2558946703735134,0.3500208248601793,0.6354426038077754,0.34812742710576244,0.39813776588798155,0.049230637543278666,0.9095836515904123,0.4087482407165566,0.3315806457140984,0.09475451232047681,0.63149955108728,0.8565484512584799,0.0503301360513523,0.1523670180187148,0.15346203230848318,0.600229358240837,0.9128058926640015,0.4390129997241994,0.34693031922997364],[0.7605238718847575,0.7377176805205383,0.25182101649166544,0.16760983506172833,0.36065383176704924,0.7700913243820986,0.6911621221166787,0.6625366322290811,0.8228399889599398,0.28158770609456585,0.3428900509601199,0.05149266159699247,0.8613708602874627,0.5807811402237345,0.3021598460460195,0.07802820082037823,0.7189413130992105,0.7437627691580798,0.6628550790727221,0.20970535152779496],[0.9049517373384328,0.7480948586404588,0.6546011971122909,0.6479250449533518,0.8962705460898084,0.9197409904351813,0.5937246696500351,0.41833602274329745,0.3664592999682279,0.812697264259108,0.6417132330376468,0.08572070964858056,0.14934229275472666,0.8921821772027494,0.8768081851424109,0.9427957997235195,0.42929394798175724,0.7783796894878929,0.8216605267680351,0.3193829677214292],[0.1524309570025994,0.9870858344063894,0.0396148196763229,0.5953892003372141,0.6472080286980747,0.6781535551302554,0.26051518908970794,0.7171476594128737,0.22207157201564023,0.8224574906366487,0.22473434060294184,0.6927719084945559,0.7777452161172963,0.195166835452945,0.2432267578799507,0.7735216639596796,0.09427899220225379,0.19694573341733085,0.4564202880661169,0.9215782901698751],[0.5606402781951503,0.38992429124406097,0.968802817778027,0.46443708009686274,0.4350602742137324,0.41341143054996904,0.31593647115466034,0.3291809135428327,0.6840803187309081,0.05001888539504351,0.6781803911333926,0.20718040816335537,0.38652384314040306,0.15360819310912535,0.5516960231910204,0.7247634360530968,0.3575624645352374,0.17014824598945769,0.23197547029255203,0.8117506601550611],[0.2722957603586554,0.7692085411510026,0.33457541867008683,0.1949579032561033,0.7227623884348824,0.4691741288857026,0.04065170624931028,0.9507435709575106,0.15479837617066527,0.35633883692402957,0.38709874229579316,0.489641301273245,0.7797351418874873,0.015968474081624228,0.9238226103093532,0.643069670998951,0.9416359015659569,0.8110417466681561,0.9192814537215526,0.5989805399169645],[0.36016280321963134,0.44405578185133165,0.6548716641764306,0.4283932225710096,0.7270393277984334,0.10001105575842897,0.823386916005191,0.2101048668491641,0.9350686573342281,0.16243488393852257,0.13658091218034987,0.805638588375645,0.812327791148954,0.7339842314836224,0.9513198546266105,0.27512883611170774,0.8201157642104818,0.35499971944255243,0.5366506530579539,0.44668802910730215]]}