{"n_weapon_types":20,"n_weapons":48,"n_targets":20,"weapon_quantities":[2,3,3,3,3,3,3,3,2,1,1,3,1,3,3,2,3,1,2,3],"target_values":[21,32,22,23,50,79,72,96,36,50,39,5,39,27,48,16,75,85,97,9],"kill_prob":[[0.9571467158746161,0.5867435010921335,0.51738499133268,0.8404036099708031,0.03699666886562704,0.7716096944188694,0.12427196465714622,0.8339625369616235,0.5285926948531046,0.06990681431288995,0.826580138025298,0.03676783472982661,0.14560327903573142,0.7918680333500964,0.4655737013807332,0.873760930267737,0.6327206873352619,0.6210581792829999,0.29639040400937455,0.14100691308069888],[0.951948943078749,0.11270173536052724,0.5284303880720962,0.27711721901808467,0.2688578503098256,0.5926944949167569,0.7919754348352914,0.7716358931746531,0.8614256554096824,0.29704468315411975,0.46643635408077233,0.019147881755624457,0.7419204706736382,0.3062962498994374,0.5602636626047828,0.17591427637906168,0.813011516991642,0.8109267748927121,0.8699038564578964,0.05501825716458838],[0.9826095355795135,0.25282382615090065,0.31324501232640245,0.25434901460663717,0.27218204439920174,0.5516081289815737,0.24501433341770398,0.3958958851723967,0.6524944507943511,0.8293056795061723,0.6888866702615419,0.5924363878915767,0.15477399129024733,0.8097932895104569,0.04652939023317791,0.26890782997059604,0.06591773859332196,0.6640803960727734,0.37100366094164416,0.6490075135407694],[0.3500903401175185,0.4566259161835043,0.45880178996285725,0.05466904059419371,0.4316219958190835,0.6382430758528986,0.5451312011539251,0.0837780909527215,0.6646948659730139,0.3126854998169557,0.02414610672344165,0.16248364594256032,0.4976084641702283,0.3141936258494673,0.6904953534784798,0.24584040605444915,0.7673402451056652,0.29074763776610035,0.6184464334327273,0.7932320526461565],[0.3878450060708739,0.05586884297916105,0.5347366106377033,0.9855008803136103,0.9596120290493753,0.22660175006528485,0.7505825792357673,0.3480527951836646,0.16706703057942965,0.6625964065904434,0.5008513549362336,0.5384459465025637,0.8208448089907983,0.3398128023696746,0.6637528643645497,0.36886763762337277,0.05186941864882061,0.38045480518962194,0.9410337739400519,0.4835972324466487],[0.1160658281001308,0.6840702927887014,0.9541117627241508,0.899786341613372,0.5705216210519759,0.3787551294615606,0.5790641151390556,0.8096124409552645,0.8540125951780851,0.8124670072435923,0.45636685087290296,0.12648082977882538,0.5677899582040008,0.16330025147269792,0.06973916721989887,0.49869447676028367,0.6522659810456953,0.8470643602782651,0.7771788428752175,0.8500957025014173],[0.7548673954044727,0.6991746089680165,0.019934817757885637,0.6235802655730263,0.12807216805633534,0.06749378968589023,0.1632839090635423,0.8168263182129152,0.738972405238021,0.9397969571011081,0.9693967334774023,0.8854183066465025,0.1402675299574592,0.8708150861064807,0.8318643920928724,0.8636641426625034,0.1586519047741616,0.12445599121785118,0.9153327019924,0.18035011615181443],[0.3712492964217492,0.4568651525041791,0.13195367727297316,0.030221602271896464,0.9842086603717738,0.8691240999382619,0.9040911707636246,0.28887180788667616,0.2256995412905303,0.4273492270119181,0.4542529815984467,0.015487450086955824,0.7736680503086362,0.9867336973791769,0.5281170527000476,0.3904935211122022,0.3948968553567792,0.10415558952865865,0.27083858199673155,0.5020901328619385],[0.4332110411120034,0.544134050828248,0.8420843356646585,0.23073745664561976,0.037110897288185715,0.047460936377085934,0.1414854292007212,0.5690733251083144,0.8020211138371662,0.8790698204950189,0.6324109379354718,0.4050803874018756,0.16142441399302448,0.40338997265460946,0.33576683122962786,0.862625363239995,0.4869849898623951,0.23167198195543826,0.2930250454794643,0.14374076125183524],[0.9102137400877486,0.05933892931173917,0.02258932358477634,0.18932915485633137,0.8046565375524132,0.5229974508984596,0.6233264216294466,0.3605770419074201,0.07730442583818663,0.8490349992423247,0.1980563866828993,0.04239801653421239,0.5712500532145298,0.09162343597690904,0.10384661482263752,0.7943694908528747,0.4917773975316356,0.24667828320220014,0.3516538948923284,0.7246561592663081],[0.0750270618614698,0.1241510036145457,0.6139367942907582,0.6048322997777651,0.9630129408446644,0.3770584916303406,0.07377607463396554,0.5367866861526354,0.6355798755265545,0.1468107300705241,0.5518047340644928,0.20381177922509933,0.837835456723447,0.8284582658681531,0.43103651407847293,0.9574083267025479,0.9701783969607468,0.1366660671686671,0.3703595287358183,0.5983150406457117],[0.09314105338981549,0.38500239373785433,0.2659486423362589,0.94300921654737,0.4133541063748411,0.7574174413765622,0.3889712562419303,0.13917582901045877,0.8558884995576305,0.010408578565041782,0.06482205649496102,0.36709671777910236,0.6831602904083618,0.3448702093849602,0.07498656126855546,0.32148323305946586,0.25008124181035907,0.015311403821833998,0.5341058749167937,0.12431299644930234],[0.2917463630207328,0.6383660336179662,0.7206133750465176,0.26818651431890206,0.33260979764392934,0.25197105336491593,0.9477508283098681,0.1967093324476548,0.18951699156100277,0.44613458991490135,0.19552023201655777,0.163574287159896,0.10396194694706376,0.6373678231460844,0.6098406098038581,0.647159634040407,0.7678340078492083,0.3298308525367243,0.9100552589396831,0.7285405188473809],[0.7986144168095631,0.716542920550177,0.3612865325239106,0.28737183830138224,0.42406672818743385,0.10508975332269127,0.45225489153462817,0.052278163433335044,0.013867040826650606,0.9228689606851989,0.6855501233761351,0.5606100081246496,0.3442799986345967,0.5691272543913727,0.8837442608115651,0.6493325312649874,0.6004323579944342,0.4610004129122445,0.34878309003784086,0.6945761716432776],[0.971361322195498,0.4262625396501783,0.39436109993391677,0.4295512029177416,0.4270330886887271,0.9808122779011251,0.7026426923591538,0.36200076022637984,0.3740723263501881,0.4321809862491746,0.045977943828840705,0.527260073980825,0.8051533324923094,0.6573564373433604,0.20445242982631076,0.7234735565508025,0.7150694342053897,0.26728843133601715,0.6204171637197964,0.6087300524594974],[0.832991871379058,0.14335086559677243,0.2009417344212923,0.48625011369244914,0.05326224591446089,0.41728231364967244,0.7824546611597288,0.15574010610431827,0.46074976219779434,0.9799738487147956,0.5058016131563671,0.49835734763964873,0.5576177120496847,0.19228428292608638,0.1542206050322254,0.6738075365328063,0.3978514737076548,0.29410849565116626,0.04076378752149963,0.8391294872349128],[0.04168228852793609,0.744983461601653,0.38434878781860937,0.5967140542945572,0.2527244406763591,0.16229167290743168,0.5327202408182484,0.6917053410550608,0.20158342904624363,0.43763176848391294,0.44576187088556773,0.22165956609787354,0.5637484573270884,0.15301697304606665,0.5095541898522085,0.1211628811386795,0.4858315606780347,0.3153670737780457,0.4532013662399043,0.43507437225431067],[0.899774460362221,0.4901368879573335,0.8121289257993369,0.23113934505348094,0.35504113874157367,0.08358759302052711,0.42233283892506374,0.6653258893334324,0.8314036934272082,0.5645966135631721,0.637271216201217,0.1837217360646092,0.04646191746877059,0.7858543822737697,0.17369744329246067,0.09934614482209736,0.9288110744884633,0.954250936777993,0.6139321457704447,0.38106452723354756],[0.8265747501447709,0.21062556014870418,0.4308044808810883,0.3598769530205897,0.904445990926848,0.9113818670550282,0.647868207797193,0.118525337467238,0.4825489338651364,0.2504217988995756,0.8772173499207923,0.14563474303587787,0.06322407034349321,0.7003404528790766,0.4542203534687898,0.8315975898510228,0.08313703854592552,0.7950546099556857,0.04658805778727516,0.03750861167567783],[0.46208943669640906,0.2268654638870388,0.5918443328664,0.03530065432724103,0.044681751515718966,0.7226055262485016,0.21596185924246541,0.6532887811875189,0.7449237182707433,0.06814454241046809,0.7643588753749544,0.2730527936020603,0.39175503903575326,0.09490640844941035,0.8318573836975557,0.5595142105992487,0.5045719722902288,0.9591837146847005,0.3378156447418574,0.8829637007471621]]}