{"n_weapon_types":20,"n_weapons":41,"n_targets":20,"weapon_quantities":[2,3,2,1,3,3,1,1,3,3,1,3,1,1,2,3,3,2,1,2],"target_values":[96,46,20,19,70,75,21,70,100,54,98,16,41,56,36,11,46,34,21,38],"kill_prob":[[0.8757568846898317,0.41725083393549744,0.5965004712532811,0.8672834081459042,0.427244249980517,0.8760294496693174,0.14373208627610695,0.36754629401676064,0.10283270408513527,0.559711036695659,0.9481364191996463,0.6538127986148399,0.6235541050017737,0.28259545959827553,0.9224846234506593,0.47210408908018064,0.27166201198490275,0.9779459808243474,0.42466145511884423,0.3740690027613533],[0.04426204195285773,0.18472907368178892,0.8030075279708347,0.48304120251010724,0.9457772323866898,0.09220808715910966,0.6136245735504632,0.715584464592449,0.6187594639353114,0.5292800089233384,0.5767323539319367,0.6857585995488917,0.8559982727647785,0.3396177513989921,0.4604609988328343,0.6331913948848275,0.3179316332799186,0.18520720862776144,0.9568453816425704,0.20083431102031254],[0.2380784334942057,0.6163123784729406,0.08582094372307272,0.04336670073890245,0.07273333172924162,0.13079837287005294,0.43061292489150343,0.8226754305952014,0.3451324552336168,0.42898078635447134,0.5982460709791496,0.30610153711128596,0.43388712119262085,0.3885854531270736,0.3450458708170195,0.39062530609239676,0.020895356203822064,0.878535454759153,0.967799861499717,0.8552462675878155],[0.015627428573156826,0.7458678357607295,0.5716381691349792,0.10229141278759532,0.9242019521820056,0.7706927866381841,0.1523903607191318,0.9547606010996261,0.13367477775442727,0.4555862809390978,0.1657962180059895,0.15718697915674637,0.9584496236071179,0.5706803257644933,0.26399141933914244,0.7708713834492028,0.8677395113164572,0.9092518580520231,0.9243252715475346,0.8974701931601893],[0.6361537480080391,0.34561731681091595,0.9170563238901045,0.1300465974403783,0.1754238187498012,0.43515098968578,0.28799164336891797,0.6134181579393939,0.8971958845053307,0.49121069984499866,0.5527931815501617,0.4246710544014706,0.7034177767764198,0.10867500424928954,0.05761808820803032,0.6385117049444996,0.5341809742510688,0.4092108684389901,0.33731278904158857,0.06077129516226303],[0.6769450391657179,0.4230381851043029,0.44636267872922436,0.8855759543836539,0.7327969248730092,0.22505428571942568,0.654023166591347,0.13961021213358454,0.2001825904951003,0.7098662559177858,0.1333726098848996,0.2845900723435584,0.8900990626238685,0.7335491687159148,0.9208703272881995,0.8741966751219794,0.3163278335358063,0.6297298857914159,0.38112176455933783,0.6931622449935875],[0.3514878812178947,0.01129102444245802,0.10205945086834975,0.7655920796983184,0.09232513987681579,0.5974342295754376,0.8506229421120085,0.7362792121052705,0.4151700189231499,0.21443213098728994,0.9140867379869911,0.5650716881493586,0.4073116580817147,0.9332165450428127,0.22071738899447266,0.44343623500454904,0.11647279498023622,0.13238265568154742,0.4006243308768984,0.6956671488653972],[0.3421160652710997,0.6858060131509421,0.7990866598673447,0.8700263563602696,0.05382511397266219,0.7682570218736297,0.15419927977953776,0.6942970474333475,0.37422921628800165,0.7036374317409645,0.21954775961783693,0.6420909045229753,0.13300380532070175,0.1763506367036708,0.6121726866612685,0.34003606181735346,0.6997025116515323,0.6814562466946337,0.6192013104499768,0.7259297304096314],[0.7880565358503906,0.9031948168223876,0.08890551289212496,0.5701180344828808,0.7438012969479929,0.22260262753647975,0.268348720117407,0.2716250574487124,0.5708863120450278,0.3688471570963466,0.6627728453191671,0.6080348883285775,0.6539695964409876,0.2572712644730418,0.762023948306537,0.6607548397533201,0.13803662037882192,0.20616939536088502,0.3049458433803358,0.9273206776819566],[0.3298228663321487,0.02948150101201285,0.1487932229056729,0.04152838717779658,0.4047824592603523,0.79121033295031,0.4514270649772233,0.8322142520972837,0.056578734933522654,0.47032840686186866,0.7813338646868325,0.6712277733008716,0.8457690263976576,0.2783580294313836,0.5008337803622877,0.6733410067753836,0.17512015703561185,0.8094905803834963,0.3152406497751533,0.10144115783738085],[0.7603872648683213,0.7009176201373406,0.8760061582187504,0.8842332505283815,0.282955268889946,0.6385355197134636,0.9891405362485521,0.24893041749185063,0.4734191351874457,0.9019630373476983,0.1110180486960644,0.919684899605071,0.48839248267054075,0.8851799728005616,0.6189439826103424,0.6680068360826167,0.7675260363994333,0.07579337014448467,0.6252129722588466,0.9154584998764216],[0.9470012494807578,0.9589550151232856,0.6429162216825782,0.6306211111623677,0.5514157654417478,0.6054022919686555,0.6098755717754974,0.051560103151254894,0.09709386021475244,0.6170282403289644,0.3179321014377156,0.3053969753097027,0.19957182652867042,0.795048570045407,0.9550419336462173,0.625202843132703,0.9365114976942935,0.8762064733801798,0.22356843886437058,0.16045538315333396],[0.21735504981804105,0.10428519618826337,0.5812215836472194,0.28699704198081166,0.9046583608564012,0.611139617762691,0.3624183446533567,0.9749478193250939,0.9441306059740329,0.7730429306030163,0.7858500019308421,0.9677247288940001,0.5984470981871611,0.8724194523452174,0.07353116785399086,0.5529812690652358,0.5024660126789581,0.04696938497643202,0.0952129456176504,0.03140214553653569],[0.2981347043967174,0.06244100492595088,0.42469649106558555,0.8064914831454592,0.611553212267753,0.670314114050702,0.04087655336744317,0.8327358330507499,0.15326657179533093,0.30659785851183724,0.5164580170347187,0.9213935623928953,0.9881861850059934,0.7770074699489816,0.7247279392529199,0.5271286840977911,0.6623147912391787,0.15153569191978666,0.27381219816335234,0.9749500062271428],[0.9700227226826276,0.3265129467695568,0.24622760112012815,0.23492771332107013,0.4851670958341156,0.2292912481952835,0.6455266998996805,0.08332341512685652,0.11160367797084218,0.2813955894370846,0.7718943687108597,0.3268237482611717,0.47140044663817454,0.6534896050889979,0.7827691235335144,0.3109668408001596,0.7263500229409376,0.29034605626430593,0.6415768841992736,0.45186253797879766],[0.9180952629635905,0.9724515184967046,0.7686406455364863,0.9071550489305631,0.14377415718370729,0.6513746783969563,0.20440058274096007,0.2814291348729993,0.5223667763913156,0.7371475236631191,0.7170641927115683,0.8620701551179023,0.5580893550840553,0.9178158003217826,0.8801308237732534,0.8420763396908806,0.2349297056482623,0.5308190333234527,0.7315118651027055,0.9665804576876981],[0.021414328262368068,0.3305722432661967,0.34550324753413153,0.29276387838621964,0.8110758137676862,0.05417000791053599,0.3622460550082941,0.7074509161105145,0.40860492472484383,0.15118231201840437,0.6086354233039057,0.5221580316657465,0.9722020593935514,0.743555694738785,0.9764524680887704,0.19262558829368168,0.7563631090923443,0.5506054553059183,0.7082593092171932,0.4682004332577316],[0.21814300331865863,0.054821930195822016,0.831522492180161,0.8085121816149261,0.16928893911060963,0.6422772815529637,0.7329790265215181,0.5564724954735668,0.3208843250341832,0.8733269841420781,0.6395918247906021,0.7158131617735735,0.6490722389122853,0.7168628981533861,0.1521658020357552,0.9141425103450871,0.2900945819993316,0.8298201985693587,0.8855165200149758,0.6481991345268404],[0.5963347468469703,0.1168672469481494,0.4374968015580358,0.6094114969551789,0.0902318870331173,0.11923277124799309,0.9836116300050647,0.33558946794334266,0.3527378375453406,0.25649856758789413,0.6430993741043914,0.47361436907066085,0.7846223382260341,0.5122449352186711,0.025107660678041398,0.4830336425202597,0.06408354478287907,0.8202506528717988,0.12138492328500662,0.22261493466649948],[0.4607659379389323,0.20128037429240622,0.538435560993091,0.46148445595777116,0.9434721586989431,0.09660609205812137,0.5751974073031794,0.7159916174511041,0.1350744688747392,0.6337328852022535,0.8569542730864297,0.781804530559593,0.9264672766204768,0.716173982806126,0.3961070930788711,0.9120423568989947,0.2308496322625047,0.5820282329545139,0.7603447861927759,0.8648355436555695]]}