{"n_weapon_types":20,"n_weapons":43,"n_targets":20,"weapon_quantities":[1,3,2,2,1,2,3,2,3,3,1,3,3,2,2,2,3,3,1,1],"target_values":[19,37,71,6,92,18,79,62,85,78,52,76,35,59,92,9,36,2,54,79],"kill_prob":[[0.5483889055060654,0.7770578606768777,0.16953269224980108,0.4092747073557207,0.9107859013364136,0.17816603142222237,0.07029636573629344,0.6503980361061135,0.5926456138093212,0.9429898957405787,0.8983390526337782,0.7444417824161595,0.02877409312068714,0.48077922903842896,0.888179897806298,0.4349780663521877,0.9529028052207348,0.6494382210311028,0.11726798499193825,0.5090866336829498],[0.6917047929322446,0.07406159279482827,0.3477565414293521,0.7127394417929066,0.16392993506089343,0.35137310030511215,0.6861121160178892,0.7700300838268316,0.5181415579489121,0.9477203771460094,0.9168242416230166,0.4739683128296294,0.16706892190909592,0.7674729326062792,0.24827678388528113,0.8359648837991229,0.5854014543319963,0.39621114626979165,0.5552556914108933,0.5321525930887687],[0.9162381889819193,0.22007578876633158,0.9195952835006429,0.04071422063065839,0.7638192159024151,0.9112747680973339,0.39617114716679896,0.08160584325536191,0.7985741808638358,0.8360075585779003,0.33953224022868445,0.518221419972188,0.8032796866499465,0.19820211770511714,0.6263962412634446,0.4320180463255028,0.18092743720917828,0.8248114031059404,0.32818721555592817,0.9257375933419159],[0.5675551924234059,0.5142197817570436,0.4248398253349719,0.4026574720591793,0.8116069493403618,0.6739508324964034,0.768216328500954,0.4226624764189844,0.26620848020868076,0.09512791415761832,0.7711228701843639,0.41697090190735003,0.5090391202547493,0.46995637049310446,0.4325150992418554,0.6802215855264928,0.6065594334434364,0.9626127226714194,0.14612582949624703,0.5720489269680624],[0.0719753601342677,0.8017600503340359,0.6139851065860712,0.42981123967268714,0.7961909415510672,0.4559025563217467,0.23323037340717823,0.4730507458881302,0.0794151607045924,0.8899038874465998,0.7263392072397719,0.7551094704907272,0.8670034379380734,0.7857411370387819,0.433215538448371,0.12626367349494064,0.3758974843813337,0.9254030200921278,0.9401086814067521,0.7625134482133197],[0.21034197140995975,0.20056086129487743,0.8721760806631059,0.14907760455090227,0.5824547277858394,0.38068664863348645,0.305970787801953,0.6738343851634409,0.950377695118899,0.7720810634754925,0.48643934123952287,0.4418972780381721,0.8995109045559391,0.5765449565042788,0.49670624260487134,0.6791791521407946,0.24241074078693592,0.07246077782338209,0.8480092116756371,0.6051164666854677],[0.17157955920056744,0.30208696797073226,0.9801348423377402,0.6317351598143822,0.63338989814778,0.08072038994454758,0.9596118995590531,0.8849272317675462,0.546826793417956,0.31320113812185607,0.6940941238183699,0.8267069065824317,0.7803989816267884,0.9675064246069213,0.6341182906936037,0.324800922927688,0.49796906080716297,0.8099908245916041,0.27003573547106985,0.2367800898451116],[0.7203378887199413,0.44553887798510255,0.8102389872859281,0.15080991443580913,0.3389825338864186,0.27273790845829915,0.6939107851049481,0.7541426290601165,0.45688264196882516,0.4784687888709569,0.13939124513334689,0.6977915319367914,0.9824712809272624,0.7723634040151732,0.22865007672387552,0.6206602848023509,0.29905767445096787,0.0395730218579573,0.1862263985427169,0.11054170081856453],[0.2020139024968303,0.7896923330200234,0.2969754913498231,0.7518991519262096,0.9398853037459154,0.5727876527664192,0.4857007631698535,0.7451246320784585,0.10514833709522821,0.42964784573518744,0.4988481030334194,0.8244302841904101,0.8079333070266734,0.8413000526529816,0.6939154693103478,0.5299446910411408,0.8213217349165145,0.8658167669501642,0.48087490080563744,0.9759486697309961],[0.867321762479595,0.5102602721129798,0.07790184344016425,0.23000220985445835,0.7708706077887592,0.11893117185871105,0.4704040649928779,0.602755148262633,0.8707798918031049,0.8401715856356103,0.7589923626385381,0.409540357758975,0.14940426925545114,0.6662563233666909,0.18766285003870323,0.5600881937404435,0.9710646188140775,0.5493035802911291,0.6426457299152385,0.6740239624778503],[0.8237805905219948,0.4362810645449078,0.49755970303144775,0.18245257364609815,0.612386289982752,0.2998428461979014,0.5074722539109255,0.7612260496396999,0.027218506588346875,0.5626372160526857,0.17997611696447594,0.2837956729881766,0.04401901448525797,0.1760735049821842,0.9768968054214088,0.9885523059753257,0.7154509614918545,0.6096197176757697,0.7714668140372797,0.8886231867414585],[0.5189189583741,0.044578319429347195,0.7052079041684516,0.974910452030974,0.2628918968525221,0.464196254151878,0.36404891303025555,0.39265814434526614,0.7169719939978497,0.38083630196092905,0.9322624429495521,0.7838652846882892,0.03709408458594122,0.8121779043930503,0.7674002739898854,0.5161638538136089,0.4968810488114853,0.8288163653976143,0.42628958337977424,0.1662730964274325],[0.316640856192052,0.26989835529033956,0.6774378490584213,0.18529588304002836,0.6418769877041509,0.4666476083184866,0.8328677108235462,0.4852987683531186,0.9212078558779953,0.892459745327876,0.1915818275219424,0.6824430253048459,0.22033225413835972,0.8168382201058485,0.6330086914458377,0.2982353403960181,0.2541411558158363,0.4309861019445214,0.7947085120319084,0.7902383768586626],[0.04270870104383676,0.3062414711614821,0.4243939442003233,0.5838703731753584,0.15653646863840506,0.33857736011834627,0.8778850801565996,0.47701656314537655,0.7392603615225706,0.4850829363664131,0.46568292487245433,0.619487014581834,0.2641772219458252,0.25480605732012496,0.9795667777937768,0.8616121691328378,0.7329997985206517,0.1444016482744226,0.039620216961071326,0.18190425411315111],[0.9289763452173696,0.8099639748440081,0.5226144922388049,0.9594049795410097,0.153650460844255,0.5579674312059161,0.18955768387073563,0.31030003270821976,0.931332318583961,0.8609129462177099,0.10976280991797435,0.2545529294497197,0.5926173201904096,0.0701257315940079,0.5490829544044086,0.5828016070781304,0.29514783770385034,0.2972605205226209,0.23449768339466937,0.9269628427921219],[0.3910937178850959,0.5835636818516126,0.3055430827684442,0.6986107243266062,0.10941244563746967,0.0802087122327707,0.7393980853702485,0.7221345991490429,0.269701309417849,0.3579457784701946,0.9481152913061658,0.11224368909540802,0.1894841252157376,0.43143759767376855,0.28645692793441463,0.646028377659563,0.6867896884877507,0.5258603222122933,0.6089733553747144,0.434752415379938],[0.7551795086506627,0.05125652788934434,0.31663350992276323,0.6807414405669961,0.33305220571787486,0.08696457483409044,0.3481131598974398,0.70726487635289,0.1295451679482514,0.7201387369274215,0.7699466020304241,0.6325947295342449,0.24934936758698134,0.7991894500511602,0.22015365174289606,0.8977045331279235,0.7025127851592404,0.06362552811411852,0.7933013762884298,0.5063048695527093],[0.45359591838679036,0.4221009688445171,0.6044974651120986,0.720086930767302,0.8880570834100694,0.27748591668828076,0.6281607474522153,0.6826157592387673,0.6713011969911548,0.4931406348273105,0.39320209723962707,0.7571312407257498,0.30400960795998533,0.21389209915027826,0.5449126098849214,0.27225864050893345,0.042568499509248243,0.06054422851465931,0.6911103158591372,0.9636829290722316],[0.4555946159535535,0.1541199030730395,0.811721546318766,0.26620717903424546,0.9857139323718029,0.5619988825105189,0.23797989758889862,0.49608467413385704,0.33867364639305564,0.7738825449344088,0.11369956809189466,0.8498626626918973,0.7619901563788519,0.8541365278234577,0.8870938711208315,0.23518226648421964,0.5205856910840484,0.8429237757630498,0.3798402126737893,0.06919942525971981],[0.2958016694077462,0.24708190524531465,0.8626613663153224,0.4645694224209653,0.6798733526973869,0.9528767666977537,0.30320409533749965,0.7559755663768478,0.032308839088346995,0.1120338518052976,0.16862778820321253,0.31616997013505826,0.4049274708267908,0.4774755729176093,0.25042471935772953,0.0748910132179332,0.6739726300034384,0.03318812646357917,0.8032812221615503,0.9205717286481774]]}