{"n_weapon_types":20,"n_weapons":43,"n_targets":20,"weapon_quantities":[3,2,3,2,3,3,1,1,3,1,3,1,3,3,2,2,2,2,2,1],"target_values":[32,74,96,92,15,92,79,16,1,21,93,76,58,64,42,91,16,32,21,85],"kill_prob":[[0.6801003398441827,0.2015471839534675,0.13396448161572647,0.6986691299684354,0.16529228246978264,0.7884424589482852,0.5559531393247709,0.47732972121353395,0.28001845520299123,0.9741686830263626,0.7177237686923159,0.7725023742215794,0.7633367091120314,0.5823352656330646,0.9309048651197003,0.5821450733150233,0.5196446734020664,0.2782362335744099,0.28610120144483997,0.7321462278624027],[0.3380720732068134,0.7241365302437444,0.9436526236385285,0.44052128804318363,0.10537913002204911,0.6632155517028474,0.019332571061575918,0.7812634508468509,0.525140054697944,0.4899375599284818,0.5680533173661335,0.5160803730560216,0.32730172636010224,0.28587873148565707,0.41699151141141727,0.8870110962772554,0.14266305059208617,0.32826930475285165,0.1984544193904163,0.4285942372026343],[0.14082845074070777,0.7555797016241875,0.11139804473288321,0.6619568517449254,0.272356118371643,0.47274619692050945,0.20598820248319058,0.7256192058862047,0.9393104694829578,0.227310381645136,0.9440901435585717,0.32876832499120534,0.5566902237108636,0.6975581520638645,0.20528324374388976,0.4458686586839751,0.07647093105076908,0.6931127005074595,0.4182837973299889,0.8838116419867991],[0.2785120508016752,0.9151292978374483,0.14821904778918812,0.6048271366936055,0.3116520162747353,0.18814597873422165,0.10205842828478218,0.6525297076521162,0.23850457459406055,0.5713581238296267,0.9698303483785723,0.31964258387394096,0.04424539216239424,0.14996616210849212,0.12693556922294735,0.4640178566611311,0.7397575582674147,0.30051549806622124,0.15292591542696637,0.6379514310023484],[0.30515660467225764,0.573666942325988,0.9251108284792969,0.29552001582799564,0.5122417821965431,0.800675675358592,0.6878837502476756,0.7464486112836021,0.7671179873589782,0.5391176999273622,0.5353408657442198,0.7145117888394784,0.6936953047112846,0.6666565107490914,0.38449199829981034,0.8219717926927792,0.2414788315834715,0.162617327025658,0.3482589747333875,0.25875461559685686],[0.6599188619590932,0.23639749412696165,0.6533600415838515,0.5129583389439727,0.15940106671375445,0.26322833883860247,0.5212922486171584,0.7284431978452242,0.4002866112911824,0.2381759893344792,0.29917664491191304,0.1032148454879289,0.0346465110684284,0.963666725756917,0.10448173567859707,0.13238959820843701,0.8635448033780497,0.6602351310048729,0.4373510806204198,0.6460429376113325],[0.926285127059802,0.10738976520699181,0.24883680663182559,0.853094395401326,0.7750265583950848,0.984371587126047,0.31763063877074865,0.9359886691957743,0.34681505466910406,0.7107913273617833,0.8750880886691547,0.1773664533531945,0.21152588193449628,0.5793394750716997,0.8369482746348038,0.08737054451766944,0.8438631935607854,0.3462581189541946,0.4081020816930518,0.34306387377380493],[0.9032503065155337,0.1381784400511823,0.5727889915528164,0.1551459190132759,0.9200227374929445,0.791972687264907,0.2391428887758563,0.3018227027263905,0.38388502140342395,0.4073093217895278,0.810996001459414,0.5632426882030065,0.4293903285938935,0.7150557637976258,0.4587075788169304,0.13567521654709466,0.11533940058413779,0.3294375461992683,0.6008128328628687,0.14214450109526974],[0.5491314872834592,0.27421745191255886,0.6915051472961259,0.037697447152843226,0.4696429628509616,0.061218866033947945,0.3338976197698141,0.025263641401141533,0.4697167853663727,0.7616755511084514,0.10821563699102567,0.7305182381541466,0.5825113617504846,0.5045131676732997,0.5974935970346368,0.33917918909461164,0.7061327626929236,0.7740725250823568,0.7726593882751398,0.27407059360581465],[0.6508288694960555,0.1551338112303709,0.4955112213243417,0.012576674858327228,0.1997150238281743,0.6290994335159535,0.8668742750990668,0.05804773261430383,0.5573817363308434,0.6340395197029299,0.9237431615590913,0.6520409187520574,0.11097204842132359,0.1538093576935909,0.6330488463092577,0.22130728322796803,0.9197393653797424,0.9122734567701684,0.9396827429540691,0.29709355565594947],[0.7126109098011101,0.6597536287961525,0.044891705711016645,0.2702537748193541,0.21263139508587905,0.37339242970357317,0.9439926422143204,0.8386896061791715,0.2975560995409114,0.5294309004773367,0.19842079915492866,0.28188531245001947,0.07370318403458682,0.6397543708984998,0.6537823590064024,0.8317315883873746,0.8641207771587089,0.16685821120984837,0.7381801272397275,0.1420134801707857],[0.37624071151089467,0.5152258401280367,0.0584805158053345,0.16362843731454524,0.2756937779902374,0.13499148304150554,0.9254143467622064,0.292552804325374,0.5011482312187354,0.9866035531671724,0.565309823392619,0.413265859492243,0.9211965578057995,0.22804780025927637,0.1859107260219338,0.5346570816599678,0.42875570307476235,0.7910463557691557,0.05116984047827991,0.6153713079229955],[0.7064655600399189,0.9624784256074876,0.15284793623503876,0.25131835433527827,0.9237943669378574,0.6280162685736346,0.047288052080801404,0.08579712221066339,0.7797317494151149,0.5661250084872874,0.5641071719864964,0.8722683304450597,0.2462759609838037,0.1672223621855796,0.6115298286696389,0.8747746357008057,0.2699456317742658,0.677668477495525,0.1593314512211087,0.17847052191256593],[0.8934798567054827,0.12560569500824784,0.03385862592209078,0.7694416391485686,0.36525935755467676,0.39872538115808825,0.7938603940100316,0.18633707574580122,0.647320402690615,0.3172577622608818,0.11218309143390726,0.6837461279906861,0.3222908518599174,0.8592720221944693,0.9106549372272628,0.8420707266825337,0.3259047124867527,0.24185097187246304,0.8849446295596438,0.45388804419893203],[0.7035849290868554,0.8206209173824216,0.28213292177046606,0.12671547937609437,0.62233101207642,0.5883884106479605,0.2747960712054043,0.5830125869576354,0.7845501093887761,0.35301076269724485,0.24747136454706076,0.7205011893373651,0.7801545763481589,0.9452036491115419,0.1546341064591217,0.8814788198504309,0.7597968349661044,0.6978619097722701,0.3167925566065706,0.031749092164391035],[0.5073994842370534,0.2900539889560019,0.2940245985481574,0.9185958056488004,0.159909514212145,0.9255477319987427,0.5037305758105252,0.831513690539718,0.2879158200130722,0.6312422508030404,0.5554566278089484,0.9156827676294772,0.18571245830557262,0.21047849194763,0.9399851114644737,0.10600532837038291,0.6319888196631165,0.06935283095094806,0.08545099195819125,0.5952057680436874],[0.5503406029109775,0.5715656747785208,0.47417905461894405,0.7375121537699727,0.9823447656376005,0.2802656214625485,0.3269708739686495,0.3265885514963504,0.7580035673797354,0.3510551911012536,0.6732023262309976,0.4469698058716903,0.6056485736825522,0.8224350653488013,0.5137775138031215,0.47566973682977143,0.27163509193319696,0.5155864901833882,0.2671640274514118,0.8366988016035996],[0.39108674632435214,0.1365254791982548,0.2451681773678328,0.5338898381179111,0.9079617655131573,0.30455026860328405,0.26909848001732534,0.40842863811393265,0.9583993887263035,0.8383152809721268,0.15667459205319773,0.6114782213582588,0.786026919277154,0.7626501345428328,0.48906858191952346,0.7271947579605613,0.581914878381124,0.20741608319515864,0.06493256782377846,0.37210968644933046],[0.07070022190858907,0.39711313584247426,0.8223014215393447,0.8374082654355097,0.0433924429132175,0.07814475815930425,0.6664697458394198,0.49999872104335585,0.15637122487578306,0.7994190253774514,0.22216623945229347,0.08658626960179655,0.7445169953380084,0.6059634551393248,0.39655388395669716,0.6888716797078639,0.9031530749173787,0.043498793911314775,0.6251258489218287,0.2238039510752486],[0.4746550047425562,0.4255015063057022,0.39218007447783915,0.19654897824251275,0.7965969377160825,0.38193017322914624,0.8794523357177503,0.35757490748756104,0.8329190777855703,0.543577004894194,0.3879127301625963,0.699951570306036,0.7809215321113538,0.4830369744689922,0.426912019815866,0.5758705909648757,0.5834601109356038,0.42696963153759365,0.7525096208737849,0.40172701879873174]]}