{"n_weapon_types":20,"n_weapons":41,"n_targets":20,"weapon_quantities":[2,3,3,2,3,2,2,3,2,3,1,2,2,1,3,1,1,1,3,1],"target_values":[16,90,75,45,84,61,60,12,54,11,69,7,52,37,14,48,21,25,89,35],"kill_prob":[[0.01613483334329434,0.3540666959561669,0.12678790813423058,0.13581678880641176,0.014415975608803241,0.6924529547438047,0.9226580985683963,0.619114649635114,0.10427801088935144,0.979856460404654,0.966073467458983,0.468869844944339,0.11571183403817001,0.7163245234542603,0.9522388403937684,0.7731256120559188,0.6217187974795614,0.6086152643236555,0.9683597519215162,0.08165695008337406],[0.15656489919881364,0.8241952158448875,0.15221081871336384,0.38563055719044903,0.28586927093365533,0.24857582211158535,0.03520751208625814,0.5649262382641149,0.40321473041679173,0.5505584083842711,0.3084180423675536,0.9326316379531773,0.5895202483966969,0.9519829056016215,0.3530058351734855,0.01224374659939565,0.7756402536631918,0.8208312774694293,0.06752932925632929,0.6228618438930726],[0.6577975096993178,0.152819189706614,0.5514740617955296,0.2483349030663448,0.026122669140425846,0.8595728685685954,0.49186126780193484,0.776065118892497,0.7184351715845265,0.9838311557942384,0.43919433582316936,0.4289995946220341,0.2861204557101468,0.6226442691351504,0.4863902505441785,0.7241858996988354,0.3593814644725987,0.1382278467771394,0.8551867430770651,0.821486003125391],[0.35398018337342935,0.6865446831617592,0.49255484815009953,0.7557526551884781,0.3923297212912222,0.534926450683405,0.0666597819834523,0.18141178195631974,0.7761302956196009,0.3839341725294199,0.044403315744998374,0.17428355999770773,0.41336607144390225,0.7135548448764365,0.3662153409710863,0.7402820392912917,0.8508993755491817,0.34431388192159834,0.7943680594373368,0.13434305261158574],[0.41697785457022635,0.10561114835596072,0.0614774290188802,0.07323682993573796,0.11265698654000371,0.8290114049480708,0.5428035811610162,0.9384404240214705,0.5372402952862633,0.626137105664179,0.1907942819176832,0.5397694002210343,0.3875964978272603,0.9228066352975628,0.9252427914661562,0.20452864025219616,0.6177282466595986,0.6354122869115584,0.5612843778688574,0.13184311383524633],[0.6509350124640446,0.7931035792257162,0.3483215131760675,0.514260667905274,0.12400138742229233,0.9220749372572872,0.1173470961088736,0.2142095645348821,0.30250890628403426,0.8192744343983814,0.6966428020923078,0.01687414924304048,0.18989031621622232,0.7451481556080637,0.40575780118079613,0.03568926181791479,0.9546385407536242,0.15820825468175084,0.510257307245891,0.25334977569194655],[0.7327199338208524,0.7711915770663423,0.39927599545439524,0.6552806290298512,0.9008921128555557,0.8085129361227542,0.41659976329201637,0.44264653281870514,0.8791407085464802,0.04368534441781608,0.03235534086754983,0.21167943473372167,0.8210692117916367,0.1601489238648568,0.2895736992493856,0.6264873163373722,0.19055795386015315,0.307054014418702,0.4675744725807284,0.2335470980925794],[0.9825654102983744,0.17017709697484248,0.842938362821848,0.4706978348687448,0.1365412061257847,0.12611643401932898,0.5002901349298382,0.35644976803982603,0.2399102531307338,0.9497603544224339,0.46411214582052707,0.9202347617448811,0.17071973154352246,0.189796745885412,0.5941071371236025,0.27447812976448616,0.19123909849903523,0.10279167770504484,0.08474525690102055,0.7481050177051578],[0.28651988344242024,0.9688507702414821,0.1894587049295423,0.35735771702337094,0.3774104470926868,0.5001497368820933,0.8632231515998644,0.8280748057649036,0.01975720424651942,0.41106996561909737,0.8213779964197703,0.010193851670175991,0.532966780773879,0.26428610890653786,0.4145131782572586,0.42189860588123185,0.3939193519031641,0.8841111197670377,0.5357343367901439,0.895671789351425],[0.722207559174924,0.35409766955452554,0.4936924079179758,0.39206136744118586,0.8220027926363151,0.19384585573154442,0.9276840366163205,0.5788160043668777,0.6095227948887223,0.5164653722469319,0.5534065475040192,0.6643219080943705,0.6519345499988425,0.21986414709256497,0.5807913576556125,0.35753391187467365,0.6342896996868213,0.5468778886625604,0.18608633503824273,0.7300392391882553],[0.45787317852990045,0.5504127212404143,0.6691900076263166,0.6498143384387943,0.7439502436882437,0.21261669407025507,0.11818340906260978,0.6657959831808575,0.24126524773236852,0.12231277117883012,0.13861274295321985,0.31654412142152377,0.9819513070882602,0.1641151201533433,0.30256583105249846,0.9123194688445001,0.9540419018779865,0.2342664939284877,0.8728436431096444,0.1461395856325534],[0.7563056830745053,0.022747997434424107,0.4084872366561409,0.2523885025830404,0.6999278538759403,0.025735008728080995,0.46560367193050234,0.6927944442500366,0.05577077578517925,0.8894521784873729,0.3639734592485199,0.17196051559739772,0.2309552061098516,0.34212781020485394,0.20440759978584627,0.5103671788368989,0.6302731017693688,0.43476150670565816,0.4284915068972198,0.7760655289813284],[0.3049963786987274,0.6203134572290971,0.8850631533426031,0.22708407779409195,0.6175027154239681,0.9390123444536885,0.5291993498563453,0.9673597692231877,0.3138451233011005,0.5630080148128741,0.3148150361769338,0.013645036566052626,0.9873619384367451,0.24525886667653102,0.9636399455319969,0.6499721701141845,0.8958549367696012,0.9578586921125603,0.5664726222151433,0.989697517415233],[0.7619833110898625,0.523338264971702,0.6518444185070682,0.2003859301800673,0.02081196901154289,0.2616535606549993,0.4362714444855088,0.23349153512451892,0.513755180026474,0.6547852593801732,0.6526779721180369,0.8858891419224659,0.9569927145535456,0.8828811130926907,0.6177714601599876,0.2116488714993065,0.9345821359865283,0.1813631868719604,0.15839883486025588,0.32121794134732634],[0.5721334501115225,0.6778431793460882,0.023026823798723277,0.7724618262853551,0.18151915810549732,0.30055515448276077,0.32564499127973856,0.33579707892076766,0.7551602501652819,0.05012547495813597,0.20258746202447314,0.031872846529399194,0.7727334675775309,0.9740478915978211,0.656356216081233,0.588336397300435,0.8999048891207327,0.2598549066362131,0.0751330590352451,0.5097705068727714],[0.26514172911035216,0.45205998238728395,0.45717385357017315,0.32245518758670805,0.4865980899513924,0.3825488429389036,0.1207981500462392,0.8593911932576643,0.6972482401416215,0.05048268769984374,0.1234706967658802,0.10458418129778353,0.07050867606865112,0.06787564032373673,0.1639700862774763,0.8409120203593295,0.8216686302742122,0.7774835457728175,0.6124123764078012,0.7190236821493619],[0.7337115866235,0.8815266129015139,0.7276961690430502,0.7317301218605462,0.7979995492592141,0.5552277588090793,0.21876821424175705,0.09285162801767713,0.42066268917426086,0.0998519582523413,0.17591795092324455,0.0333632115271863,0.3042021652157797,0.960597865953978,0.3813526472111224,0.2460747539300597,0.4053804875954669,0.30531174980254383,0.6703992864697935,0.631777425935899],[0.03679604961508627,0.5110966926906494,0.04547569392192839,0.6738160010859894,0.9270921640147133,0.8993381211528706,0.21159786984910803,0.7377922447669655,0.7872046516197538,0.8570801824471966,0.2644066973845106,0.45181814905271683,0.2270743404558586,0.033823268066967546,0.655832375307658,0.43283434553528266,0.25315454295229595,0.8401618683536197,0.4957670271796188,0.9847645236683388],[0.7874906704001877,0.8618269757412015,0.7678656038217183,0.11380640097160918,0.07372842064059726,0.9067771971621742,0.14543324427900603,0.3934016276607751,0.6077127913248123,0.21766038290395573,0.23077934283362128,0.46691651544554896,0.3636771896307286,0.6730441536794082,0.08357467161021494,0.48898349608826325,0.18077471936120662,0.6045905088207332,0.12388902592513625,0.2036792291988254],[0.7978112031864472,0.2404636502372535,0.7323240320179492,0.27760144569442713,0.24032695512915447,0.3031716872236421,0.8733133447342936,0.3992223461499934,0.2488853192862942,0.5359066842229748,0.38792858354943294,0.78439356937623,0.9806367059467671,0.526042953812517,0.4527139196997923,0.3461746903476079,0.963871957624735,0.4836176104845884,0.18443692273732842,0.9598315872769825]]}