{"n_weapon_types":20,"n_weapons":40,"n_targets":20,"weapon_quantities":[1,3,1,1,3,2,3,2,2,3,3,3,2,3,1,2,1,1,1,2],"target_values":[48,62,28,19,5,33,26,20,28,70,83,52,7,74,16,6,57,43,32,97],"kill_prob":[[0.06254712441223634,0.42001111590204293,0.04959025447850815,0.15372025455138397,0.46327592254159045,0.16436312973037154,0.5183803164645662,0.9142770491146681,0.2063994070334782,0.11504277951795383,0.8187710307432929,0.4610644504654801,0.874958876867255,0.3100008287720795,0.6249813650833478,0.914847283215631,0.1782618834589478,0.7947139881192953,0.6288864148482247,0.8066878097345124],[0.177279478054046,0.43540474093027204,0.13626048390741363,0.9508804658256573,0.07143788850093179,0.07417373003450052,0.8901930683380682,0.3047469051749215,0.5950796321902071,0.2917260183291606,0.6457832081149809,0.19861998188462668,0.4596920688904399,0.5328223312847866,0.3369700324813874,0.256666599043573,0.1474025343177925,0.7020214495817615,0.17491706167453477,0.2962838633643818],[0.3401705893241871,0.45527946104007666,0.6985173255590656,0.4293862319606313,0.8636717490067738,0.6761899336877808,0.8317169818075764,0.7120268821043219,0.15565916384035763,0.9683687558268084,0.7808545404529982,0.5712673332613323,0.17192632192336366,0.17922703560739497,0.6120445513629388,0.4178731903419711,0.6723423105048428,0.3749791704017086,0.512588268027463,0.19419887720468282],[0.16209712140795007,0.08413186842452078,0.8132465188005813,0.5542785265480681,0.9381982191085291,0.7444965557321415,0.763387897044504,0.5088772655130751,0.8091448577951377,0.9332221764075405,0.7173054472887289,0.1134771620692613,0.6479994620684362,0.1280245479962701,0.08567797397029447,0.6890423970136192,0.8280897232855577,0.16566466091477927,0.08266563580672383,0.878792436308203],[0.13956515025105154,0.044384371868862425,0.7166332813911592,0.840761243013436,0.5141838746349418,0.5391267392119121,0.340123302472831,0.24369393488890792,0.7501274287720744,0.8422987199586217,0.32481986300189275,0.27834280117813837,0.2724358851541491,0.059583509661909,0.2854535243435734,0.03513789862962491,0.7826394700190054,0.26080829245034076,0.6863520855643364,0.5423246178297451],[0.8307143573776548,0.9511711530058813,0.3699457818465817,0.0965740034918444,0.7446528490982043,0.030876279675199708,0.22850406779652135,0.06218565510367576,0.8901854041874191,0.015191140067540836,0.49288732171492716,0.42551914461580054,0.6496897712571768,0.29394920679786485,0.8662214924600692,0.7296588267497655,0.43364853747238824,0.36086572452229054,0.8095704825476328,0.7519190925650553],[0.4010200568635665,0.3445444253579247,0.0481102298692913,0.09007310053134271,0.06284008644314999,0.03392717662106628,0.1598149344979653,0.8499989813269634,0.7921961245407478,0.8386623708716332,0.6213243541969624,0.6215818392158566,0.1314531116219563,0.694986046569539,0.2844258826530635,0.5188682631904771,0.9456281517248403,0.8632030864320587,0.2385296371498763,0.7319176033862875],[0.11200893496002685,0.036207636029151946,0.03761078928622298,0.1768415545336521,0.6910494340519171,0.3660397755888583,0.02562359018735795,0.978262178749305,0.5327108351673533,0.3960026108090912,0.5184728971478547,0.5195714916613788,0.47083184555113383,0.6106899263756713,0.8779140874709404,0.3056794182355448,0.48722925038904297,0.013571116272833321,0.8526179956918385,0.30978581113485393],[0.27587096036180153,0.9875864258268139,0.5827050799702842,0.13058238121817045,0.2702144704956996,0.35616205650098515,0.9763388469132408,0.4320092443565608,0.2355313085269529,0.5683363480645608,0.4066644648958702,0.06386118037903302,0.853701220205239,0.025373776737637837,0.8905139630305671,0.7860215295297661,0.08430674593956289,0.7191388562567929,0.7655228484965325,0.6002609319601108],[0.5761173841530008,0.05869328572301458,0.06830644438632691,0.7227428768389829,0.11345387534053161,0.247007218692348,0.4988598619468916,0.17088040014042796,0.7840427693390251,0.8012304633035069,0.8353003470356741,0.05857675835921086,0.4293156980089519,0.8399793192600491,0.36595500250056495,0.691903970756562,0.5874609861062093,0.35026444437303506,0.2808767325086153,0.6496882302574186],[0.14095165426283907,0.8529200687060035,0.5749145722590894,0.11927343502332238,0.6994570922894964,0.4324902988847706,0.20999978705591218,0.9518479070663688,0.7152548293141371,0.5911337508614362,0.8418898374381744,0.5429923940845096,0.4426412000862458,0.19565792266349413,0.16032261661581512,0.4333299300444112,0.4568550874469655,0.7286462551261127,0.44324330983613885,0.5912960165541095],[0.8258681535947211,0.9834680016003309,0.3260748088482568,0.8939153744538013,0.799929854416527,0.07664655651316202,0.3374757522368134,0.2246621006376957,0.6610965869745381,0.5541931534933344,0.4949540315377626,0.758292488531426,0.33664252189574373,0.3850972496422003,0.8583212692609402,0.9627643390748064,0.7708301939524757,0.22272955528168173,0.12039859952057037,0.21502104481048598],[0.42430613772243847,0.24196308719268547,0.8930203251105715,0.6673084437320914,0.4183946598873538,0.27833549820432957,0.38304778503814507,0.4765295834593956,0.709545905132214,0.09755472706430132,0.8418562809931668,0.1350088305075764,0.26720108033298917,0.9837180978571322,0.19640446136336612,0.10911934403061874,0.6356371958804223,0.3952664982542004,0.09999872558313853,0.013667579782064135],[0.08757834485384824,0.5222808671964686,0.23627508622832344,0.7720010916325709,0.850358460410308,0.15193635736098846,0.34027947331978076,0.15364264295883354,0.29095884951030826,0.24442033037555988,0.7811276029184427,0.3485700844537849,0.4956535027692928,0.6704172033635218,0.8158115161691429,0.3051849085160028,0.21503625434993878,0.9688843062807503,0.323744593754547,0.667646737197258],[0.6742842198642481,0.5137488566875502,0.23387849657486584,0.14862827253509273,0.4872758220161425,0.5107109459771494,0.7678994216393017,0.7056367750731496,0.9038004532591494,0.961443350649879,0.7232942996755499,0.08498102385364832,0.4070159430327605,0.6066263224438693,0.5883911700209584,0.1878149101139862,0.5812858348618539,0.35268689772381523,0.34214830794684165,0.8273268651952115],[0.4234944954948556,0.5268480349831636,0.5616154038137892,0.5617368442545839,0.21885908350770464,0.597464295886027,0.3379311367652372,0.6519198887042462,0.15278364698641256,0.9842332827409961,0.7666024256243277,0.4189064048146213,0.3053248138469973,0.3900459941214889,0.7167841073183974,0.6522996435928738,0.6980506617605756,0.8812192115425085,0.4571693217842011,0.6661307254787114],[0.4426777958606709,0.635336116557479,0.4753271642236882,0.7711303547911352,0.015154920818058382,0.2213967366739862,0.30050887265997966,0.9364866161260939,0.5069052887075794,0.3670648423981784,0.4062258733013984,0.45278583776388553,0.8604737823116916,0.9530891483665351,0.837281346945426,0.8348236281505695,0.205034808736352,0.27330451032701025,0.5941281969469371,0.6530146651724847],[0.2086512659771597,0.741356235291587,0.20596428186119506,0.2677504336576259,0.31065962722197843,0.8390715881605108,0.7274422189334656,0.5300717270096977,0.8133543121721972,0.806669682389205,0.3920364340297489,0.7758085417376716,0.21211791656162438,0.5031642729563991,0.12587689578089695,0.4282585958794328,0.5199584543718468,0.08831999075774886,0.4633605064971149,0.6486371321009304],[0.6118064700498431,0.06326681013323586,0.10343289219003705,0.3543291210360382,0.8358320084577835,0.8623609321040152,0.3134206123137675,0.7145142435366273,0.5758427805046102,0.973753813584244,0.10275103404389788,0.5469231273954498,0.5906868958938287,0.3115151995320938,0.056014182541641366,0.061062444974069506,0.4545456931166254,0.6886243136550407,0.696172270087065,0.1873504527273877],[0.8508126981856706,0.37961917745035,0.9550805439329695,0.1257964417371241,0.8297256046627722,0.9001713901805388,0.8162220156208567,0.8026643183756903,0.3640838150968461,0.7090762445865535,0.5777596346910744,0.42598954880259404,0.9832494621326062,0.29464562378221754,0.41488114174402846,0.894803816591355,0.29322811351434863,0.15962751928596702,0.3137997546760954,0.7541254435597552]]}