{"n_weapon_types":20,"n_weapons":42,"n_targets":20,"weapon_quantities":[1,3,1,3,1,1,3,3,3,3,2,1,2,2,3,1,1,2,3,3],"target_values":[33,28,13,57,22,15,28,80,58,50,60,57,50,85,74,19,82,18,8,43],"kill_prob":[[0.7804056763707086,0.0673746424497432,0.7892667998207706,0.5007414617199736,0.56052818094926,0.5630982195135897,0.06504404117856581,0.2547753817637819,0.7501915024844038,0.414022757099498,0.5593066426068171,0.9359712495860162,0.055346332951014016,0.45068675836034333,0.3640486501909401,0.11432043767084635,0.941778461784602,0.9522303979535726,0.31525839110561876,0.9377822784752972],[0.04447013458979989,0.971278070529478,0.8292133760804912,0.22004361639498962,0.5975562108558967,0.7923333751219168,0.3229129847276234,0.356676756250973,0.6263933200810681,0.1541521699147691,0.12584639752796042,0.25480917255703583,0.7364345504400907,0.3692672418833255,0.5072110572187585,0.201541545671382,0.2002235540025805,0.6474422340501137,0.11620774683108467,0.6644839126720781],[0.4026878153019281,0.667845495345273,0.3840948874751789,0.8391311399765083,0.06444504583134111,0.8854313655759333,0.27328795369333336,0.051691365766172004,0.5611563334445389,0.22986714577347445,0.4600190607204373,0.7962679219408615,0.7857158255331887,0.5983779039577464,0.9683144704844944,0.4644760733410768,0.048600622547717076,0.8130366468142641,0.22686799265572352,0.182714032817084],[0.07860972352716175,0.33134194476586604,0.32963578771310414,0.3067161013271233,0.5913290809733039,0.7465113259415437,0.9290113842743923,0.10216907710654463,0.15737419583838402,0.5880456603140759,0.10617288199971513,0.3733489989268777,0.6220611859351162,0.7749341313980844,0.22324730170887097,0.6646258528150716,0.642952272530269,0.8524238037331481,0.3174725458487106,0.7450900275904131],[0.7469598671526647,0.2444106511514323,0.618734681003259,0.671658845915095,0.2789398443698283,0.4527639954573464,0.43706217271136316,0.7680393770036154,0.010677430795468765,0.5010060792275594,0.19065399729253527,0.6439051286943253,0.6767614857115307,0.5011039785197116,0.541188950948722,0.3187570252740653,0.317056225714364,0.7402147186533533,0.13909674007779335,0.7660732483994271],[0.6519129179698869,0.876785190962388,0.26494179835580156,0.5060554707798799,0.04820972129864728,0.9042564435536896,0.6718836314655752,0.6204177440900128,0.7280354169668711,0.2886422796241772,0.6017830633771897,0.7949034721971403,0.09848855580998293,0.9496405515044932,0.8840490664512916,0.9537584572280898,0.8021815388509723,0.2984248705905339,0.5799243582819613,0.12775917379363072],[0.749083397032735,0.1605668726729575,0.8594874562257474,0.24574581346255506,0.167203669137269,0.07948627641715307,0.7071378254897953,0.19247970136692286,0.2037144558204855,0.17630267178552272,0.3096792200191244,0.9323872054458258,0.48688924436583564,0.2656603805196514,0.17698294451036967,0.028523391311329256,0.36769279412698047,0.1178602447415605,0.036471755755779316,0.11092011181711628],[0.3221510860645582,0.7458464274095228,0.07564652614515577,0.6751004452814505,0.6181316782252214,0.8743504013574521,0.19030726830261788,0.7883823515653946,0.8575679127071137,0.9669544490187021,0.802378370858775,0.13129283680279993,0.9381864299601621,0.8086922117477081,0.21807868076558343,0.17189345253536928,0.9276858673923737,0.16258465358376092,0.771561317700905,0.4071540691778951],[0.7193291601829035,0.10001435256331576,0.7205571219836998,0.5116731497726988,0.8923708176320708,0.19463044889907732,0.11716895641550143,0.20229589251516847,0.08700385990439236,0.9705475300445089,0.1303994933930535,0.20683392668279998,0.8034920323308614,0.25181930778775086,0.22784747338672706,0.6688635847995306,0.40078992583103235,0.8287695707243061,0.6355039587493443,0.2924504227427873],[0.5959648101073024,0.8591323891169347,0.36719330134141265,0.7317413070937487,0.4175163207696107,0.5422119298229298,0.7290260272422721,0.06931682388364699,0.45585053189485736,0.10330924567276711,0.7205054335826513,0.6056501398814362,0.33039106718149286,0.0847558831249788,0.9172864127893194,0.31870364613670876,0.27986924184880546,0.10898487149923197,0.5758061449146488,0.2703403862818212],[0.8359960205675423,0.6791114479542791,0.013836607693218544,0.564361119432708,0.23719798328333455,0.025059777627243943,0.616979819727697,0.21081607300131822,0.8916430937541646,0.5719131261342699,0.2150014075256355,0.9695448908934966,0.5455127352788932,0.17216272868384772,0.5168973267656926,0.9501620770586372,0.42572602622537437,0.42683860165684323,0.46190418778030257,0.28450148013139903],[0.1685479407827785,0.5773491493010579,0.8863161927832004,0.7310151470633911,0.10426365948480038,0.40283199653431945,0.015189962307392025,0.3117815781693349,0.6659890607618042,0.29442959782119,0.833747152713263,0.47783652926989734,0.6657847995831435,0.8761879188158538,0.6791541024764343,0.8893796801997632,0.8019040488067979,0.5657229604865027,0.3012884380171249,0.302179556558329],[0.867824468061189,0.06280654514373178,0.9326081111348874,0.33051860418833406,0.7340936386171373,0.3334291575846993,0.9442353614484974,0.04574454955359127,0.35625249910751017,0.8601118260866992,0.2785754083542342,0.2801070870614103,0.8907767797472439,0.8239706081091339,0.11365577139046144,0.5785763116719597,0.22892728457312705,0.22083550632956084,0.6130959071654912,0.13138884088171238],[0.47038342098291647,0.2607052995776224,0.8468440231258103,0.5534043477207694,0.22080665463638288,0.9179363396673692,0.8164385997986167,0.2699863857585954,0.9518298896480296,0.2723841387992052,0.2967902596060369,0.38824408721868225,0.1715091160454761,0.6832758159385125,0.5561905793112378,0.8865732319208848,0.24605772113360252,0.1768262688672154,0.3614509248259391,0.15318650983792692],[0.937228007603278,0.7130977629320202,0.79026782155618,0.7430827509046464,0.24796279127723314,0.1478435052598318,0.4308449113492599,0.8224387393389917,0.3339050220287531,0.019371683383748044,0.656859488079041,0.20606180943610083,0.5419784591438072,0.024582449025106496,0.5086728585091457,0.39573631605186543,0.8728037472430463,0.7173775234551494,0.04530759180483766,0.7837319487060503],[0.7854029052881475,0.6601413573664525,0.9207108011855887,0.7971884571128134,0.2245206913099152,0.38391496732383606,0.3529247579876457,0.5048096601106156,0.9446393477936826,0.6132864010788556,0.31668027823172623,0.9326873836177298,0.6962660433731032,0.2707589130123633,0.8983825134261848,0.34732863984671036,0.5158870500727946,0.4796383887759555,0.9151582558332033,0.27035009221296474],[0.3366406119289864,0.6569569796705638,0.8788833888554134,0.12258640885547645,0.21568584852734546,0.939073792834545,0.771751162316342,0.34914837213812533,0.36048211191803564,0.47014319325300874,0.6703235097576401,0.5598202825583387,0.7705975534484854,0.06308345594453867,0.8126599276648664,0.06689032471741636,0.8733544465213341,0.05238934664054887,0.1352757827512266,0.186580684380707],[0.22858976649685583,0.4037268311384485,0.6523723667397326,0.8847513142696224,0.5240127539337457,0.531839946030264,0.3229189959906905,0.7946668158197319,0.11827650355583345,0.30508111704502333,0.10504178546436028,0.2198972024496896,0.5848659533246682,0.133441180221294,0.10860543935825122,0.8193925952108049,0.1259331455322546,0.6058922829139102,0.3549709592362868,0.8884397793407213],[0.7033990360720541,0.06824162688279917,0.8875587482991282,0.4156209166453151,0.3022629000044164,0.6693263811316084,0.7136144428080735,0.30718576133344344,0.35462341507710454,0.16320389931655668,0.5915746935129907,0.9477708722649894,0.4182919730965255,0.9862820579625459,0.18288631240592246,0.790177469860949,0.9195460885419716,0.6842932656099857,0.11713976352464842,0.3300105267616861],[0.09395249691374577,0.5997131584974846,0.9881858329757526,0.3772595209705539,0.16968614167573606,0.27326739077368467,0.5693859298259851,0.5675825510975842,0.23522441627757995,0.7456906457270684,0.09625204566349321,0.6205794771087418,0.42718496997137423,0.13463151944638183,0.631697057053741,0.669588429831031,0.44121988971856757,0.7920329630761066,0.5091302527222759,0.29003936305657146]]}