{"n_weapon_types":20,"n_weapons":39,"n_targets":20,"weapon_quantities":[3,2,3,3,2,2,3,2,1,1,2,1,1,1,2,2,2,2,3,1],"target_values":[25,53,85,66,14,72,47,37,78,30,62,19,39,56,63,92,30,90,82,36],"kill_prob":[[0.26269803713943857,0.7830179462173614,0.7204804178793045,0.5052330345147423,0.39124965434808034,0.13132194567027147,0.7794358173103918,0.6151151547100634,0.37934404614325634,0.9104122165454636,0.6564792522836249,0.9206540895068713,0.47492421113285105,0.45552546758265133,0.928494504507798,0.9505955996786626,0.9515519725013085,0.812519446029294,0.4631580219278518,0.21609330838367763],[0.38577206365227174,0.9295315416874328,0.3662832091786939,0.7515830782870667,0.9145442640692857,0.960984319623801,0.938720663937849,0.5539564457678304,0.49204247315785293,0.9778876985926265,0.22381562048870068,0.19377965645106737,0.9539186517909184,0.6854109253876862,0.5355779296021946,0.13940879698447958,0.5129754440360027,0.9353367304511239,0.6008334968816983,0.4065360499907441],[0.5500809414358258,0.8784221852774288,0.904591687912621,0.4020864023398374,0.6058997823856356,0.28361856042917416,0.45206359023530696,0.22548498404748005,0.5308428166282637,0.5766753322653687,0.3410800014081577,0.2766759346258752,0.15800509449882288,0.14675279288203658,0.7072318933998353,0.2272052435012493,0.1256174806844293,0.9888942559690029,0.2647181718512759,0.8881273491195695],[0.6070022346768791,0.7107687634706787,0.5597005332696426,0.1871949711587695,0.8401105400235506,0.8214133111570485,0.3526917560432621,0.7585736824832345,0.5421794531775392,0.9008681577488634,0.7967678838778885,0.05017585440599018,0.8716904527474332,0.9591950896189201,0.7373130785726016,0.12751526023012666,0.8012283720403778,0.6445392617711141,0.3420497911715406,0.8763499401688134],[0.5642553546841094,0.8458693723990142,0.6667114736125579,0.29274578163082965,0.9655183219438158,0.5695854369807674,0.5164201369899297,0.4054394356881899,0.14361731901613362,0.6824886224354384,0.4321832140456977,0.9259202601485292,0.9557952252465203,0.762288038242952,0.2476448684284845,0.711660087187887,0.030013315945754383,0.8198724927522248,0.49374619574871853,0.9280048568874827],[0.3802048404994458,0.26791013239416744,0.9851552119809185,0.5300643140818337,0.8559188915622293,0.9028360207405884,0.5180993385257949,0.4565996470088039,0.5518282356769031,0.8407847128237858,0.9553670269687836,0.33175566718232186,0.7338577744774497,0.2896669877441603,0.6087339805048753,0.7986937964539051,0.8787565981680674,0.44974186059366184,0.3723605689145737,0.2583825797706701],[0.14074882700982383,0.3676192172708006,0.8645382486528903,0.42043332588642546,0.3209473024949976,0.7343495996946865,0.22127278219341998,0.2611610664379288,0.9271904753715364,0.08995789876487237,0.4163385566385548,0.5752161685469083,0.2356555013023135,0.2853922345500253,0.22740845745369118,0.3482818606194288,0.8905356399768793,0.4329555996402318,0.4194724361929631,0.3888492625709015],[0.9548334123988228,0.12495344749541933,0.8644379125205791,0.33061784637341596,0.9473813598712463,0.31892270131878564,0.09121687599119406,0.5196410466654655,0.23330826772371216,0.7479300191639083,0.6541595059613954,0.6827397747639292,0.19961969883842393,0.7044576595874377,0.31510440644073057,0.9887005474988697,0.7271323098125262,0.5886032772603426,0.859775423631237,0.5875254657250385],[0.5516948694400228,0.24256929074927197,0.6745497554189165,0.3771515396844722,0.052220975255887744,0.8097405604425585,0.06083570331576703,0.6688541203837154,0.1635864736552169,0.4339181262394466,0.8519098253757862,0.10253115813186368,0.6638076649815685,0.6103663676363635,0.8601791514291669,0.1792801738975854,0.7937917545430887,0.45111877280650164,0.4300710342433806,0.36454866382307743],[0.38786266327199953,0.5195604338967206,0.11466382646499647,0.42656455247549874,0.6489415907583325,0.4982285063695483,0.17251287947263036,0.3657906677557994,0.44410244093741125,0.6654973183403088,0.8927509960867478,0.5493680023360621,0.6728407655550168,0.08564583293061635,0.9453776887606412,0.31890451654841245,0.357205914694163,0.22838592502868238,0.09297667033023821,0.7842458543390142],[0.24568028007204937,0.28703398063840685,0.18816035107414716,0.9653875746929025,0.7754141013336203,0.9213016569810865,0.8544888997124401,0.8981708635543564,0.4794533708122091,0.17713060860995847,0.33034272767039347,0.2966024866420695,0.7127911608493293,0.03515923258119558,0.14920137061961755,0.6792274178497637,0.13097350672443261,0.05732601375499221,0.11703086131896703,0.6868606699822344],[0.1465387542166061,0.15337827391375175,0.23569419282391732,0.7458924901125922,0.2063458540155605,0.044667888789723054,0.8977460884644217,0.8687920558051043,0.19112262087854295,0.27003573797798586,0.19478642001476812,0.7151438481824953,0.25500870650544744,0.922820762230932,0.8210882038958975,0.5866331050182798,0.01875946021943893,0.8759960182883334,0.7232064136019031,0.7821492486101863],[0.08038870048055122,0.7043889668141714,0.7984976841516608,0.9475026490339137,0.5788610633267869,0.5078810149592861,0.4268888541822735,0.6972619273453509,0.9124048786203215,0.5977599477417149,0.232737968678173,0.027222471302993212,0.616730855902177,0.8573059302586716,0.07465577202194118,0.39961978478211896,0.9312459875592847,0.5016434559396691,0.2262450651928212,0.35658328353347146],[0.40997677487091017,0.1249437241284563,0.6575763989714429,0.5903210425106269,0.6447684203082659,0.6085757373065842,0.026338626922572876,0.18097359257499324,0.17226056190694333,0.10599245657202964,0.7307662577343108,0.12773447018892184,0.6648301919813373,0.18482250346060192,0.1259439746829678,0.16927944764375777,0.5082353874072596,0.6425728596606005,0.805686362856484,0.135990961355338],[0.6138630124381135,0.7683628074230223,0.3161570680777267,0.08812126778008891,0.1628270438051836,0.0997274746092476,0.8794676924022243,0.37916763499302986,0.5228816330330702,0.7633143887682283,0.3740684536783093,0.6461206015350605,0.08514625615406897,0.48128753461722845,0.10458858684690148,0.2533184578666235,0.29747401104355925,0.7132321278092077,0.6706221025634688,0.7421384871524445],[0.07051994629258845,0.9840359279295859,0.06333162813557354,0.819232835610371,0.7354635548109248,0.5899265546819835,0.44008002184208744,0.751989706204779,0.7350606472034692,0.14443476878000844,0.7867798235016529,0.08698585748626593,0.500535219285964,0.6421801900358504,0.8152550802277231,0.46384801373119267,0.2421209160138423,0.4908464231474744,0.25520394822837766,0.5281508738270254],[0.4632580194443875,0.7748943940753865,0.24528831117367839,0.20598548050653273,0.4747016327756208,0.05949427788703365,0.23475381586679572,0.3566308159039381,0.48787711830969205,0.27404797700085676,0.5594237648142383,0.8708463731162681,0.5428529121304501,0.29110273130170317,0.07074135256226859,0.14393297865335716,0.5599930211762468,0.6800346613422922,0.058674584682989146,0.19183883311921204],[0.3226996452630391,0.3233776467028923,0.9492388738944018,0.20969518598357414,0.07126994248952671,0.3559545327260727,0.1417531316090859,0.13405032583307333,0.4093016478947858,0.3102633164649497,0.09989224063225231,0.6022173608389003,0.501665770699943,0.08555767557227927,0.8554895845338615,0.2890187970480861,0.9521531692482358,0.9229078599051991,0.43541469369437774,0.23399560162956823],[0.8281556582796181,0.3640601247899979,0.17027968077787228,0.5505755615025624,0.4896143938472404,0.8430175212376773,0.7246957522425455,0.8686166971000187,0.7300088541396269,0.6393314614348411,0.5001736092314725,0.9778022237065186,0.9499815275201688,0.8418759219050346,0.7698128295098172,0.5760083591161419,0.26455829331568265,0.8679302465462055,0.020599812181378564,0.23289116745805452],[0.4056577961827804,0.5844340121293905,0.5596617339531488,0.182299509857579,0.11270223581726113,0.22788234903357407,0.3517346131185539,0.023772614161684486,0.6886067041388586,0.2527728870227416,0.35437634781739513,0.33820365677222153,0.5115932048609514,0.8526037276527187,0.15640215443543037,0.3439125709666446,0.6881882315771479,0.05334678501482805,0.8233790624589792,0.9525886376874779]]}