{"n_weapon_types":20,"n_weapons":47,"n_targets":20,"weapon_quantities":[3,3,2,3,2,2,1,3,2,3,2,1,2,3,2,3,1,3,3,3],"target_values":[44,51,62,17,68,59,53,84,69,94,98,83,30,19,30,72,87,89,69,69],"kill_prob":[[0.6820370001096508,0.5001590405260571,0.634236697682995,0.2984931048385607,0.09703388505003029,0.8211606066504924,0.9342814212436853,0.8496858886694053,0.33723528270518693,0.10165954828176972,0.2845356198787784,0.835978668293702,0.6526982174805517,0.9573603592208784,0.3458273980683613,0.5504426778858096,0.7842374572054633,0.2393121038771761,0.9548081751664724,0.5905497190419785],[0.017739612053260127,0.03465021011545215,0.8745716960735633,0.642375897205856,0.7578110686825849,0.7783356809377698,0.42205058072576096,0.7926390212194558,0.9287817959162873,0.17872768561422922,0.7588536715511802,0.31163616746325373,0.3250631429927768,0.4144997540156585,0.8564451295099238,0.03161494596384818,0.43524768267405867,0.6764466965778851,0.11820714911687152,0.7864085250770682],[0.9330645459394059,0.09911612465543901,0.15988917507426056,0.9646152804472788,0.20389852797002675,0.08736088218914038,0.9431486856679822,0.8847702556132795,0.6526109632784685,0.5504023087418022,0.910848042376715,0.6524096736091943,0.6552287261287686,0.8368118529179139,0.6501807637465725,0.503603349296924,0.39192706794047893,0.503071214935416,0.5220290761054506,0.3636152434958868],[0.4491560408007391,0.7958344942062507,0.4181831013023701,0.03504857130272077,0.28735893533837215,0.2371070268098642,0.7877103715953291,0.4503071973023726,0.2847043321744305,0.8044907861647922,0.028832468465479773,0.18076582587659326,0.8204157230078839,0.5496386931071946,0.7681767790878907,0.8314124944668361,0.9331242188167688,0.07215610731727123,0.7932500484325026,0.7045908252554381],[0.212885088663028,0.9230682210133206,0.4061178427002642,0.879858316905708,0.6030114305716269,0.5262129876101375,0.16633345521805984,0.9060410718015666,0.5555286692150012,0.015970557386881093,0.027918850248877546,0.7720799529176866,0.16869762631082183,0.5967636669155824,0.6774603226953007,0.2837782810895269,0.5679275322431842,0.24545357106929322,0.9373891188205915,0.8529667532221837],[0.29228193566751975,0.5282382011313329,0.5006202000108275,0.9508227927910725,0.3961482045801769,0.5609830035291354,0.9201324629896883,0.169554830153027,0.5494758912127713,0.11355946195459303,0.6151489531821306,0.3683695393192646,0.9582833517160086,0.4171009975255558,0.1434638847908727,0.827319961709836,0.8144493575944558,0.6909624271519287,0.7438355658465434,0.26942091333561874],[0.6392124304143256,0.04725947378128576,0.2029523410122339,0.923633858602025,0.7344505911410055,0.23605909016947269,0.11915542772890234,0.9399410559711315,0.11994391273893008,0.26192864708630326,0.188981313139468,0.017314544003532606,0.31785207861608317,0.9646952941667873,0.3450652396931693,0.5042187818784182,0.7410170682433458,0.5500585000376318,0.7387196772640605,0.658403150826705],[0.6063917625390345,0.6466559290675102,0.793181074836686,0.705987566905082,0.7859394222910877,0.15268568551786071,0.6741202580563295,0.7322814740790224,0.30396710384689785,0.8670857812864167,0.3086173712366464,0.24895547698896736,0.859754879170901,0.25207944135409815,0.41719241318316413,0.37056437343608256,0.890100586107107,0.45613102352220497,0.6904227546302912,0.7881581265509524],[0.6253455091322327,0.9348206083584164,0.796457378670888,0.4022024951213659,0.9417956063925296,0.5240833366059074,0.03212577648599798,0.26481301405983887,0.6192949952965212,0.163678604277948,0.5823866839953395,0.3643660618613792,0.5336977704571085,0.011837350915787814,0.8414529275753244,0.3646869780200178,0.14735526559239398,0.43915753986497835,0.4864537476190574,0.6346546562862652],[0.5240711915452342,0.052653110425721385,0.8640820756362094,0.45737875315122206,0.08544801708234874,0.7673716717986013,0.6569513304074068,0.6464490173138373,0.4283757217008498,0.41228712136856865,0.5356118636595959,0.0595825246411212,0.30297860893356243,0.978136290091126,0.6589486393455143,0.42055548210897564,0.22791584088164396,0.7403051746622288,0.2650845035120676,0.16912270176936944],[0.16142460222960153,0.7246780135814378,0.6399540492029431,0.07840997738380599,0.12274195905495845,0.6311699300065056,0.5696937798347158,0.6822790791643772,0.18447813019599674,0.7220561480928237,0.9273745379839388,0.5990293082447324,0.2022074192499282,0.6759529781784244,0.3462200498751431,0.05830199145800699,0.3062919214454485,0.8974733999111293,0.4129165337724557,0.8573720312704705],[0.5084861566523358,0.516638429180408,0.01511199464359645,0.6343619918231926,0.11565756812981183,0.47917344638841325,0.26511051854493695,0.39453530651272856,0.5363358085534647,0.024174832309933378,0.2888919116061904,0.9798196956060276,0.06625114330414843,0.323005618394221,0.3249930454653553,0.38179820251410734,0.6810853000734984,0.2527889227093053,0.46106395725333177,0.6419662955154002],[0.32587561716201685,0.9397971288931896,0.9700791822438277,0.12728009633376092,0.3469434867127939,0.21381262841034582,0.19305380364597285,0.49116024157151394,0.5625505659721813,0.42713899978564723,0.2771037756354135,0.28304914276856685,0.9822855932139162,0.9152038265104455,0.08438086416957002,0.6534196389562031,0.4577400553351474,0.6850378152551787,0.5950214914297424,0.8814673520807691],[0.0756485480030485,0.3526059538165514,0.975784243260073,0.18863964201080444,0.13478677071651426,0.7243925658805639,0.7718864568171142,0.668828076721167,0.7706719121847269,0.6898471406513087,0.14305526864339324,0.606057459528937,0.7713391489083418,0.8582062741979785,0.2513105378300335,0.13488214571976778,0.775468634710928,0.2614173781349521,0.04129088875446958,0.8187092923763181],[0.5058713111346428,0.3301004697798535,0.02120052312691818,0.04462089581378873,0.7867708051490888,0.4899117672655672,0.15672760831053095,0.3613355147040378,0.17199904458677245,0.12062392211677887,0.28078166426066076,0.5485183765131495,0.21580647565598238,0.3467976596590717,0.4783722662773305,0.42162914439948884,0.13605524313886386,0.048088322825170414,0.04474955240996015,0.35317543766730997],[0.7144260369665764,0.13863019275468524,0.781240514037137,0.7113608231275601,0.013864621067898965,0.036212915522208206,0.20113255122729062,0.06499849282957333,0.5307162431648998,0.04883471622924746,0.7965929212354897,0.49310282756689433,0.723395279339028,0.7456884999171243,0.506628660876828,0.9168556187283968,0.9804359583782019,0.36203039229425493,0.13334685744424887,0.36597341507490955],[0.2288868190739847,0.5303855537205151,0.3808198492273534,0.4808404260010551,0.7579238245544815,0.2785405550510151,0.536725230146931,0.33845802434211464,0.7792616468382482,0.6367458997595424,0.01833463590039852,0.656850314283114,0.1767587679052507,0.7199843143989785,0.565991893508549,0.4034530241687112,0.6901851006231133,0.8494614201514046,0.7731688395848317,0.5444716910404694],[0.7182404338543391,0.4156362633048985,0.7832455991318661,0.8224708537903618,0.14454796013887078,0.24327073240206737,0.27458896260217525,0.17276008460244974,0.3946843067594723,0.19917254722062003,0.5936285247080773,0.1095831340396636,0.27452076996622127,0.6622102330274297,0.4005742206706822,0.4230334870163396,0.7919667478992214,0.9748213222251667,0.5637664275891286,0.08748582803433559],[0.11084491473916319,0.9591307075888277,0.6756502144935022,0.747419735967143,0.6722484825318306,0.18602524966125022,0.4493949176082668,0.7921188288669784,0.8590357036832318,0.2425888044514446,0.5940425550171442,0.16395986468368431,0.9491113356593165,0.25716020321263783,0.7221024260318187,0.23649068534231726,0.6137328640209708,0.6560790208822034,0.33185954138565765,0.8124571881175302],[0.8776634802825015,0.8479685316489152,0.334182255075423,0.7394534538324009,0.5583009397718397,0.5907757580021714,0.4778765835532926,0.5982559250094942,0.142941074875035,0.41067028845510617,0.18411832674818707,0.28450342035199727,0.1352582452036911,0.21824569311757966,0.7762906706719616,0.5488397329341168,0.0331702561419903,0.7827539941260733,0.9012790280109008,0.8728206902669848]]}