{"n_weapon_types":20,"n_weapons":41,"n_targets":20,"weapon_quantities":[1,3,2,3,3,1,2,1,2,3,3,3,1,1,2,1,2,3,1,3],"target_values":[61,43,34,72,25,77,41,10,80,86,57,73,15,34,35,77,36,73,31,61],"kill_prob":[[0.5573115499377275,0.7300094191215938,0.9892747036713454,0.5769812043295677,0.802543514327003,0.7393882429692712,0.8486922339931492,0.9454343641564557,0.1992215433115989,0.17215044366721396,0.5846247918466029,0.4503091616287744,0.5693082390607859,0.7920818797957984,0.9230801904482615,0.419067508694587,0.713573992632752,0.2028632040845812,0.5338609103674331,0.03136868222490952],[0.503675555790435,0.5444297299429899,0.7307364290627646,0.6464950944028518,0.3612287996196855,0.015616282698858897,0.12317615615048995,0.9635994404471032,0.9138864951489997,0.32859129981952245,0.26367588112540996,0.4376879678162367,0.6861412290198313,0.35969111920481417,0.07594797077653243,0.40473919059550845,0.2653772145918033,0.3284314109869876,0.16969810087155834,0.6556632680567345],[0.5260983145803204,0.2754458549494472,0.5527852316801165,0.49285369022389325,0.7900553594347074,0.9468645839533976,0.13805709879908284,0.8762352093298232,0.7007009995192041,0.6887024743919467,0.3768148791996228,0.3470300315556226,0.015526695126066633,0.9725607771445616,0.6043757157255878,0.40428205144544693,0.542893445454335,0.04971649341433721,0.18017793618583547,0.6208927264641345],[0.5139764950899477,0.7813333264690804,0.6555678366364304,0.5994069624597994,0.8089603902192072,0.0768978434408626,0.6870690605026596,0.7112788990232352,0.2796602786864108,0.20173664375764652,0.2195754259468792,0.20417804616335433,0.5233065470855227,0.1429137851385119,0.6561001441909634,0.11297669376979415,0.03635184750405108,0.3229044375969537,0.19802252925838024,0.9788888143018807],[0.30693637460487305,0.22762280430500348,0.2028344270292303,0.3763758467074205,0.6037319174249463,0.7763063695453568,0.36728472278820706,0.6234515604419336,0.4824187003137997,0.8395654393283304,0.5676609416152665,0.29409383844151815,0.6995155120346908,0.8136631982625359,0.46613184362868576,0.9774532941046725,0.8715149416074871,0.20301557627218164,0.7810207547131126,0.5989322194627708],[0.534115071851678,0.513659814847977,0.8463429199267805,0.6086553331253796,0.536951865352659,0.05788270862288809,0.44933681236338624,0.8998807308045975,0.7075019947577266,0.05993489849503036,0.8763124365080215,0.820133876949513,0.5457505273381374,0.03195735587863585,0.5611810256731247,0.06349726892789757,0.32397138044473084,0.6263314265246841,0.9046548222045309,0.36063972451428916],[0.8528233072257841,0.909993790192506,0.030623002848168025,0.2446392809974809,0.7056650532429488,0.7517061822179575,0.394568513212713,0.6536195205173979,0.6099154450147944,0.7349794623690388,0.7142852591902193,0.09415338203055411,0.1650851773212597,0.14007260431412968,0.9238304684459626,0.9052717953859295,0.7914640242050306,0.12438418946244012,0.5727860405211942,0.1934860135680544],[0.37101625880762645,0.2717494511046647,0.8223523618577165,0.15156237152888777,0.6432555852378742,0.9742167705006435,0.6833134915885608,0.0876488192268205,0.8996925119232744,0.6402180841358043,0.45718476001309943,0.6564986289702962,0.8714634438631842,0.4775846833569443,0.5306950531559846,0.45339845123359446,0.0811395977971919,0.7813287243888113,0.13388350876900215,0.39667861008254407],[0.3890863886955746,0.28443997624500317,0.40445698337653,0.61564892817478,0.31515956596355754,0.17906169894431093,0.8619801602971212,0.9614159968599928,0.45941214739879416,0.3304793180976941,0.05653243622266474,0.046114509797852074,0.395024355732494,0.9216371779349465,0.7260943725335332,0.3522840304933595,0.9586854966784197,0.4301827451906161,0.2812568890951528,0.4278261798298701],[0.2173123624441561,0.8779259947967798,0.3639498442093365,0.654809585204435,0.3912662548506203,0.8936967896046832,0.6395331366813175,0.48848685247567347,0.13950010979771174,0.8938783295951602,0.5458805309063355,0.2893519135021892,0.87036835398037,0.06335161884651964,0.3177953789829802,0.5360918331781046,0.3430180493224272,0.4771995702712807,0.2690299272843642,0.13748142911423922],[0.046117055844514684,0.16449363361389907,0.9438875837443156,0.5738950706700037,0.4891809227723925,0.3866373625195944,0.7042517430637176,0.1484342863879715,0.2806072702996102,0.6527840772704777,0.4794830772935234,0.7646906881799069,0.8891676470775202,0.816905139543243,0.19052355997551737,0.09964083081643894,0.17605178853414755,0.777860077768226,0.9055544677028563,0.9169398903497803],[0.30225147358303667,0.8335345504532872,0.5355108243216548,0.8163360113812431,0.547397545532401,0.15297535538353582,0.08763516005163546,0.9480747662251527,0.4272865053029474,0.3535102319993715,0.3591770230729442,0.38135572324596256,0.9360968913364514,0.07145049565511234,0.12668006163465317,0.7838584851722122,0.5484213015133359,0.13596602280173295,0.043770934042769646,0.22974966131364286],[0.26559452295606567,0.02392876898314915,0.22176872757044952,0.7335525582133517,0.8483250158442637,0.8902711131743235,0.39211575199067256,0.3230254513854865,0.9898636312437298,0.763953641903157,0.5366050392894033,0.2596760040356087,0.32487934382740263,0.5150570618527994,0.5412412613949357,0.023405071388204263,0.9502120835660449,0.5740941224045323,0.5873750795209507,0.21724171107874282],[0.759687435225223,0.7325192296900058,0.10325481393666877,0.5930944848147218,0.6550298704232822,0.8288568110823997,0.21196935533935646,0.8700821008702777,0.4622514502734438,0.10459314691953189,0.11350879708065842,0.20384836459970618,0.28709569186560235,0.49647768837060363,0.7437761737896686,0.19299138397904364,0.9827987586095458,0.16829149313490635,0.5973904083677045,0.9203616271539131],[0.8258572744192906,0.6449314176298967,0.7111831368550805,0.14152151417125702,0.019469792685043265,0.4354658086731653,0.09772854781153699,0.36059751067456786,0.22926793769834283,0.9080197879331278,0.8724548790278964,0.8125639915603883,0.7096654124457078,0.16099049052194647,0.05740007767516855,0.6508101006975986,0.6394129744315973,0.3720357990593913,0.47323293310688513,0.4893664004732296],[0.24512957009157624,0.31788327966943414,0.4200217635702316,0.601115449313358,0.9467028218970446,0.5377149173286592,0.7265406313523375,0.8008610803476421,0.12123795888238251,0.6500621742028622,0.482468505849336,0.5709823234029343,0.0476485970536637,0.8980914218164375,0.943728466583941,0.01341228521091952,0.21853576020068066,0.18659029023477097,0.7756784269342544,0.5961184579295838],[0.1837869900307971,0.8076915362124832,0.3564053743696335,0.4616397387672403,0.38956047321423254,0.5209526023124049,0.48053961945215085,0.2790923226091938,0.4260649167439635,0.9001704068572142,0.5028362537496601,0.908058682213928,0.5491245068616053,0.7634409473988757,0.29771948346651866,0.7846052202435198,0.26903518072528587,0.02915897221011355,0.16751436431413919,0.031219817531396098],[0.9381213890536001,0.9899774800093403,0.7569856583471302,0.11596560047655587,0.8909665511259965,0.7389006596007823,0.3355996250940461,0.5022323535727534,0.6585241544367295,0.03356946615980581,0.5015100938578972,0.7277475245898855,0.19446086445840616,0.4449147620097464,0.5318795266012346,0.7308540645200475,0.9551646365772454,0.8413100370442057,0.6190880518253512,0.5819678613381131],[0.6011229592112173,0.5442750698065784,0.06817562265374508,0.6943304666964409,0.712010064127011,0.5122307550216869,0.8629798532944921,0.6689880667015449,0.3654113646998766,0.029300466526661566,0.06797841356772648,0.3547622964089506,0.4628632186947092,0.17353369711825653,0.19554174029417945,0.23560713160374958,0.7749030727847472,0.7658620841327359,0.3852802057055032,0.1789170939527079],[0.11869021736219984,0.09538672580622976,0.39345366588138464,0.054631584654697016,0.33696233638380835,0.9523025776903146,0.5073545232978379,0.8161917636984851,0.13668062697749112,0.27271720676151073,0.9376155156531286,0.38588085899534313,0.6454380058793558,0.9666042435793376,0.5497720012041208,0.3092390302441612,0.531309486833021,0.06354445534424212,0.12012247661083734,0.017027682951224525]]}