{"n_weapon_types":20,"n_weapons":40,"n_targets":20,"weapon_quantities":[1,1,3,3,1,1,3,2,1,2,1,1,2,3,3,1,2,3,3,3],"target_values":[29,22,65,94,76,64,93,90,51,11,64,63,28,85,87,34,48,20,18,27],"kill_prob":[[0.277475052214803,0.44825498562506444,0.32944433072374496,0.2758485912538315,0.6455420524370351,0.06197172423844677,0.3435565025769354,0.6859569266216653,0.18233275429538584,0.22650930496865415,0.2066532929046591,0.01090758459677682,0.4742923967949413,0.048179613627800724,0.27748101553940213,0.9849073561001321,0.9100282871624938,0.22077429199320753,0.3138023832756541,0.4644304906231805],[0.8375252757260586,0.7965930225652292,0.13371660783495654,0.1319598713813851,0.4183976088161638,0.8626934818214966,0.8744432991135923,0.11521853269279957,0.5728113422062405,0.16256169318261066,0.6824067238027272,0.9081045829703284,0.45567390662608176,0.09142111919821046,0.5776691119766546,0.4103463367331376,0.804680777287281,0.34353757464786,0.8673992564631374,0.27822639948208916],[0.16436728317091223,0.3103507697722083,0.04421747598629158,0.2856210475367565,0.6569152812043901,0.1494373189854605,0.1191376733308562,0.1397375854292634,0.08600064077623704,0.8671427036060808,0.9352328131865976,0.05562992869421055,0.7548703459126694,0.7324087117828538,0.9869712361178395,0.3509132484866468,0.2897988118566079,0.4540204783936307,0.8494436736062067,0.7240217696871408],[0.4721913376881527,0.24967158642015572,0.7224754264430037,0.8474363306813522,0.40195220644614105,0.6652137369045645,0.4022077807530662,0.4789235693786551,0.5244121723558154,0.7702112977418324,0.9679558644463524,0.44547883938546773,0.3454687061226538,0.37611918634294345,0.141211287987678,0.3009999630613683,0.09471846500343009,0.4293363779156622,0.17401012392482793,0.3494786110549205],[0.7877061944037742,0.2510090975773533,0.6096567289152276,0.8931577908636406,0.5655906032889559,0.19991676051696441,0.34787087008663525,0.5885618230403847,0.5064789169646564,0.1556474395513657,0.44786041779675756,0.5422053610120434,0.27198606016842103,0.6101966050330548,0.07875689749550564,0.33987489289420647,0.798191296122023,0.26409910488999233,0.6030733130030166,0.41182911943610573],[0.32013093956694183,0.9078090541518263,0.34639648371877585,0.24194238345727798,0.9011152893274651,0.7410254688170985,0.6781637194242334,0.05854424322553829,0.1385808615014603,0.6355731645334696,0.215244179795735,0.23112522591775192,0.7735557450367384,0.2902064498602038,0.08015555610887767,0.04570330836366388,0.444314427500382,0.6147860061309531,0.8615075287239669,0.11858830713198648],[0.20273936976253037,0.5292045986893217,0.3668261949971356,0.4828867022205847,0.9156421560045311,0.5439938207873934,0.4168181983998344,0.9796511085657499,0.07391135650154558,0.9234711794037485,0.5016286052241733,0.5036812110117953,0.913525047519145,0.5071775000012081,0.43963894871954584,0.27703882027485505,0.6556404314810724,0.5682521891601663,0.22005852820882743,0.7052246567600983],[0.6412051201899077,0.39938720652241,0.01431290346547956,0.447649527172664,0.015936954787646694,0.08349851951305905,0.4319977044312174,0.09028148650162114,0.2801521251114229,0.652381541187789,0.31244303575723065,0.9876956222390803,0.9079759932366814,0.5836037064938132,0.9576081958622318,0.8606569485438716,0.3225205484636773,0.7446043210656031,0.1440951483238684,0.6808603958911662],[0.49126018996468884,0.026489420467768227,0.27874522594256335,0.9462745730561636,0.3195148553867111,0.18782536619541185,0.19378081764076416,0.47962899934911,0.8357962558571242,0.7528417298306795,0.4381149673870188,0.21455234576822135,0.055143602100147286,0.4633777130930764,0.8084798415478278,0.7250883537224274,0.41042875227470527,0.5928086184792483,0.4375215905272933,0.5774357875943743],[0.5171551395056782,0.6773472681226558,0.5075546666624614,0.9317987782042074,0.4294676179500525,0.025597976978916703,0.24164606470080485,0.5005947209445228,0.5397604148508888,0.5513370935258124,0.7102610563046805,0.27915517976517734,0.6616056054606476,0.6999516276568285,0.4130551375684098,0.4041257171633956,0.18534628994332078,0.4157076287302663,0.7810799658728721,0.9007935454388862],[0.5917409274916061,0.3033829364872128,0.6786439242865367,0.7353432845220839,0.3355685232050491,0.8200169042597558,0.08222191549557327,0.020538643248025013,0.13051135717941154,0.16288818087095952,0.8713504522887668,0.42648206817685524,0.2794330581309741,0.430493613667083,0.39694407484661964,0.30543243462825664,0.145141590763726,0.652797152734403,0.14387231472406226,0.7699159636192209],[0.20765425301484453,0.7267438809906455,0.7994743835815576,0.13281948957896172,0.09501085292224398,0.9405813152405866,0.4637858706175291,0.6276307850735285,0.0327952313193324,0.2831359769452131,0.5052897014681985,0.8784939471216159,0.2760106292130888,0.7696874934615452,0.6589686696935277,0.12296535244963006,0.29750766933615663,0.24310675570984736,0.4436770358218198,0.6326275581866325],[0.4347513603983365,0.24964584423676986,0.6919611928637099,0.58278167281726,0.5189276292673781,0.5533312054970588,0.2274626333679471,0.6768224398706071,0.38975052482799294,0.3661984633354192,0.15673952410143513,0.5949005878594374,0.6006111223355765,0.3434946307931978,0.8526530557282234,0.8385487407411197,0.11687322035278268,0.6911376200537198,0.39595806106132186,0.989720554041635],[0.23052315709095936,0.28491372130619963,0.44326416866461293,0.2733408457070499,0.6881534990587839,0.48128994993785096,0.2264612581525494,0.5062465880968313,0.8810120110377376,0.7865477339130518,0.4988523459382846,0.2927227510791087,0.18628873540847724,0.8708152196431576,0.7059636016887224,0.5707200370845092,0.871845953034595,0.1292564816266077,0.6788395002820269,0.22237806616496733],[0.12816589219566726,0.46629633980679447,0.3896450711690666,0.9323501371386818,0.32749995581678004,0.8086042138709624,0.7438504604589778,0.6645653926573656,0.9119924635008584,0.40976610249371526,0.39187776226320836,0.1677284751098792,0.28024683398516775,0.8721809269396533,0.4748944902531406,0.34452625574689627,0.22178981398052772,0.4852610452387427,0.7123320630552382,0.2909581849479339],[0.752562190396401,0.62719201923042,0.7818113112889101,0.25589143629741407,0.6284075818383844,0.16066057389906507,0.366521042521344,0.7198728929459453,0.6290350178683372,0.19410351083077151,0.8511758186506785,0.06228396269827824,0.5933113747463166,0.9741440902269741,0.5308746372058937,0.7946583835602323,0.5932773537253201,0.7774265486245328,0.6524822526481815,0.6873093742467782],[0.2332549280646564,0.7369844953014594,0.24315168893104416,0.9710274696397363,0.2332314471419806,0.24195032352570317,0.8514996580741868,0.24812614472356276,0.3636847376214573,0.7103473579554465,0.16557360859086798,0.1658903197309522,0.48663125480128655,0.24882281914807233,0.2409447964576529,0.019054142990142426,0.373040599373989,0.32188554352603516,0.040532694610137,0.6188085146493902],[0.6241220783632869,0.0793844623381857,0.320700731651264,0.8653494213554899,0.5805237268796869,0.4137352295317481,0.465799889894814,0.21411439454708905,0.8056438706937694,0.9057246113419483,0.9024507614050428,0.22945570385845368,0.31452546242092777,0.16741031931334607,0.3110571109596669,0.33614926468014833,0.6304436223233427,0.19585345391716213,0.9110089858803887,0.11103748068360375],[0.016740450813646394,0.8478462260579225,0.6996944116107287,0.3582526729488785,0.5935897117919157,0.22907321882244872,0.17502185567246847,0.47172615243594834,0.35612407312654165,0.6129254495245863,0.22378620086981088,0.6596691465494063,0.7615242898967569,0.17330342016790493,0.05298111774955766,0.44079562779531195,0.7685436042725884,0.6477642388626598,0.6978440860062994,0.40478255319350104],[0.24024663434800847,0.5311432664189173,0.21027837987421297,0.7217041230453645,0.2030271268402875,0.2954380013800546,0.5064138827565452,0.48697573546062506,0.5988323888788888,0.4386957084899186,0.9110838423398895,0.8331354123132445,0.8715311822119056,0.6269262399753688,0.6323077575435903,0.6070147100416297,0.4361864713330271,0.32566388104591737,0.5901628296998929,0.0350212003956813]]}