{"n_weapon_types":20,"n_weapons":42,"n_targets":20,"weapon_quantities":[1,3,3,3,1,1,2,3,1,3,2,3,1,2,2,1,3,3,2,2],"target_values":[1,30,90,50,57,3,77,26,97,38,19,60,48,48,95,37,40,63,18,83],"kill_prob":[[0.24684751032509344,0.34601836167520406,0.7008251766932795,0.7723817867833597,0.8188889342999544,0.2151445945190881,0.5384816220195273,0.8920108765547787,0.3941114459896619,0.4312854284171246,0.9751264850226721,0.1207915931118553,0.7014899496724033,0.843180444500074,0.15777764630133706,0.7101641712870926,0.4703434575702334,0.8458330669811503,0.899303270499188,0.8650352050914819],[0.0730974348274325,0.7517181712786747,0.9130970234861128,0.6189214718575123,0.5988585392689204,0.054105279650148774,0.8489123617618197,0.055475489612578296,0.3172394142569805,0.9173458039814711,0.9407502398749219,0.9820625296664042,0.4768742399006285,0.18388095545339062,0.4881855970925022,0.11026666658138824,0.8650853867905705,0.5593264886011747,0.4064157811834202,0.0879400884311883],[0.4071358632802978,0.8588677762223067,0.6993378138276685,0.09080640716074724,0.16670905573165232,0.39446232089335453,0.10934758103220028,0.9253603681534055,0.6492462037382584,0.10292654127786614,0.7822963131328515,0.371037810000504,0.2499732316621564,0.5685852431008972,0.023104690458130482,0.4660897069021699,0.8369288932332661,0.919496444065857,0.345703610328111,0.6395878564017434],[0.2322869696014569,0.5590088095650149,0.25894717163012526,0.5699293784549039,0.17828767494736633,0.9324079056255284,0.8791791268791458,0.3401798844598631,0.7711296311464437,0.10359404811755064,0.7355536905313155,0.28680994702045004,0.14292893330234507,0.6746273935455415,0.47041068146300147,0.529536809695835,0.5201191884551625,0.06825902246389914,0.06035264411082348,0.599144153869135],[0.6213873495083083,0.056231065384812304,0.3808705452500614,0.6105942539692188,0.6535470426380148,0.8217102440910204,0.42231763792494326,0.5472926255240294,0.5769891680966409,0.3158043776343126,0.06274889439277936,0.014141407681002555,0.8294029077961543,0.20622718607193863,0.6276495708759529,0.5755065290710412,0.4016404152057086,0.8268234425266211,0.6944335637795114,0.03228663417038948],[0.771160191889551,0.506858841641727,0.3500789033011899,0.7223469633814443,0.682344317053344,0.3143764731115701,0.9733780940679237,0.6457343169775183,0.6036641182048157,0.07848275621213661,0.2837324047378427,0.44803452227991264,0.6280131902234828,0.5125083581157702,0.7577722748019634,0.2673163582185439,0.6981138553768347,0.8102651059533392,0.7597489760712942,0.7654296528962727],[0.8807369161169221,0.0924949716308797,0.6932477399466209,0.9593046370941317,0.5721776368770474,0.22296998574470475,0.9887787296587286,0.18118374696504935,0.3388465434273621,0.17862094464882444,0.4652226113750669,0.42049848941873913,0.49141607858036135,0.9194237320543209,0.4787578981175406,0.5143337996893712,0.8789484638000987,0.8114028341345356,0.24492759060093533,0.022667436124273202],[0.62690960035801,0.8379528273607696,0.5517931103581921,0.21695338161258826,0.7365279888618007,0.6661484969590445,0.5637318866603818,0.856069450540564,0.7785575058802521,0.6645930495943247,0.661463495642754,0.6589585816123094,0.5246614500182327,0.46464321175097006,0.7054084503087452,0.6082845918408265,0.49018095105453224,0.13412812683282077,0.6978902128801022,0.6430785991664061],[0.3454034574540335,0.3591967028907752,0.2517879364525472,0.9526769512377185,0.8529973356113482,0.5598280488239724,0.403620083627344,0.7320887584224949,0.5271736126034773,0.9663340132368117,0.06402016164371147,0.043600019372405624,0.5672387976139058,0.20921363823512862,0.6022180802791886,0.7757945679762338,0.14534756596117537,0.4417960597057374,0.6848937417803681,0.8271862992595118],[0.4964172082356301,0.21203051516790117,0.5840832704739203,0.45542672735049955,0.7664869184643961,0.554464542918889,0.2838343880710222,0.7493050613267644,0.5173920727027205,0.18399562123276095,0.5618108766791546,0.9393536586489554,0.7014059357189814,0.3028272942288193,0.7066557117870009,0.28695418478213536,0.5418350607904366,0.5260638485118018,0.2524430613335676,0.35092357588222167],[0.9333378256903248,0.25558656568712496,0.7950065027583662,0.6640231684118972,0.5319765498752492,0.1447645720758602,0.21047933765225027,0.18539807111859585,0.5850583737942773,0.9639155327841085,0.8696944775194948,0.034746845270985705,0.2782520919730996,0.1641123097582817,0.9661642850599437,0.24089802990585876,0.20728692133801804,0.6184577877106141,0.5550628519032907,0.23133445410561018],[0.6669575672464974,0.10506706706879536,0.028981684710274326,0.09076649489221988,0.36757086145625717,0.9655160013173211,0.5463020588331766,0.7496315809551578,0.32506583718692816,0.7149522841736625,0.9568575741599104,0.36060567247641223,0.9890782460403245,0.6356417520110328,0.7436195842154294,0.25712389407118696,0.6402289537936968,0.5107861264331397,0.9472745925678873,0.8965815468337252],[0.3987391469465757,0.9379323565074688,0.8771163016950095,0.5885761733617564,0.09047555061374947,0.167574435846347,0.0853367597803242,0.1158332523560798,0.9674133269052161,0.21792395323182925,0.6870374906938498,0.6337976925291142,0.6285219675559437,0.21256991960410923,0.5777596624969173,0.6230275825932525,0.5689972103122088,0.19243921793016508,0.7185993851332148,0.0817782986781808],[0.5893760115832295,0.43753414575328703,0.25528086127041216,0.8012412092456159,0.18237471533874022,0.924322124699992,0.8768737277547632,0.3633757962188413,0.30904987224142144,0.1447369497505241,0.9080012596152767,0.6249812216468066,0.04114791050053509,0.5107794262703782,0.09408296887279916,0.572275671253785,0.5087824839543962,0.09118912459266756,0.8095433812544374,0.26707083362295214],[0.540654676883365,0.6362580990979236,0.9530584429036631,0.493935459022249,0.908969456842165,0.35776019452074487,0.850288457616995,0.2411097024123884,0.7033301671867094,0.09683975387989657,0.9763293495499861,0.9448576718651206,0.4433693657470302,0.5234565136304484,0.5958193650716617,0.27953680849587664,0.6709820065010593,0.6945907076724257,0.5245749624787701,0.15478587863551335],[0.9108022250137681,0.12274418069870296,0.6265887253363012,0.11102682467756,0.15317869495026418,0.030127547748252416,0.36609680217962437,0.6367909131335971,0.5211133353382146,0.671048368223516,0.6715184836535338,0.14737026911435389,0.06619065535328125,0.6228509776259764,0.6501598188757378,0.5555696604388703,0.25084721699758933,0.8045499126426088,0.08417229518633194,0.6296655535349321],[0.1280033051617847,0.651358762104565,0.4193712720670265,0.7137409943289179,0.06114835842739599,0.5539813287107606,0.15198034090247803,0.6787339989782643,0.12755651868544876,0.0821116564928873,0.7088603422199403,0.07226129587691667,0.23004020157288577,0.8182404931831586,0.8034945416520618,0.8470432426251605,0.32957789179693947,0.5274870681752051,0.7678804055540289,0.14424580471085888],[0.7199030616314038,0.10553662240676151,0.9049855964543303,0.6345639788613934,0.49343920643596073,0.4850346695738209,0.1877348068880122,0.3489990250055606,0.7225811920108062,0.5401247484373007,0.5287200800182575,0.2013409766546678,0.6865550657146103,0.3941932230401233,0.18909827166976345,0.9349090565644026,0.506662771928293,0.5274759145621182,0.97174447201051,0.36907801442708355],[0.9341602708712006,0.6910268539127704,0.6304337200899038,0.23972993590363098,0.06072055894003431,0.439028161519436,0.019967542755810593,0.07958246055497577,0.5934202205804855,0.7199823964115669,0.17458936528579141,0.7278504044202984,0.9407313100628567,0.7383125591116727,0.7790209151835322,0.6966983286630044,0.23024269164565617,0.3636721433127193,0.9402816235144209,0.6579863673907164],[0.7832442392553908,0.9593207264677838,0.23680818210241242,0.3252529339800224,0.6419056197778097,0.03387032430832718,0.5697946957870316,0.8025146119242088,0.6082345063476426,0.29948541821818864,0.7196220016693404,0.15311099218634666,0.8868779998929464,0.10889673041964629,0.8562213110871861,0.49785323918150787,0.43007406341804577,0.5006485253639227,0.20620217703106278,0.45853186796763734]]}