{"n_weapon_types":20,"n_weapons":39,"n_targets":20,"weapon_quantities":[3,2,2,2,3,1,3,2,1,1,2,3,2,1,2,1,1,3,3,1],"target_values":[85,40,3,38,40,42,8,13,33,43,3,39,33,4,26,28,15,76,8,58],"kill_prob":[[0.8000441468209095,0.5418342834931495,0.8470020901657621,0.7901457576096824,0.10631887873940217,0.9674662406556725,0.024452497963302212,0.5949012771710261,0.786661279130427,0.33525625705388534,0.5965983964512147,0.36488008023049934,0.06940267550735187,0.018292288707544284,0.10296478950896455,0.10644140223764585,0.6086719818458749,0.525347926343263,0.45635403416967923,0.6880830460903692],[0.026489614272199424,0.2755638117874163,0.7718448766618753,0.9017775643867761,0.43956986431282996,0.08985430053569703,0.7927541644439182,0.8774670246072789,0.4153870652798451,0.24848814884187148,0.05309223485848639,0.5892611654569588,0.9016721007512493,0.6743302650099191,0.3209036259368397,0.6400305578041675,0.8254270392990649,0.47631345816246873,0.8133535201978818,0.39407148313302703],[0.35153556502385525,0.5813288533609829,0.46539268934059164,0.9675696820518616,0.5160616350576113,0.3874685883377011,0.3970348722659655,0.5469811516008543,0.3578137972480315,0.7184484699256373,0.3830496691476081,0.38646149879473823,0.6146337843892685,0.06962993524208977,0.6522478197528432,0.5048727728155133,0.4539655920009088,0.7148679308937923,0.7530906663647637,0.8393356461442101],[0.37730705840109835,0.33049693840831346,0.7100552594646291,0.580168761957637,0.6291655154247803,0.5544124489637186,0.7672391627397773,0.19624007072231012,0.5545978900865688,0.1649397531647572,0.40910690050517207,0.6607139469477533,0.493210176147887,0.38199970593873767,0.877270601387294,0.7673692002075289,0.5257649693003674,0.9410520925619781,0.425877983646294,0.7823114690363439],[0.17457751500538957,0.29007662756838504,0.34132386970727574,0.11370433765043282,0.5017687187745465,0.19841493144396577,0.6315021716606655,0.19629051238155792,0.13103613219248983,0.959704993046946,0.6550754996948841,0.9277218964143187,0.4900900361533673,0.04273441380210676,0.5728837470228151,0.5571623090989943,0.024676093817862094,0.854017203513795,0.6175712670040961,0.7397973459886231],[0.4940426840343643,0.6160343891500978,0.26232049536395374,0.9642826124132743,0.40270560739671185,0.16908008891087653,0.06479711000713477,0.6334484944236637,0.9737122541529266,0.887878606909356,0.6980624761366853,0.9807859704130036,0.7183716968012643,0.34246610093336805,0.5991937703989697,0.08817130963585029,0.22724884041809001,0.41918943120992236,0.20778212369178437,0.9444309945316072],[0.9856855762097564,0.37351720171923214,0.7050444063556547,0.40961531604997575,0.14671902029848227,0.3401883107480664,0.23870426474134995,0.3315166559992713,0.2207212546297622,0.12009821667708147,0.22307986077516465,0.8976418911932459,0.09351724226099814,0.32826151088012984,0.5278808966125826,0.3574224030547897,0.5172549531185094,0.05255165902966689,0.6455982406970903,0.562209225524939],[0.6773469405375977,0.5659126595106923,0.4391455107771499,0.3531387114482008,0.23190648629778068,0.5000663722704803,0.035531403329956836,0.3316760115373392,0.6743148476932388,0.11654269889263207,0.071633417473138,0.649135033185538,0.39981922671950326,0.7957885358183935,0.9285650778918975,0.9478996446579254,0.42708099681629563,0.26904067978953167,0.6064414639676284,0.6256290674096716],[0.6198980373543788,0.32534304144450354,0.07247670168895697,0.21580474204908698,0.16133103946178906,0.131422338867644,0.9177576546501416,0.023570693054488567,0.5998205844515953,0.938524319825334,0.3628520649442453,0.5265561273890133,0.6918679902056565,0.32082630076507407,0.47809894795310415,0.810760793326097,0.7404485519746583,0.8022804232629839,0.9775933603551028,0.3729209254374554],[0.7421494376770577,0.6007288757599433,0.6632726718767724,0.7350764267362758,0.7447366906073885,0.8780302463089232,0.3523352417313343,0.6504117289896724,0.28468462296491875,0.5926773310146356,0.7461516373684893,0.7851810644384075,0.4217220129293403,0.5085458187373325,0.3371728541467694,0.1756556196088379,0.2653070570886816,0.9038942648018279,0.31279015156112966,0.965264146874698],[0.24664852351107408,0.7186096657314238,0.5724252277003989,0.6929326485343026,0.6410787876769974,0.7026136119256374,0.8974361074667497,0.5622001061412318,0.0764918072459153,0.27540892575796155,0.7040546008005886,0.4941931354161599,0.5475809429672931,0.5946488462726857,0.38497668752487857,0.7684176145860981,0.7190641862186176,0.7100134239492516,0.7110039705542458,0.8825508416211628],[0.5934849238544089,0.9577307555070191,0.12680883070282514,0.629319797061987,0.7125880150170796,0.47767600273527233,0.29244421872779774,0.5490367036568771,0.36745272668488865,0.9009415896464601,0.3596565642825898,0.1821928528480865,0.5748613573621438,0.39807273955276196,0.10398018190482419,0.5635455039779502,0.5370894829423873,0.17973314490053122,0.5956854055806461,0.5660117943803392],[0.7681403705807591,0.3643385312457817,0.2537843331903665,0.94219548923136,0.5599931723271324,0.0365971597064967,0.8142974504295084,0.20282289970056197,0.7803155912929266,0.7010591786128455,0.9594374497778941,0.9562677155626357,0.27892241216264474,0.76112058959895,0.32051798406432547,0.6266139800530024,0.5957911632555013,0.06345264530874137,0.015078114838650424,0.06660873430291332],[0.13538320658110628,0.2624994415208182,0.8988161187777112,0.5182600218397526,0.7909539040639729,0.831545517065064,0.7302442366187304,0.3935574219321605,0.8565822059641631,0.7372087582545022,0.7382884145369514,0.8935428406222579,0.59669020300853,0.5280029413629331,0.8823593064451338,0.4553724936009129,0.805339282108266,0.06276943323591157,0.011264145567195691,0.5277266398122696],[0.08213965594005261,0.9670121531840024,0.015391150559002798,0.7137866437686734,0.24851700187049627,0.9582009651666151,0.38391081761533824,0.036737757738587846,0.03639705010060708,0.5523059042901948,0.9769777394506556,0.970178064344805,0.3405275128434805,0.483049576205119,0.10844668968185978,0.5217333188718971,0.5977075670673077,0.2560404322990946,0.6098721471968703,0.8916988966623287],[0.01093622675501092,0.2343550988217856,0.21572117205745936,0.13140847897315047,0.17277918848235985,0.6233942944580799,0.11064050234762977,0.7337609768403073,0.8792821387472157,0.9180559696948016,0.6569722980333068,0.2034484824209437,0.09359064402910972,0.23738445473085962,0.9527180420693416,0.9530982977156979,0.38428050623997523,0.3292757102755996,0.509810370613884,0.2958543296380527],[0.970069202622452,0.22679696222408588,0.3717598285391132,0.43078345818617475,0.1325627426195389,0.38516833023472724,0.8495961056999339,0.1475537814276233,0.5823415118096635,0.40850439529881644,0.17712599159510564,0.022089441160221705,0.2778764374201022,0.07059238148404189,0.3792331018708005,0.8040056585853588,0.7152915556600602,0.9384360374677316,0.42847510899032776,0.7036453706200158],[0.6620348876599799,0.2227053770950944,0.30751085512800536,0.529232942729805,0.7907241726258034,0.46257647977367394,0.23318670545201675,0.9835963764747624,0.12326723022659508,0.9467711293415012,0.802865362661879,0.8321156489216948,0.7890192314296695,0.21400752247852955,0.629930729847337,0.7516148162019132,0.7407720762596184,0.27613406313319605,0.1874970000084078,0.3315605242362582],[0.48024759076984397,0.572305132122403,0.8302113550727772,0.7636535431505237,0.6726275151531858,0.26821950708390535,0.47930288895624445,0.3387271566454018,0.24022961595952347,0.020040453175809863,0.3426727311592768,0.2609939423603291,0.5704642804274803,0.07105573487803796,0.2751092047759971,0.05387410018864704,0.6385895464231673,0.5668257673972523,0.34073042261298375,0.15438790842683295],[0.9487614361133605,0.5827045984408411,0.6755310992406265,0.5307217782040629,0.8004025826932809,0.8884524485571589,0.3850563327256772,0.6862248059859983,0.23528973485546903,0.6488179462187977,0.4011725173770216,0.01664596741327886,0.9464173110541683,0.8610727146279445,0.2950198193391078,0.9878021679482033,0.32078512106540347,0.45966730272989326,0.8442338456509287,0.30850442430148006]]}