{"n_weapon_types":20,"n_weapons":44,"n_targets":20,"weapon_quantities":[2,2,1,1,2,2,3,1,1,3,3,3,3,3,2,3,2,3,2,2],"target_values":[89,92,8,30,13,13,6,44,9,30,99,89,94,4,67,64,14,91,41,98],"kill_prob":[[0.6471279873120823,0.9409244978819323,0.08414627337256593,0.362092779076315,0.018540403380199015,0.971560096747002,0.8946719491913652,0.037491505123237324,0.027769997450570655,0.3696301042242388,0.26336720745508374,0.8399936316976522,0.16727471520642506,0.7848364734468402,0.55337050599085,0.37984393597688804,0.15280536649871118,0.9877374798404777,0.615626398503106,0.44059458791663436],[0.373705005421677,0.8976136660182382,0.8147679720269457,0.8049620726008593,0.613874503503145,0.8801974510418857,0.30329280467962905,0.6996320124600235,0.4063587875440547,0.5979988323884983,0.988189940600439,0.974834285061812,0.5123666361380993,0.5723861831215281,0.889375333754555,0.9759229982635779,0.7730356465735582,0.07388076879945808,0.3261869396569867,0.8886310931219017],[0.7629854557334709,0.7373884096039386,0.6645647658587782,0.41695857263973585,0.4051764939378077,0.802753837838985,0.2979046859297695,0.681135235246954,0.7216843529554775,0.8376648695742982,0.3234878788928754,0.7370514815014381,0.11436009962711313,0.14530049437286663,0.4189893193699335,0.06412126082814233,0.9387443550360316,0.8938578942991733,0.057955021615326285,0.8315454874544331],[0.5086966906082248,0.6979236306060789,0.8791925459122235,0.5754349973361447,0.12400055827893686,0.012527038276854528,0.4969831016064176,0.9402474894818729,0.571169434180932,0.3754803553264646,0.04030357673929509,0.9066798289326363,0.33061352764088137,0.7006818532887942,0.6903524580692356,0.25880549814137294,0.07250195633151081,0.3873003710984067,0.3207883935604559,0.6962512708948793],[0.8133868457466423,0.2279965090438412,0.5276664483809135,0.04979618044039843,0.21997070647479267,0.7565263732156414,0.787530354079291,0.7708763741827672,0.14954016648850474,0.5500140329190489,0.42425424615451524,0.9816565708591887,0.6509884716771693,0.9264980495678145,0.15244329890826885,0.45185580763822447,0.7661754481037513,0.3705005734697946,0.6298583262305737,0.5114681289261874],[0.9820908210336324,0.18039508926418163,0.9266417214235252,0.40353953472723086,0.4686331070497486,0.5280298460161794,0.27005921844490827,0.9543842937585771,0.9032574611300936,0.9634469982071354,0.9869811807653325,0.6664040932773526,0.4526517858896298,0.8437192234663787,0.03332878027961179,0.8277159638192333,0.4973403037267865,0.6697556265417494,0.37656514011565745,0.3712506907894796],[0.04108280975466996,0.425313641820433,0.41018711151094345,0.23029527983070985,0.2523768080689721,0.5824567888336615,0.32141601368871303,0.823646870836944,0.11915740471992514,0.5760920476435427,0.1668438325963203,0.5276758143822455,0.5514949692113124,0.6394517327952146,0.4288764483274358,0.5092851914266693,0.18733356375966745,0.46375504274160306,0.3755697813124047,0.6628084825613215],[0.43612528902655634,0.7737548179606158,0.42747225660221827,0.2410557495144795,0.2782149445794129,0.05437952058980384,0.5391204343888919,0.8242632662223154,0.7637294726812187,0.43903367701170193,0.20219794804162197,0.8562147544315037,0.06564541336416703,0.40123827069844414,0.849482839536272,0.39531315365611247,0.12551796134182072,0.2706305103388802,0.5980288529080894,0.15899518954067945],[0.6518366203055087,0.4393986925752608,0.33770171080411143,0.2461069709127006,0.8168633861395753,0.39874046851413353,0.7337096802941031,0.44154808878463675,0.10002984314904383,0.4416958556639152,0.5075340241410486,0.4586853496235093,0.8099168775133071,0.9026343220621688,0.7810431017068132,0.5811262641667405,0.5406209613437929,0.6417237095211858,0.292073690510587,0.8056099092257114],[0.8497112140515877,0.2718728199181939,0.8947618439772761,0.8417580695118341,0.42599703213286005,0.9008201980508906,0.12803021393527797,0.03742682802472236,0.3509094890821733,0.5641269848507982,0.3544137622422089,0.9332263789979324,0.25961602447404214,0.28558912572082534,0.6321310602939579,0.013786604694874038,0.7230059113075072,0.37992009343129407,0.9681929102904301,0.6875892411691537],[0.06117065598069622,0.10077525256713415,0.09640474478567537,0.9435698146941048,0.6803705103932359,0.429053887143157,0.20647303608243042,0.8661669515070871,0.20752480911791366,0.7025456321463011,0.758057874314439,0.29876296707830013,0.5048164424272295,0.22852949667202602,0.38135106430638815,0.9558317103144086,0.6892752739613416,0.8396819220667048,0.5397875800374061,0.24425894730832903],[0.7086222595338497,0.5005566015747551,0.18331189074491752,0.41418129182584607,0.6321434146359798,0.7306252195485935,0.2483563799725447,0.8684773925623445,0.38196008493318445,0.27571398353489346,0.2012176543446503,0.7980879077149141,0.35708128346674123,0.48373104733017597,0.22836342709259813,0.6823692497455529,0.7754127394013739,0.34263674397427474,0.936177797663974,0.039998397369031366],[0.14028424120855956,0.5870112909292811,0.697378724807412,0.2556693297188778,0.5529896749535215,0.3220185221019565,0.5530074607091584,0.6561411242089674,0.9633518924976763,0.45658292282076,0.6452517194659529,0.5764784629615333,0.3212037960098215,0.2580028490637659,0.9781133073098291,0.21271531446748504,0.7844697617327521,0.1536556432003458,0.7982642439740257,0.1920138741297571],[0.9578135111358436,0.682267903443027,0.0983158788023123,0.6893135770698307,0.6015483475259208,0.3407953217600793,0.26552127780158036,0.7143855661131892,0.7365341454908685,0.33066173197348586,0.8687025686227136,0.2734506745107214,0.07846713745531479,0.597870487931027,0.11492916137498381,0.28113078298115557,0.5070426651874691,0.29063242991015165,0.22069641557164352,0.6991217066075414],[0.5460593545742497,0.8329660232852749,0.579614802762368,0.4837782675383028,0.2660312245785724,0.7862245575894714,0.2029335883930799,0.24738384275369707,0.8347568248180085,0.7363686752146269,0.6106160191999301,0.04814212017084196,0.13471246591903197,0.49995831098385746,0.7414121450132332,0.4648188469079868,0.026947163926487425,0.19058459869348526,0.5869913656278137,0.6903327184942315],[0.042759746457666295,0.052465118391290325,0.26608391314723573,0.09183166147883363,0.5411073075494974,0.13122794231754686,0.645254948203394,0.7716808129214352,0.9611063304770645,0.93943882240496,0.27789784723057265,0.03882141057070937,0.3328239717895326,0.7043105163384001,0.0686051850870885,0.3625184045180001,0.3020738565959688,0.22495872310259718,0.702008139635709,0.6559150649238866],[0.5347842121536565,0.9025591468879656,0.111076075675667,0.15669543998856822,0.3857806856350248,0.6527644108256426,0.5823977064005038,0.08256183371857333,0.9492563076715381,0.30896352013216366,0.361793161507432,0.6211572030625551,0.93626220711054,0.6594344743212066,0.94567786295675,0.1938392964440694,0.6164337303934763,0.8223013140387592,0.5088439788897502,0.36493020231275364],[0.9750633594312397,0.1481675935887273,0.41271093697808353,0.8659062775094469,0.8924711315758025,0.9707744595285787,0.8771506404190939,0.05993788487966428,0.9211711696349385,0.42960384757864956,0.6485868037074504,0.39639035178377674,0.8073947150812777,0.5744008907963107,0.8386337497029243,0.1998960420903519,0.19128343285980423,0.44156926555309123,0.014656514063230926,0.6889958957983329],[0.3001326532518508,0.5561533592901609,0.07860348925162994,0.17723147219504007,0.6204019866214942,0.3095493745688222,0.22042750373392103,0.23426957079161256,0.22052297743098556,0.6203939304419372,0.17433739018006797,0.36545223199629256,0.6841291282815832,0.5133976362006976,0.5953352533599742,0.25588883987447353,0.9240605757019015,0.41560166335000887,0.29122465788008783,0.8962396603773028],[0.6521838229590993,0.6116669458756815,0.8789999591228447,0.06736948054595672,0.8309259217674286,0.6743070770189988,0.3627929388845268,0.2612243156733785,0.11270978188392648,0.9322526868417562,0.14907386126294547,0.26424976501626657,0.6872850359780804,0.7059493891282728,0.16755333051054208,0.807848537550315,0.5100815237928352,0.8414875445528067,0.09553968205059363,0.05197339911181588]]}