{"n_weapon_types":20,"n_weapons":32,"n_targets":20,"weapon_quantities":[1,2,1,1,3,2,2,1,1,2,1,3,1,3,1,2,1,1,2,1],"target_values":[57,37,48,51,62,23,39,55,86,81,76,22,41,56,97,36,92,75,64,71],"kill_prob":[[0.6948138629918034,0.380247071049907,0.5972937169110685,0.6480634800127429,0.6771976929223346,0.5737512269568209,0.8594686518867605,0.2538226076846025,0.06469065357414898,0.9532533847963238,0.06951905209139118,0.8948965426761156,0.6100392382151391,0.9103655776083075,0.5636548519513862,0.814588550982951,0.7168644579698429,0.5246098909874573,0.36605711815454683,0.012801840274575472],[0.2558871690779894,0.9427314723044645,0.27995261090769147,0.7468153938089563,0.5083276622407091,0.31234409696170334,0.9812715799831329,0.056034889974298285,0.5804355643445434,0.4622878516895171,0.08499588150802036,0.21981428169904796,0.6903571342043335,0.11616205719756482,0.7950046083387181,0.6225597740730712,0.10884044298593476,0.2910783361879824,0.1444343050999272,0.7916492696466116],[0.5323004326231536,0.01277333798225476,0.5420455742835895,0.483147610579652,0.640214874932655,0.044147174377256175,0.044717276094386346,0.3523807429934496,0.6847673342382574,0.6632269307369217,0.2826983076260496,0.22174619367163798,0.6794630854334415,0.03657048141112655,0.5556476650605656,0.42561666920324454,0.24430508157650593,0.5198921275458155,0.22282430349034696,0.5630351734382574],[0.15599435950181656,0.40757905384952914,0.5102178085987092,0.04106700748295091,0.608502895660222,0.7453089876275533,0.9469520915548185,0.2090638254151215,0.21452145990458715,0.3087342077442606,0.8829487567077674,0.40872002041901484,0.3057579368144358,0.7363571662417885,0.0472303740260896,0.5478382210821403,0.45118619125473547,0.6223610465278027,0.7264776800206042,0.328488617834366],[0.6336888423027777,0.5238421289017747,0.14128845418247107,0.8740916838494674,0.749498364474238,0.9132210515444482,0.7159964996347195,0.24991042926165488,0.43191570063326956,0.3891310569359716,0.04510549397951304,0.41233718991930896,0.3486580649178274,0.013845310476862256,0.8401807939094662,0.15099693650769613,0.5009331240375587,0.7789842666713643,0.602391741717813,0.1759642008749979],[0.6158469031518093,0.7524449565597614,0.8476692258212961,0.3222806845427806,0.04324297252529895,0.6057892423140488,0.2312531399410285,0.7752771724656996,0.6762840751788018,0.7677231175824092,0.9581805763149736,0.5828564472455704,0.8962272794019076,0.6390555148245635,0.1881094592747104,0.7933220159187796,0.6898246517294409,0.9683809821214177,0.24856334916192915,0.33646300595825385],[0.8150612060703245,0.0716318060729088,0.630535769322642,0.5347665316782176,0.17544543482220573,0.1718192750750383,0.8039936688288999,0.025136252328921277,0.7419046115037432,0.7280138824643972,0.6466863768412814,0.41132730981964083,0.037754269853722884,0.7957411349271568,0.13319305973031248,0.28517173447651156,0.9378472682553791,0.3058238059858478,0.2600363673870232,0.9639031442708362],[0.09421355805375549,0.16747658015900052,0.43955116458414945,0.7819196652847197,0.876671760164411,0.7505230082291106,0.9666515309707967,0.02650921975481943,0.6171164238916108,0.12401927784723514,0.9021554857927727,0.9266010632122045,0.30696765334972165,0.8211543644793384,0.6276700638795522,0.10847900879535699,0.6007127961418753,0.9665358985705151,0.3119321680256087,0.011117960623082339],[0.9672558436591154,0.4157037491014931,0.4323141124865152,0.7083598747518637,0.6022976794015358,0.3059468800657492,0.10797832108284795,0.8208152695482519,0.4837096328194745,0.6690248077737867,0.8532946061167626,0.027367931699517907,0.8521975714038376,0.7467593545616326,0.9378853149867346,0.23891898916340806,0.32597389045395914,0.6582491677602692,0.9172771288880086,0.9828159742204028],[0.4184028975739674,0.538445082206329,0.17713998746145693,0.6900958598938264,0.8306230144350562,0.7926763261955316,0.34892618386098123,0.9539987353996608,0.12793965529727072,0.4940906147942366,0.5535051875892432,0.5357835799125815,0.7527329640853652,0.6074150878277067,0.08558684462829115,0.18625462036801133,0.5315942402420015,0.6906566490421504,0.5138910415663667,0.35839762777165546],[0.06011187051094721,0.780163281348409,0.4972503551001269,0.5380133479361509,0.46957897746255783,0.27003850743083174,0.28084599544916716,0.07223077150499083,0.7034470358778941,0.2764354156708515,0.30259012121079215,0.9836301185827834,0.38809630470771483,0.5104832635989287,0.38874363874595796,0.2943872909794879,0.0157337234818301,0.8477886208197498,0.47369060193126034,0.7154924976352286],[0.949483557796979,0.012774713154662554,0.671538814707372,0.1262678899532599,0.4588057565288712,0.83984643927362,0.08006593200477889,0.9798212151810616,0.5792191115559958,0.3970935897388121,0.029120060028696257,0.5850866165981574,0.49499265472735526,0.22101066212903905,0.4906385829157507,0.022533478742526685,0.989488061748218,0.3354721523423159,0.480617705099966,0.7790826046893985],[0.7085227767215491,0.880787859888059,0.9324992221292201,0.1953942743470391,0.3925918493012591,0.6830806521231435,0.05412378992180636,0.7126060080557118,0.014785771201222786,0.9058067067421831,0.7138060607467709,0.564189189015683,0.43032295285520067,0.9782642731754831,0.7317814986922827,0.8011470983636142,0.8188772904301015,0.031437434622045624,0.06359069736101461,0.2043976860057143],[0.6521132441653238,0.6214702122754255,0.32866028370750533,0.9635387879109707,0.1012445092855623,0.7711857203161447,0.4812595772915386,0.42045751597307757,0.035053693331000495,0.7232436487878166,0.7661440005516349,0.32257834685290543,0.5166236131839288,0.6043132807701651,0.3702923380063475,0.6132703660361745,0.43544451822841274,0.8705084583854937,0.7141429621568021,0.11828998348069676],[0.7936111199855711,0.3407555187671087,0.9268570535913684,0.6013038541824923,0.0370264014279805,0.7296754509990385,0.13811968159162546,0.8697221332981331,0.9393637014062541,0.6913507359687551,0.5322153211816251,0.6000217476763204,0.43027806777201366,0.09191112637429832,0.9202666288576301,0.33260280405935344,0.3165908182263949,0.19749828031616712,0.9825600838577729,0.9337131485346857],[0.35244372245668276,0.26480527332601117,0.7992621390887129,0.4241578491922167,0.9584322890863799,0.8931923950171484,0.7542623154149887,0.09812580431207953,0.6980851818243903,0.9775092991236581,0.3758266823240914,0.8739376229883279,0.40997900255926945,0.9618975206951941,0.6505195441558056,0.1045704732555169,0.47946482401873075,0.05873417832976341,0.39717420921238594,0.9070735898582596],[0.23755815059173524,0.9415564225200892,0.10792458374243764,0.6615153161326879,0.9563718450274912,0.6510705022585859,0.8910238746801774,0.9812098651528818,0.6390065673216148,0.7766185703447949,0.04134548990414234,0.4287641709486632,0.29250004643481387,0.8177016273172135,0.6740264523296796,0.6121259379325853,0.9229275140625393,0.09709044897981346,0.9447644467702812,0.10874941302583661],[0.3500771959448672,0.6276681915012388,0.3446466797901266,0.6788855527284783,0.7699102468116551,0.8219357133425125,0.18575682688591988,0.18843516226506965,0.06126774737033141,0.4910348021286897,0.14478294646906437,0.32222505155936904,0.8336256328976313,0.9396857638633299,0.8156344284000713,0.010635415499206413,0.5666637565119966,0.17332692697559912,0.37823197298262257,0.4293605652622719],[0.9340819426557969,0.6310639572528116,0.2723019509405723,0.6399389438207707,0.9428281680028442,0.06797594161024494,0.8096679144857717,0.22255960459985638,0.16004579302267785,0.8908895802999811,0.011812467857939346,0.7362640255654345,0.0954838416916003,0.615635389139804,0.618478963362757,0.8555205285016323,0.8161543672849576,0.6814610562243172,0.38293663861251337,0.17307763210661878],[0.632969267577299,0.4970304027337543,0.0863834170357597,0.9464506526594756,0.318131129513576,0.012097949692459205,0.8936564977606928,0.5755098622732531,0.7283994600793111,0.1596129154894771,0.406513560545521,0.6421600052174715,0.2559454139999134,0.6974689662804746,0.23894262422039822,0.21494527059707533,0.02139215725517518,0.2862686104462406,0.25180205618922197,0.7590694255467412]]}