{"n_weapon_types":20,"n_weapons":43,"n_targets":10,"weapon_quantities":[3,3,2,2,3,2,2,1,3,3,3,3,2,1,1,3,1,2,1,2],"target_values":[21,68,91,3,82,1,95,94,91,53],"kill_prob":[[0.41125312415710347,0.31106977668831437,0.8066684487119238,0.6630718295454955,0.28625428160031563,0.48985997004830667,0.4273353286129844,0.4626378408850087,0.21158057719103643,0.8483742024786529],[0.684818573177239,0.926239812615446,0.21199050796922597,0.45565831196205053,0.6775799723673241,0.8424047819081529,0.07265979555936806,0.5609027110607352,0.9689275058087355,0.04348569979902657],[0.5065414695510603,0.12645833925673985,0.387503361487768,0.9643725142970345,0.3250625405131735,0.7064493789812148,0.12028459308887715,0.06907760145527383,0.15953972072378245,0.8590121075705344],[0.11867001215274045,0.2128521884470793,0.9434813232166457,0.4689384959624728,0.16278629622411267,0.9332502966322105,0.25906668922289183,0.24235872637929684,0.14317817102646663,0.8612639695160018],[0.6794502426141509,0.9368132925855996,0.9365935810067543,0.33718932449444805,0.13023915990940935,0.25507464057104196,0.09119291537060119,0.6581626818894022,0.5662179868606269,0.8728901474980411],[0.9867373160119991,0.9163285031909664,0.6966361010701599,0.10260501269054502,0.7242952208228743,0.29656214945191695,0.9094075454073879,0.5973580105012228,0.24342356470179902,0.3070236458579997],[0.21869424874332657,0.4720191543255311,0.9086835996380938,0.6247963924168093,0.8211058189189441,0.17397562591400922,0.8934726646257068,0.18906770127298442,0.5714481700273603,0.30144759062304083],[0.8809106120010308,0.5424251592461102,0.16270725791273746,0.6812317906510624,0.3741338459205596,0.24254668551553046,0.3317537360027946,0.44128274282975666,0.6260959677449641,0.8037793133591653],[0.23786225151852053,0.05214764515578225,0.14088857591357046,0.09130310515193008,0.7164722209641542,0.7466731163873226,0.523062482877688,0.3317486964286798,0.8468156086322611,0.1606849897882285],[0.3298364027454558,0.9100284851962184,0.04224854290929597,0.5749907849001817,0.31048090833029635,0.8298378660482674,0.870213641236913,0.298846591062219,0.28507380332992843,0.08476792483278862],[0.8285777909878861,0.9081654205507375,0.6298129138497884,0.3064322267054213,0.34473164849293925,0.12675615027447545,0.3112408775610638,0.09385532513543605,0.3518801404659489,0.014544488078602633],[0.052887691710256965,0.6915000705143186,0.5233314529396795,0.9216807759233681,0.8162852342653565,0.3944403219769586,0.6697864047043507,0.4065812673406129,0.26632233514299053,0.7574997349771196],[0.9024977823295738,0.5361409307718833,0.9416596808148249,0.5756631929281529,0.7417968196047738,0.1768687645681813,0.5575978794738448,0.3085018042159335,0.7197721735354957,0.07039438688283359],[0.9842850268504508,0.683044426906603,0.7417434093032815,0.03766410365939015,0.9432555448894125,0.8391811204334376,0.0982030739480857,0.4487541696094404,0.26625552240038747,0.804372633999831],[0.29124209011666363,0.9696038157268024,0.504087451388845,0.12632376865017486,0.200463801792219,0.5974139826182826,0.1959132686993058,0.5722189308887394,0.7037925083477597,0.7110549436177565],[0.6775812492670565,0.3435932932799028,0.2253650741979415,0.02540476725678719,0.0932425912201831,0.04509379500203387,0.10717270432883567,0.4034152095583725,0.7093230363454525,0.24612717824534563],[0.739845381741484,0.11973349177413115,0.22829761566265416,0.45013908867949687,0.9267014878361964,0.19409527728629553,0.40655077136717743,0.5622293961664935,0.16240664661921467,0.1089480177482913],[0.3990507910182568,0.44950373496290114,0.4986486776894651,0.16537701808241018,0.11261957917935932,0.7384036116250374,0.6405759433844126,0.47782634004102237,0.8051154796189283,0.6319902007298696],[0.29673652565081515,0.6831551106471585,0.05023539217159938,0.4218430301421554,0.9343238778177196,0.9809221249637261,0.5551797811732494,0.4033788654753407,0.011436141999533475,0.8471344024255244],[0.5813400840455792,0.6314579471934094,0.21665493837757277,0.3969660901564423,0.5463746910855524,0.8038941887121933,0.6227190379700109,0.8513667750553603,0.7940346224934441,0.5174101685616702]]}