{"n_weapon_types":20,"n_weapons":36,"n_targets":10,"weapon_quantities":[2,1,3,2,1,2,2,2,1,1,2,2,3,1,1,3,2,1,2,2],"target_values":[21,3,30,58,80,86,69,44,19,72],"kill_prob":[[0.7565626688879873,0.8353902891469779,0.936727469211719,0.3055608648128002,0.7517036155462775,0.6884100361489813,0.5884973553896837,0.26046828064479527,0.2011094540328039,0.9365690538197411],[0.47085767601625816,0.09687258526661477,0.9285123202135552,0.7053791462738934,0.6089972730614183,0.9048873785995499,0.01650536487470915,0.7622409261648824,0.45310067753040895,0.5628500640985359],[0.5570534795107547,0.3924107640025409,0.9395486001680632,0.8831494210504498,0.40575225841069035,0.8771449770849352,0.5685081767210252,0.5997127074506877,0.1135687826965706,0.18272460741539534],[0.3604798098683269,0.6224633948527108,0.4491478921405257,0.049064740396749726,0.5554610158463592,0.5731285895140606,0.6573332024826812,0.3103221716713595,0.8595689032388649,0.7257023198554811],[0.3950510843245883,0.017187528703794912,0.5996602095863702,0.19277418880630157,0.8812318767933386,0.18611403388431982,0.6152225463500806,0.9788344918271462,0.6319147187521239,0.5491458243375873],[0.6156202717364361,0.46413937665029104,0.8959006317405843,0.06457647257897776,0.7830934882258687,0.96500958525782,0.7004178407521594,0.6248836223758427,0.7700901578640381,0.5044891450307607],[0.6109937090983444,0.11007738470631584,0.27857141016021086,0.372763289796365,0.8734548610490099,0.5991531357228754,0.5231127963334359,0.16843442015609408,0.4588911906086489,0.2476623730626265],[0.0404472839140304,0.15339376153170278,0.9699438126993785,0.6377918314043258,0.25501656273212264,0.0878186581077753,0.7715526289085949,0.9030518134084443,0.03498977072012104,0.602830612995142],[0.10686521429365499,0.7299495618413911,0.08613635231479694,0.7153355119560088,0.2999960905711673,0.13654124243069796,0.2756930393268071,0.8913419637972897,0.5409059803943324,0.3350541363704102],[0.2655896649550855,0.1962578954675599,0.5908211685926231,0.2120877488683373,0.36982863883091466,0.22282400137917188,0.9186951288366328,0.4722196535220792,0.15134717347852192,0.5038744167805653],[0.4341038566500185,0.9638945637031111,0.014302688595862938,0.21106602232289606,0.8637686642936404,0.06974939291128225,0.6256514727239864,0.2736233713193244,0.818744024796764,0.019174574851374235],[0.7680394805568646,0.09328458376453064,0.37148973626683884,0.8109407791964284,0.6762245869663467,0.394435918437549,0.20996296981247295,0.7177775347423544,0.6769399536922167,0.5622775153365135],[0.7892289962497356,0.20053542030687424,0.41524820868954454,0.9109702998371786,0.7148366555486372,0.39303883795640626,0.4824776979411145,0.7273947445796316,0.9873538420636968,0.02534015028825716],[0.054083601351432274,0.31280208901457207,0.9128497499020798,0.8117618581462951,0.7877694067605862,0.5301112673129549,0.6161054074667617,0.32173289453342196,0.032846932898718664,0.9289231499610632],[0.984749113188847,0.7057433109575441,0.1401615550643191,0.3883425426523194,0.1321122299843015,0.30004369886909316,0.027030927477747928,0.8963212209405161,0.9765599171275964,0.676430729624453],[0.28171770835568577,0.02968854132719053,0.792485285814861,0.30122556323345323,0.9658214047086613,0.2938933466387206,0.171665228703085,0.13915378068647646,0.7675962697856265,0.9113622654681635],[0.5774677765275255,0.4081137119486146,0.17673156521742545,0.2759686688403357,0.12075581173298484,0.7567443908902564,0.22402506170710543,0.545613817004982,0.13907964406051354,0.04900502079743784],[0.9411995157408746,0.9835238991804611,0.2595996187657815,0.6443936420547236,0.9553046006440754,0.6796105990236351,0.6393571076292414,0.2883675800157968,0.2536682236967549,0.2751454433024296],[0.8430903489173219,0.5450165621905179,0.09705236025321055,0.6199567614110337,0.7532091557703458,0.8418836040153868,0.5262320947341677,0.03578474307620033,0.8721704448548803,0.9266441615592644],[0.4303019821938572,0.05947380854597276,0.07521634509555257,0.43408700804572997,0.4597130483915584,0.7678150520910095,0.1846317437354732,0.05783406459696251,0.14524109874505509,0.46683373224962704]]}