{"n_weapon_types":20,"n_weapons":39,"n_targets":10,"weapon_quantities":[3,1,1,1,2,1,1,2,3,1,1,3,3,3,1,3,1,3,3,2],"target_values":[4,93,12,75,97,51,74,72,54,33],"kill_prob":[[0.8710754815560212,0.7043049141932498,0.5594498540615725,0.1816233931606152,0.33344560333762563,0.017383952304229358,0.5657740788123815,0.4487302599099709,0.03834655236911368,0.05497127697358897],[0.05706100598392103,0.7762057509085589,0.7737794291687862,0.43977604143158394,0.8483092529991616,0.31434524127826313,0.19825827911825725,0.9077122129214945,0.9629022580737567,0.5363018425544944],[0.10666236029379073,0.43273396987717955,0.2561548450855513,0.3493874760066154,0.28268909277964643,0.07993014961673602,0.8097670911713114,0.09196815276563113,0.8391749298861746,0.7583388267230525],[0.33668365092811575,0.407764747103168,0.10192421862387264,0.15696282203599646,0.7221808497797207,0.11971015458961247,0.9111804885295328,0.41346855409375527,0.7827421182418096,0.9562211669388717],[0.0994751543508653,0.3752252151510006,0.6360062536895313,0.40292278977550616,0.9709364052052974,0.06325840822142433,0.21111942726088725,0.506535657727994,0.30062811854449106,0.9357756181305821],[0.3887234857554271,0.43579997051039926,0.138013591837696,0.10414807819764216,0.23746594703785429,0.37249797427647113,0.03602733251748666,0.4197905200973751,0.8566918336537336,0.9873544783449998],[0.03088825331187979,0.6554974580971008,0.9799319668982691,0.7918870825311481,0.38252813617516285,0.951089829667968,0.06409296460266736,0.8373125931354892,0.2415725940939799,0.6023011163529356],[0.5886365404316358,0.5692715380315085,0.048697916518198825,0.13853580541217014,0.5792933988838331,0.2162385726760563,0.5567836689260534,0.9044367257233143,0.676663271234117,0.010219062266994388],[0.44863790930004893,0.12177656340123223,0.934291564128613,0.0957341071059359,0.6128979134580879,0.3112069359634357,0.17114891174430338,0.9890683467731108,0.4019135123744785,0.10278034175750085],[0.9085287963259907,0.13043215679587056,0.3036716629271973,0.084996265519718,0.19905237713944368,0.5604103220900112,0.5795520550097691,0.8436288138718354,0.06625690766894012,0.12131469300033002],[0.054708886650229056,0.9331689593143617,0.0812577541987367,0.4894225621140065,0.45298078947194925,0.5233700254328087,0.822599985175691,0.4926773868248608,0.18460890067364527,0.12175702188737113],[0.19871955374920328,0.7612002676573515,0.27753789732660067,0.4950475654372482,0.652382339498231,0.05125918888901766,0.3347833441619337,0.7110994265701177,0.33306940680572655,0.08048753429248555],[0.5971796318309699,0.16016995441142684,0.64216586268522,0.49875936844564445,0.9224185120382561,0.38912771135594876,0.09082347863795265,0.3391821842175932,0.829626178809848,0.7786080142686695],[0.2224060069333557,0.9193508333925103,0.10460186185738213,0.8817628282883124,0.7221635787416321,0.2690224111097742,0.6086764883922875,0.26684846394207806,0.7903248350440308,0.010175026133810024],[0.43454823897703565,0.5724358150545682,0.6281353235384256,0.46298519544919187,0.6878966342817334,0.1609753972833173,0.2394618136527917,0.4504638247169211,0.42318092933548834,0.38466469863872027],[0.7654619461327203,0.31720507732046593,0.4020624075305587,0.08772794835991493,0.4278498815969274,0.6119683892590599,0.7521742036069212,0.31658520615792596,0.45644509988834364,0.12718897493455522],[0.1773496099476233,0.16544292429049862,0.1512515381584108,0.8770975590341628,0.33485021230750533,0.07229038624675611,0.020701959737564612,0.64546861738667,0.9637781089202787,0.17493565901211353],[0.3446699062181989,0.7057802114094446,0.4691377011724888,0.30884835934493193,0.7563685449009576,0.47240903389843997,0.34015562602253824,0.025820822446049142,0.813856241538269,0.1372054909958757],[0.5002172154955005,0.5456651023237016,0.013618323746008925,0.3108254831066652,0.46660445587607374,0.6408329024511376,0.6352270771603978,0.3801427638381836,0.45349560294035496,0.23382759275606732],[0.24718324184439563,0.8397837940092381,0.9274301942456259,0.7743101861561731,0.509787903696808,0.12495919251144225,0.6828642207849052,0.7225607964021581,0.0159535055017115,0.3700363875167826]]}