{"n_weapon_types":20,"n_weapons":42,"n_targets":10,"weapon_quantities":[3,3,2,1,1,1,1,3,3,3,1,3,3,3,1,2,2,1,2,3],"target_values":[99,33,21,73,43,31,65,29,47,82],"kill_prob":[[0.38386261039442304,0.6484898219173955,0.3795370714551453,0.2867071898527774,0.2589033755366065,0.701875896790529,0.4810806692786951,0.8834373290437095,0.8723551429842702,0.17530173320450487],[0.8619061028838202,0.012889412151909654,0.8725485900723589,0.6096393174665108,0.08555875354613503,0.4744174095310844,0.8189067054971563,0.40932369215225867,0.3984517559004456,0.33888824425254815],[0.16236197669918703,0.5439114435484586,0.6273572119678963,0.6963008717593892,0.19725623246327345,0.5126137196855551,0.7514450132678833,0.1317434183001133,0.6590629899394022,0.6846306978745214],[0.1397649437835339,0.4262830496253978,0.6530222310746848,0.3176568794872447,0.523050668907613,0.8713936224645163,0.8725815142289098,0.05343897634309014,0.3226881800419489,0.21439983570768148],[0.4245476998763592,0.6534121384139367,0.8573684459921713,0.9433696045861101,0.24070786293223212,0.6788786826074646,0.3842329590495029,0.48908308957462554,0.6521748107429864,0.7133573697127511],[0.5322244743072936,0.6218905577914399,0.3776162300449324,0.14802015350926354,0.7407828504560341,0.49454770210398996,0.6433507427384892,0.6097679428683325,0.27440270844570347,0.49212316914460497],[0.42490382403842725,0.3861425120199979,0.4033392154497064,0.7699294178697811,0.6952436840576698,0.2020433920473455,0.17433704745286396,0.036335699987957666,0.36250393701673744,0.747011788314919],[0.6548667789065653,0.45597886700682816,0.39502812545239385,0.5089670789471532,0.03930260974498871,0.14932598611906284,0.0794366947140271,0.11148227875630162,0.14969053657572032,0.1930575394496482],[0.3675585114898306,0.8142457175671478,0.6312969557825955,0.012876242258393828,0.4228773995956488,0.46554810867575497,0.6792278995673161,0.3892626495096365,0.6259449421750628,0.07296502343614293],[0.9233271942923595,0.18442317099352493,0.7286580836083026,0.8769412004211543,0.07939654815907543,0.025805483846110304,0.8616866637121625,0.9180765621146794,0.9706471364515761,0.5112061276472699],[0.9426224715296772,0.34444401378684436,0.2851327931154648,0.15243040274329844,0.06871660265776314,0.8111646707849118,0.16437072887095303,0.19880591065062606,0.23490719264538487,0.8233167798269009],[0.8810619365494606,0.4242327416532979,0.6653657876986259,0.06063880241767126,0.5905813298517749,0.09535044054547377,0.9083060760529099,0.6065271536688455,0.19154941649790005,0.23466881758916863],[0.9588221876773894,0.5947318787567303,0.428464256535106,0.9027551145545646,0.6187583405125888,0.3436191825585853,0.05690657122074609,0.16921851184010658,0.9518811005201278,0.40828433849239965],[0.8242745854060873,0.46685022543517324,0.7857246120548923,0.08679853393463575,0.3014383010982129,0.9033817416149206,0.21103420441901166,0.5904422021087956,0.6426276794977909,0.0818827054847593],[0.8480828955203356,0.6452014861178615,0.38471793850248914,0.4820257264032988,0.8522807468497401,0.3991639096275547,0.8160933703991036,0.5391942392650029,0.49415844322016467,0.5106503366266205],[0.3624067377349084,0.1551585321339271,0.7575009182875465,0.4351736523937954,0.6204367588896621,0.5549748813914642,0.38094036897632116,0.4207877970381898,0.8648415906160648,0.8512672268929462],[0.4592633334567221,0.20787225192507292,0.7714653785346663,0.1279485140819079,0.3128747970570541,0.15865722999139312,0.8207833176150259,0.1460793747432369,0.23882559779933016,0.5735560986316506],[0.9674352925122232,0.19868486390404752,0.08871510845394895,0.8253038653680698,0.9765010343277875,0.185916496147119,0.6896733192410124,0.6125282554488892,0.2079851473965795,0.1413557604554232],[0.5651831733830598,0.728708581988951,0.08891887379332777,0.2594296143947787,0.41901375550246317,0.8319604445605502,0.31541526227592626,0.0872536171015884,0.5083681415863699,0.09157365989185533],[0.6690425536151862,0.7255377260346023,0.1360220808946648,0.9202428734801432,0.6119660671669385,0.5166787519662162,0.15033146133313888,0.29886902859920605,0.8412356911782617,0.5581557646589219]]}