{"n_weapon_types":20,"n_weapons":38,"n_targets":10,"weapon_quantities":[3,1,2,1,2,1,3,3,1,1,3,2,1,1,3,3,1,3,1,2],"target_values":[30,54,22,80,7,20,67,40,21,80],"kill_prob":[[0.04663452313200436,0.40648667159583546,0.839094372312362,0.4996319656321875,0.37876890583408185,0.7106525652935696,0.6415555203696437,0.7256802087734626,0.7240248654152833,0.12816664308129785],[0.8157221415223725,0.22349610105991397,0.6855738628173733,0.15183207691257625,0.19634644621609923,0.7106491310439726,0.1167794965775592,0.42383252030043495,0.46130796204027597,0.3290679702926765],[0.3057134610967039,0.19838235625109452,0.8609141476164067,0.895861913962336,0.7758093653949125,0.829320271926263,0.05784965257804402,0.3111386711188904,0.5035363426764372,0.8335914166776792],[0.8791066046619339,0.1914020523535463,0.03605045252288642,0.9176301479779282,0.41547640574350503,0.24686372393436054,0.8940948921366848,0.23055652740141777,0.8945115266853126,0.2195915006382522],[0.1174336969431959,0.056063273592256865,0.3372834505857362,0.9089895613586924,0.7099967174138664,0.15737001144700666,0.2373553462952836,0.8400436048965063,0.6534399992164318,0.3642381586174764],[0.8751352456558615,0.6308881733467995,0.055698870528534984,0.29046160201582116,0.6714636519070386,0.5340498711213926,0.9246385338658004,0.4824639417599035,0.042583749833008916,0.04246755289843215],[0.9748052487029772,0.3079360154190682,0.15328765746431877,0.7915674091490524,0.24285449602013923,0.5056268185675753,0.6339420874615088,0.7741912101875756,0.9368775074047696,0.3512976227484445],[0.12474972872482692,0.14260109569129648,0.8900728924267808,0.7695209937978794,0.7658370774179579,0.34011494577661505,0.20320583441905032,0.14702013271061015,0.6968877662641291,0.4707365923663256],[0.8555090765857177,0.8262317116970209,0.33505223315715327,0.025927144110990757,0.4578592559002813,0.5448004383956863,0.42382683486525485,0.38120606585705635,0.30073089118497137,0.8397396712179076],[0.059711076782639295,0.09108006047373846,0.7697697143301745,0.9864808257763921,0.6938727704731538,0.7005395711938955,0.6083834171132714,0.6168690113248432,0.7479677853381091,0.73104612309793],[0.48521544183446685,0.3956683358975571,0.8767054001179859,0.16352370128534544,0.4844827876887233,0.43645641477194447,0.37357611451246403,0.4941897797820533,0.11549995427220547,0.9127990509118867],[0.49341671129287945,0.4436839996657145,0.013410885516934508,0.31366344922054745,0.031429309783751136,0.16399513620010614,0.2242340035394592,0.9097229073845148,0.932783829125621,0.710543609927944],[0.561866021602103,0.872380935392629,0.5992667514218616,0.5858475827144173,0.6094148476129109,0.2501284331756505,0.3354056694893725,0.9246834554782692,0.12531838910340765,0.5991277712877262],[0.4770737151892081,0.7591647531081526,0.7942289438686523,0.8425844863498492,0.44624266623238057,0.9563757510148685,0.3773698244587673,0.4484140949298921,0.21771316268021076,0.5694905869728367],[0.773861965738655,0.47197543251478474,0.515591566428539,0.3142792872836302,0.7657747089701455,0.01282546717654216,0.8292830825260465,0.6488989381498328,0.8857843101975539,0.10339632224083688],[0.504712651666122,0.8995546964422064,0.6915550710181338,0.9240561245012291,0.8141047617012503,0.5150101101708632,0.9076447585820617,0.1988343564756635,0.752907321450671,0.34368831258129423],[0.7616999206966011,0.6914082109975792,0.627728447483346,0.7097490281111059,0.27711438453891163,0.4783747759626413,0.8130011415725343,0.35413943280246923,0.3081938017190159,0.2581908922567592],[0.3143561459377122,0.8100691198978248,0.6575841748205191,0.18899804510495158,0.31104770498529544,0.043377879546022374,0.5729157771262678,0.6619212271764293,0.445264052787309,0.7518415863795928],[0.3693894284190682,0.3990478316599876,0.3219249864635554,0.3049367291881664,0.014425291604760283,0.9347897475803905,0.44175155333673105,0.7480650412952338,0.7716071115881928,0.4161503171832105],[0.7738062040048441,0.641570165084604,0.011897125988004941,0.4604778343225281,0.07504165152114653,0.38816611784681765,0.22912272083061122,0.4293736752806511,0.2951885372784937,0.8446008053236795]]}