{"n_weapon_types":20,"n_weapons":36,"n_targets":10,"weapon_quantities":[1,2,1,2,1,3,2,1,2,2,2,1,3,2,1,1,1,3,3,2],"target_values":[70,71,89,9,48,80,75,36,46,15],"kill_prob":[[0.04408888729734352,0.6244606941205044,0.08257880738171941,0.8949167063043282,0.32825774249664685,0.5946310338322919,0.4092362017293046,0.029647623231964036,0.573355097114998,0.052451544122497494],[0.0904922577403921,0.07737607680247537,0.788752785473824,0.8400720177826464,0.906963244771455,0.6860861174480293,0.3581758446103117,0.21614356133424334,0.8901903156549995,0.52610945182442],[0.611088880235279,0.7484871225588764,0.5850739482313515,0.5136376286727264,0.09589117659693608,0.6888709580992001,0.283350700242623,0.8050560776926976,0.7121495016350289,0.864939854478197],[0.6890460140802505,0.9735621325835877,0.19368603692919703,0.34920672650959383,0.1229651346064771,0.2731645659740515,0.10811691318369886,0.11799213881021588,0.7118137274641735,0.04713633924071627],[0.2932123075443173,0.4663938908627012,0.014494206909256869,0.15952452790469374,0.3018260604084519,0.6090739472623667,0.15387462365060986,0.8048780182101088,0.43171166472034994,0.43472029063320433],[0.6297183117502567,0.5083750892322114,0.24548672306118885,0.4686708082469643,0.4858082992974236,0.03252081219146452,0.27362601255801644,0.8143478732235039,0.3367301186661049,0.19855971507238057],[0.8985588417665685,0.19615357251721777,0.3325484564528941,0.14161265028979486,0.36589338448714354,0.9712205432063142,0.02588063329217826,0.8823832698906964,0.8128411463580524,0.6214377627290076],[0.5052654322730469,0.3056651614792205,0.5569095109856728,0.41029889422687404,0.33141412697465206,0.8666927508572555,0.47596321422333576,0.8327887578993077,0.4057594196997081,0.9246714541818979],[0.37751659772649115,0.1417362215461258,0.8411510828747304,0.4630576969050298,0.5423558840777075,0.44848827894500737,0.15107040560252583,0.5453678001967511,0.4812218983940103,0.15030602604030827],[0.874793486154043,0.4111387241410934,0.8144915691729057,0.6205431696458281,0.6821173204410496,0.5788846519139544,0.6045247027519773,0.6126335734371491,0.6645738450349733,0.10592535682220888],[0.7567101545859365,0.6855425915531254,0.9269707456047857,0.2683827189224081,0.4471291265414828,0.5437658353797927,0.19605686959940147,0.8997781436488234,0.5734522180758369,0.8799442402355984],[0.3589697811540222,0.012629173101686333,0.8383116756286597,0.17570734514926326,0.2515425616410272,0.7851405756453487,0.1116202302105238,0.6445560912281612,0.3125736837926206,0.7253997534017206],[0.31954955451754397,0.10661180826450031,0.8064952728451026,0.3707825760935028,0.14279444976533653,0.15242162019267913,0.37259859876155466,0.7423474039855366,0.5037727007069651,0.9863911096549954],[0.32736767439046943,0.04566655580672829,0.9452328461454307,0.849492731572406,0.1749275330471722,0.5789113283528354,0.25693814430617734,0.08269242475582075,0.34267155205389627,0.20623046559145589],[0.44357465232258037,0.04215082869932981,0.5336377531473817,0.23930431745460176,0.9504142642341441,0.012162052300275169,0.5770552937493256,0.40870378578951816,0.32681886719969294,0.8726112270885091],[0.9795523060222614,0.49797952415179547,0.4159765839394743,0.806565766929482,0.0982012429455566,0.2886294721960731,0.6715399350897943,0.6305981055348143,0.7285139442298052,0.5710327817459905],[0.18876579594709614,0.02959457084017557,0.22175333175586376,0.25932610609087275,0.2321489607639235,0.019351789387496186,0.12694188805379716,0.379037756997836,0.9624541095784855,0.6901409227161107],[0.16075279845359736,0.5346253914261073,0.16471693279358102,0.5936439380699725,0.31909640451729904,0.4177282985209852,0.29709930685054325,0.8987517043916258,0.4303227706036612,0.5269410290651978],[0.5962539382040174,0.5697170601805905,0.030877200275740486,0.270820695155228,0.9220736459888774,0.8696616623416586,0.46764841433240806,0.31392991078818766,0.2759301202351473,0.5280201457171547],[0.04102434586297871,0.45954262018964387,0.9247487091426985,0.7250205228979171,0.791870192496344,0.09316745641701311,0.5075414683996087,0.38884636665111727,0.029730828436141873,0.19818088899683875]]}