{"n_weapon_types":20,"n_weapons":40,"n_targets":10,"weapon_quantities":[1,1,3,2,2,1,3,2,3,2,2,3,2,3,1,2,1,3,2,1],"target_values":[14,99,87,100,82,12,62,23,36,29],"kill_prob":[[0.28253235948535754,0.7643554555720942,0.7002970146230594,0.17748517581690285,0.7551246481834615,0.2251215728178974,0.030793951269881832,0.7112428441338156,0.6172093708797569,0.7205020821311049],[0.06454203265334423,0.48428456768472433,0.6995922641675351,0.8859391119352323,0.8227766182743592,0.7554483654884474,0.06738797076726417,0.013723900444627164,0.4776842794420223,0.9232212132163631],[0.727026258869195,0.9678349345843666,0.20077077172131894,0.5531099356779767,0.3628348068575448,0.33683518630634635,0.4968393718756818,0.4418471398611435,0.3877917373851851,0.18541212757474076],[0.6739665887785151,0.5278583927750835,0.43393755948178575,0.1251165304059053,0.7576128244732924,0.14114856641641887,0.40681246551251304,0.07082636378882429,0.36444053982338775,0.13642409545153128],[0.8090320461651695,0.2952829820303205,0.5097464809734612,0.7210372488610561,0.6822538135846447,0.0908655211641929,0.9695348809090133,0.2942854102477673,0.35104959869004176,0.6161586195695038],[0.6253991846971049,0.07529526094707988,0.13203863230255258,0.5592065621151142,0.01342380909366963,0.18276863491574744,0.5054405148416258,0.14768202472835842,0.2317734711851709,0.49956418527569924],[0.320488029084339,0.15908906145116378,0.6250083028509366,0.4165812893928914,0.43521450303672077,0.7118545326446054,0.270219464172224,0.8008167433951803,0.3657584803607487,0.8898931317085356],[0.02736522332675665,0.5690614922238753,0.8303775039060485,0.1485838133384104,0.37511392187423576,0.882873708569041,0.6410570986008499,0.23346686855400095,0.3795806206545383,0.25490844584518596],[0.895206343251853,0.8052518369319506,0.5350228553903189,0.7211456518361505,0.7552354699801958,0.821073750334426,0.06111449868022005,0.08779692248935018,0.954163490255439,0.3084389822122509],[0.01626146420969847,0.20289457813121653,0.8114584084129478,0.4636026192430747,0.8423838087904361,0.3840369723442265,0.6324057065268821,0.34595059980069753,0.2825416320731729,0.1943032005055511],[0.5343073125242459,0.1426037983739306,0.2374474199401103,0.46594506496500576,0.28216153307772435,0.8264971329169088,0.25321126387430287,0.6603400676542162,0.12701898792890554,0.5835856169115292],[0.10704435247004404,0.6123522135505809,0.7070343774149548,0.2462329276245487,0.7301463460902864,0.179020574246991,0.0749528371376976,0.047126792679588206,0.024612310537360342,0.03386951541902599],[0.862809623040321,0.5864239129223711,0.9117819727222686,0.7751364103667371,0.8283950446076926,0.7673521242806502,0.9789192803948301,0.8075193908950564,0.4110846016285315,0.5655896382403878],[0.7813913629896481,0.3907506523238605,0.07567364411821609,0.9680613532332091,0.7022578802806851,0.6859874768534364,0.8299563394200183,0.3462795418363099,0.20948604876520838,0.6893778900376569],[0.4409446728837589,0.8188315687293508,0.892115982932133,0.6214338924399495,0.5142946656744963,0.820789482325045,0.48955228962811703,0.10939602691138776,0.44683073611098273,0.4543127766018422],[0.08868343204557667,0.28547290979529605,0.2410207711608801,0.25700826851423575,0.19932372279577196,0.22763801299823644,0.6483323187859511,0.2767106764410293,0.9107696572027423,0.9415431804271519],[0.042938140561582204,0.31732422790240356,0.4401510496835798,0.49343180188690766,0.6057638802898967,0.8265169328568666,0.6263548518619975,0.28834078807483654,0.6480040252961986,0.6256049025199178],[0.06308865657745603,0.5186235926200755,0.546017598588834,0.2057729523267712,0.9029010636272942,0.8438121127690807,0.5707234248678591,0.32089580863900996,0.2850049393904886,0.11753254577743573],[0.7227644749623161,0.6435828491873209,0.6063675835118643,0.39112902064442084,0.6077188652306402,0.6634795530083969,0.18338257875908076,0.475192333191589,0.20074500982637714,0.1897567242821534],[0.9268404241685041,0.7683244953152069,0.3461415564400419,0.15998477160828206,0.24417079383762688,0.6879111883247297,0.7624526308608266,0.6980728940667859,0.9605129903021653,0.3428924329364785]]}