{"n_weapon_types":20,"n_weapons":44,"n_targets":10,"weapon_quantities":[2,2,3,3,3,3,2,2,2,3,3,3,1,1,2,2,1,2,3,1],"target_values":[57,80,13,11,46,19,57,15,85,24],"kill_prob":[[0.7780058992067513,0.5755919210972134,0.48662855825494666,0.8373806175602805,0.7991016391019818,0.3751627184356852,0.023204323408149978,0.8518136993616348,0.5284064091008015,0.4182190699022564],[0.011164532551315172,0.12557060689675797,0.28732933632958346,0.7512919152615511,0.35789462838431724,0.335282798495159,0.16631604891460347,0.415542086563968,0.046643584604269615,0.05188383108548515],[0.1520905143532195,0.1640945883264332,0.047076772088305026,0.11976056213158864,0.2996160138757317,0.8359806170625462,0.6742122234640362,0.745990502266049,0.8288962436481919,0.30008835208100754],[0.589816960059026,0.616896839441695,0.42826202498671384,0.39524267316900036,0.4533837059310845,0.9437732439336091,0.5795818137986863,0.06679998851512815,0.471107179889411,0.9648498603608794],[0.1708121322968171,0.6068022420026813,0.08787064611673509,0.6693792198252719,0.06692915581071279,0.8265745747026534,0.3490382051004072,0.8271816172745254,0.5077965661992798,0.47870469691197864],[0.9346605165228082,0.8684658739236094,0.3346512362446627,0.6037148676695302,0.8354725959132958,0.4941518952484152,0.08095763511423601,0.40653955362226524,0.19558435999515955,0.025993298606836655],[0.7433562807739031,0.18921559815065706,0.14045763752855225,0.23902902950347454,0.2466220756988446,0.8187422555664641,0.5196843816490724,0.12561943362140354,0.10890744812432258,0.81170240773602],[0.9340914621292229,0.4952852526099576,0.9327458917055822,0.9557225039554458,0.6006945011907254,0.8858815157897318,0.13455918280404086,0.28115009058895524,0.37027215930423174,0.2594793759624156],[0.5776267451108634,0.8126720081990213,0.635310231905271,0.43812250175922596,0.39919476471886944,0.1607289811069872,0.5022701178239343,0.7487343642049652,0.9178069938267368,0.19794067707420981],[0.08431802894019297,0.9715800677549513,0.21481716604320905,0.28118429179340343,0.4800546608170782,0.8737141907683151,0.31547545515822206,0.33818492125205807,0.8194463690399607,0.117619462634376],[0.5202129626572796,0.207725046635308,0.8434893638037269,0.8344653274158185,0.04417042862709391,0.691621035629629,0.9059411491318324,0.7234771502157921,0.21025738395828,0.35795364171943994],[0.47680421440891035,0.775268439931951,0.1956794579291083,0.0872387968612836,0.02671604592449798,0.7317412835419542,0.28301377841010184,0.5417324082984551,0.6941940039593466,0.6642444133607464],[0.6847373220021304,0.7132926315148214,0.45244919797088,0.3750931677642513,0.5314036851992197,0.5653226868262926,0.6972177844086979,0.1835209182798372,0.7092439388040753,0.8221167687912426],[0.7017745804105711,0.281142020562405,0.3493190908963485,0.8965190042213251,0.753160901407157,0.30487513465045696,0.2935573191392463,0.4400520907168051,0.5988954081827198,0.7326330447639637],[0.5606595864827106,0.09500974651330202,0.2831278650033119,0.26395717974413313,0.45409396010750835,0.9519430078431883,0.8209049729499223,0.8341827448761839,0.15170351416386127,0.3224322650681304],[0.8864434798835549,0.9308480594762808,0.6085076676173694,0.22519330465824478,0.2451877780716962,0.7089557988577493,0.19870033264406034,0.6330222958880235,0.9792792472506328,0.514956923385934],[0.3599065573829847,0.8917282541586813,0.21724194513435205,0.5041908080240717,0.5999311359060028,0.196977672274664,0.488575115952585,0.7777455761995546,0.10113269549351217,0.13532270562400991],[0.8933312702028068,0.6834803660055808,0.9328211329207575,0.4006566131675219,0.4352621718404603,0.07115142922510037,0.2466373119785452,0.6203403171332617,0.92305796728562,0.2599391050665243],[0.34455883254399633,0.5548524765007538,0.3796210867933832,0.9526315269664768,0.0983020232182205,0.5093201779812128,0.9893082470932253,0.19745503944555876,0.17984564109577797,0.931678195423841],[0.8161576533072308,0.16697540577429715,0.6071165638952157,0.36965248302750475,0.8631604447421269,0.9470129974490269,0.22405713896873655,0.22890491280534495,0.06488846884184313,0.6207457069115215]]}