{"n_weapon_types":20,"n_weapons":40,"n_targets":10,"weapon_quantities":[2,2,2,1,2,3,1,2,2,3,2,2,3,1,2,3,1,2,2,2],"target_values":[68,8,79,17,33,4,59,46,24,10],"kill_prob":[[0.7945967929901144,0.776346840471139,0.405077207432894,0.667967004943595,0.2545705803999761,0.062343885808859134,0.0871468125831994,0.5457815621639157,0.8577216476920915,0.5659747154968197],[0.3553712925106526,0.7339729530084139,0.15278529938787094,0.7132475792401413,0.35560031370906153,0.3826130191017974,0.5217726079652449,0.5512499948252856,0.7571511296077221,0.8354734480655801],[0.027309369640793335,0.9338743694522923,0.8372045554756049,0.33251296118289997,0.66560198527428,0.29466902925030114,0.6784927253479567,0.7311236404767035,0.15243023494673427,0.024129545950020155],[0.6158979817753517,0.05564821962787069,0.35550927999664583,0.8972484979393862,0.5395105945825664,0.7164759390633679,0.6660720674743139,0.8584246770561416,0.31408090425727303,0.23788026294281203],[0.4023664001662027,0.9532364102069704,0.23418342530109187,0.3118286949198432,0.4556617730398041,0.6026332777612563,0.28335744057078543,0.8330333179556836,0.26989548786812884,0.6313641599635786],[0.8145002500589238,0.8041294260908292,0.3884867803164842,0.44648164734578294,0.9103485175725755,0.3511034394536766,0.2669963920769575,0.43664179562285643,0.6549818511484168,0.8054075064238687],[0.21071748152114808,0.9685085030731485,0.7159365645677744,0.2715113959738851,0.6661413980603867,0.36151682437911553,0.08139791215291538,0.9027876674725364,0.28487186840129375,0.6827038855305138],[0.6622760095219357,0.981716725095539,0.23725416613728065,0.407936603557004,0.7890925117595635,0.7638832341334474,0.8853874550009478,0.7935266266847137,0.2906565997287962,0.7066604892200656],[0.8884774436029687,0.05412573410998427,0.6003190734725409,0.2641054195628816,0.037092540162825816,0.5076141085142248,0.2860637248559629,0.05395112144144346,0.39521359199998934,0.5132239662686632],[0.5119618358845811,0.5524242697420573,0.4926859925547301,0.623766546146144,0.7518032209505203,0.19950124655072415,0.5180703227289359,0.5063317374850261,0.7045783435339595,0.031130491030717918],[0.5022103722474424,0.9816171391631839,0.775308252814324,0.3585412324479935,0.6541226618615001,0.3361981718466429,0.472903787732033,0.06429403601756152,0.28996180838390667,0.9678650947154959],[0.07190635945650165,0.7316547160266935,0.28657512187919737,0.39727154681561055,0.3212922413103285,0.6307464723784937,0.555164589963814,0.35236842740914953,0.6278961215952124,0.2399460068414864],[0.6334305944200597,0.8180162346169598,0.2625322694583661,0.9589091488058645,0.4417087117821289,0.5311190098670359,0.7375813816843164,0.6033482595395728,0.32357857275495305,0.04783556017857433],[0.9839259701215702,0.6509728072696207,0.432696687688187,0.898192716471023,0.8746790839573036,0.37279518955064683,0.18274902894820017,0.3966121714857716,0.46718896751714345,0.6931884061036568],[0.1175464024368771,0.9161961271170722,0.442909912041567,0.6413477505869698,0.5742168038718183,0.029525043889083336,0.28100205265421097,0.6947902250192834,0.03848158524273378,0.5973835290872351],[0.4180731984193638,0.6100847631240301,0.13082687700818213,0.6868211943016533,0.503664201652249,0.28268677301106304,0.03660142557222889,0.055581600886814075,0.7180808530945695,0.5983079614361427],[0.011662708738693071,0.3218450692312127,0.09752466890721705,0.5022625653613071,0.8137851768758296,0.2570124708383007,0.049866603975499274,0.9778647798792457,0.04220833000227943,0.7955659984295697],[0.4568598744025742,0.5299836038502386,0.49271013954353293,0.839792924407731,0.21040482368431063,0.03216610282735162,0.9064712562265187,0.39508085799060444,0.6862109937232089,0.23386013414260096],[0.9526301364432861,0.6991978422130929,0.6329242746244711,0.361342466049054,0.14271736967591603,0.08638257521464349,0.3800219060457828,0.39391972301487893,0.3666101690734989,0.8691619393403647],[0.8169269775669641,0.5064135229970451,0.6910602472371433,0.7023435151803543,0.09588414784349344,0.30443349992178614,0.4897235270844811,0.01884557311001136,0.093675164693991,0.49066945553897984]]}