{"n_weapon_types":20,"n_weapons":41,"n_targets":10,"weapon_quantities":[1,3,3,3,3,1,3,1,3,1,3,3,1,1,2,3,1,3,1,1],"target_values":[8,47,30,97,16,37,79,50,55,79],"kill_prob":[[0.34591829565491394,0.11792015651956557,0.07129948094142254,0.8105024264364559,0.14399187963447593,0.13611326864734993,0.3891206000750982,0.4341831316683499,0.27681949555837393,0.06542781889264944],[0.43443149800965974,0.6362521473360927,0.6339061797448133,0.451084659895146,0.03670558500509041,0.31655431780604926,0.9360612783508587,0.15943949121445972,0.8866271071096704,0.39369508804328285],[0.39987303075922054,0.052221958658671706,0.9241946936180272,0.3994111533459117,0.4203980329614558,0.4618929916127847,0.4501801045209437,0.19633170838941272,0.017637388138441422,0.6531407002851354],[0.15067484091755382,0.21432181460607272,0.5690440517035598,0.16099315892344304,0.3524518109846659,0.38839592062301936,0.24852035996512592,0.5031398089939247,0.30771581809831,0.16245608565018116],[0.9409297356273236,0.7723117109988833,0.8247632681174231,0.7108928711326663,0.8492888362934369,0.901662808214321,0.8380535046847647,0.6415884756390569,0.269003849607668,0.8739196028841315],[0.886749538673583,0.7464319283572688,0.23919382834850647,0.5201987256064227,0.3638906337546032,0.20251420883121837,0.4640361117134201,0.9429949923573997,0.06141706605595267,0.022303299910044743],[0.27986856304313446,0.9744578243696741,0.6282966031282492,0.8117458843155695,0.5947004838387252,0.7922702990590336,0.9797130200781351,0.1636188236580698,0.905380698764565,0.3410800904796215],[0.4773935005603792,0.8137286793198795,0.4286029225021273,0.6389643802017568,0.198526353734629,0.019565498175209375,0.5049984301736945,0.9052668781559075,0.31087376782305043,0.3674583944657885],[0.27924920751446985,0.18288204197105892,0.1424180621061695,0.5335759094953243,0.6335689065061499,0.1071185538256066,0.5211217882015173,0.6540018062375471,0.8966116362162072,0.5038449565755247],[0.7770478302732076,0.09369784057920633,0.5266384687206438,0.474434494264001,0.5375812366202212,0.12228970807516597,0.19432601829267668,0.23914624379299868,0.48644657919693074,0.8435569134495229],[0.24199602000361978,0.7279964920931812,0.3662737862882243,0.7512942918298963,0.6728592060682952,0.10800659512811583,0.4739559204688756,0.08865514727400922,0.9496699283656118,0.12230227761172745],[0.32556043393831813,0.71068219306357,0.9175350050990134,0.18730483825904282,0.19994106965602626,0.07983813506493521,0.6516559742322524,0.6084595330808755,0.1354397128397477,0.35984846860792535],[0.32730264248207797,0.8108819772604545,0.8424031303809071,0.8687337740948229,0.07367255665508855,0.17883625005961315,0.6006351238718872,0.2533450455873523,0.2373469132921502,0.567137271546039],[0.20834685124180727,0.05831759459702759,0.6106998368394109,0.7013169678328156,0.6641154507623203,0.7564250766166578,0.0819252163383604,0.028316879773571633,0.342305220055784,0.6928507531328082],[0.47243127800960355,0.9200086807676702,0.8857742098571445,0.7028342730088032,0.4046347361494595,0.48569138838383247,0.5446783918102996,0.873989048596091,0.34887267356049007,0.4258084088483288],[0.31409250599408595,0.5960802338183914,0.9564976776349348,0.4898947289083954,0.6134108815741773,0.24724306644132346,0.9342428235580147,0.13605636157532727,0.5088089957427518,0.061305516359877424],[0.9804053853864505,0.38323753516124676,0.5166259928328537,0.8827490376413358,0.036696683161240855,0.05573437398555837,0.3445710037329643,0.8210355581327742,0.6281609685349095,0.7657637314325473],[0.2971780713971085,0.867774431119988,0.6350012158295641,0.7643788314764373,0.9300954594174216,0.5205648523895782,0.6695879327005475,0.17092476775150997,0.43459601029933875,0.17586899949824092],[0.3503891656294731,0.9282423748043274,0.606234652548168,0.7157622971692427,0.09006731577003743,0.6857938663605347,0.4727533214046354,0.9360768170084472,0.4526353088003966,0.3025603065711907],[0.0714308567743236,0.45974200051335795,0.39604395306974455,0.1903825256902288,0.9064774304939088,0.07373444265837238,0.3917020072930844,0.6968677569033619,0.06141039370029425,0.10330561507557888]]}