{"n_weapon_types":20,"n_weapons":46,"n_targets":10,"weapon_quantities":[2,3,3,3,2,3,3,1,3,1,3,2,2,3,1,3,2,2,3,1],"target_values":[84,24,32,77,43,1,91,91,24,31],"kill_prob":[[0.7889589924959077,0.542065452066732,0.26466311548437194,0.21368430628717824,0.3543808004239836,0.8583265187707685,0.016723297629659073,0.45526288717938057,0.6844420833911723,0.14703325692744176],[0.5896102283843359,0.5526423138890334,0.5589061458057358,0.3496026668692821,0.07298737638695102,0.6700815756210483,0.7781783636690446,0.14506692053154974,0.569198823959996,0.4883901575927898],[0.6503146182144615,0.3793853957809446,0.387641251504279,0.5486159431455099,0.08898504067436404,0.7814909456806788,0.04454107516928777,0.020511951915983796,0.5513092983228665,0.1772829417078578],[0.6358845403744108,0.7322921282191451,0.7118281829839069,0.6196651944052044,0.12752785606403483,0.8630077478763507,0.9756274421014886,0.6234673564214703,0.9860809470431223,0.37996632388701784],[0.04101371447949717,0.3709856249948807,0.6069900123939397,0.7660837685808024,0.3210329354743025,0.8072268146822366,0.5306396581466054,0.0946332018100319,0.2937295221768133,0.5701126747913366],[0.47699093349740845,0.17657808419729207,0.8686164178594439,0.6382496981780132,0.012479373473293382,0.23680635567135075,0.41681733375757474,0.505272011301202,0.5978596590570328,0.8120990212123664],[0.07296995161202148,0.463254115385672,0.2759071646596914,0.5208722678904714,0.5547144837663336,0.6416663047194711,0.5263263755249558,0.2740439427194631,0.6747952930104012,0.3335473928640699],[0.1049539979226042,0.7475233321234308,0.09678484170776999,0.15168784244867176,0.9675090544076697,0.4471322000049162,0.40061963087504904,0.8419931721621674,0.44083450273285674,0.4221991318118921],[0.5574720920519007,0.3748318959215675,0.4547947478149696,0.1936179498529961,0.4049423824123595,0.8442935435958357,0.8257601156704643,0.7889786459147058,0.259360138113806,0.14226625848020066],[0.521664345937287,0.0934751438010611,0.3541270646939195,0.7732866019125763,0.9564992821543633,0.36533583642729395,0.5523980450508756,0.8968342794463342,0.11632286976064445,0.9396895950461077],[0.5544071489823961,0.660930987590124,0.6487392211664575,0.24812313473851413,0.4400239280257245,0.28872755250512033,0.11531151873737422,0.12049807109076185,0.9808067145406217,0.8437414695195324],[0.03241983956943267,0.9757102380871799,0.6553262541796201,0.9163052400251906,0.8321752262810599,0.17362909659117018,0.012839173394734893,0.35852035482259426,0.28772497536612085,0.3716135511839991],[0.1780212368578811,0.9599246133920284,0.5011321598441376,0.9305411206681768,0.0918595042548077,0.6039360826234449,0.6748446911113436,0.6393028731704626,0.3777377432296175,0.1356751349097872],[0.045819838228852085,0.048468794109473134,0.5257732124085671,0.38698330209449666,0.18807922357501525,0.9103275824790514,0.585541313591429,0.7424629042303672,0.9557200168461086,0.9834141433922634],[0.06618559982655493,0.23291455978168013,0.0603864448931283,0.6192083386753517,0.08686470292326147,0.8031091664510083,0.9686591313052227,0.0565133075576788,0.5637338100072028,0.8081478049143869],[0.41242518789688315,0.2691504457460107,0.7816220349805083,0.5297765845203894,0.2147330278898096,0.06724305742103603,0.07508595858171452,0.40493156425079296,0.9144847559919801,0.8337221331128888],[0.2978226798349206,0.9323347688016901,0.3215333374150997,0.9261847778097676,0.18664154406976033,0.9786788097489322,0.1057321115552151,0.6295497459860536,0.3054715767355516,0.6497337668199779],[0.4066739216482797,0.28445376931071453,0.5624611858484294,0.35787861357343637,0.35738110956821084,0.8316222296151567,0.9097210575241695,0.06735455858602474,0.5808164871818541,0.5012541081538521],[0.9278752590104465,0.9375934136600296,0.5971842906554923,0.980422256661195,0.033053639588797,0.21809612560358638,0.147447044705576,0.8374188998880728,0.627438891043464,0.15482919202984005],[0.895845356572468,0.16309444273276671,0.25035660241443414,0.27036388739765066,0.0328624494588794,0.5048910795465873,0.011282965512853231,0.7990097548620417,0.34264462358438963,0.30001869010068705]]}