{"n_weapon_types":20,"n_weapons":42,"n_targets":10,"weapon_quantities":[3,2,1,1,2,1,3,1,3,3,3,2,2,3,2,1,1,3,2,3],"target_values":[87,5,64,65,5,60,36,23,62,7],"kill_prob":[[0.19754423618726952,0.4650593405624661,0.332702721112394,0.9386780747004492,0.7244459195920844,0.8958517182698352,0.21194698502000472,0.3641055873204971,0.22729701504818473,0.23571884518624056],[0.6410222454405107,0.6621924636874943,0.7953383097884793,0.700869979587619,0.7588844272956803,0.9681125750487733,0.6500657999584292,0.09002165741777221,0.2746787867116823,0.20494910906126768],[0.21523125163386314,0.8432362118067966,0.9690486511274097,0.4511503403336812,0.27249459771544216,0.7943924616257733,0.7014516665454925,0.5752281078866089,0.4409389382237991,0.7791591035387168],[0.1566266624690603,0.7860545010659598,0.058950172629902986,0.27343345776219813,0.20660276489328244,0.5720672237950154,0.24272692093762832,0.757147756757188,0.3512363014120401,0.4963748431488964],[0.45206548397847224,0.5631923430805978,0.7276063880027925,0.9088224690552652,0.11984587671647126,0.13296521328563468,0.3130314415237233,0.10284716497795376,0.04094870945320623,0.5265313549606542],[0.8173969877525006,0.7150822261044666,0.265082209499117,0.2595530093028528,0.6555374846816827,0.33352259882106383,0.6478725257043348,0.4746407502580818,0.9886171537357237,0.05859281258765667],[0.5403872303284867,0.31067956770231553,0.06442105977527297,0.2611456138578802,0.24351632455372588,0.9806504183924755,0.834672939686553,0.3103441784967354,0.46496256776626255,0.7113160299051011],[0.6671030243723658,0.09062222724598734,0.07688621055470685,0.09520098434954631,0.42870331867787087,0.6705600578244991,0.34451609428020213,0.7472994112900837,0.5233863881298431,0.9848115731619366],[0.1872887615697375,0.14590497821218215,0.8751292626097895,0.3293337796112744,0.9214416058855406,0.9476699764934013,0.11304645648661141,0.20281837043545115,0.3464249594347131,0.6437409985496072],[0.5028153162844614,0.08182718765377664,0.6632562252554536,0.1028703727505058,0.8822608614808654,0.19097362376627278,0.5465232111429091,0.6104979429462232,0.8479288456514592,0.022129722130214503],[0.49597493309057344,0.449917483854097,0.7216508780854327,0.778302689028697,0.25590546137660997,0.6412479422274647,0.789340370384395,0.6057934055367512,0.2084112124721106,0.032156560045064564],[0.23526085383020404,0.07628314288317412,0.604757561667102,0.530618270246387,0.33898611178511584,0.8685611414434827,0.4475884695163576,0.36969752396834454,0.18014688174773474,0.8023104174968069],[0.1707600802936303,0.7276118358670673,0.3860144031297856,0.09857409183787763,0.9421025566970619,0.06380878334572217,0.6695779778518779,0.8484141679707777,0.2817612079973465,0.9493782446307498],[0.8517801500505798,0.04676275527677478,0.047107819676438796,0.6340296930534516,0.8533010695617674,0.29494718929488895,0.4345035485045434,0.9450104519020704,0.48693728279337267,0.0575237789083634],[0.6221197634972891,0.5694270155986679,0.38781144624835384,0.27333724418117866,0.7346663084048466,0.7940819340887508,0.5624102506358456,0.34317286468588587,0.1016124314452994,0.2342948147596744],[0.865439649842912,0.525347615347135,0.256140189253734,0.7470516931080837,0.44453883081346496,0.623671561210529,0.3884628864876163,0.32462294376816,0.06269213860732756,0.24577455638202736],[0.4810086691331983,0.8654714700663776,0.31625215233576004,0.7789150029757249,0.3761718029891612,0.3103823202425237,0.10534096117602407,0.2648336627840001,0.6147634250796524,0.22547131952908459],[0.13815398614174784,0.05727492233094779,0.7223295914632428,0.9557914382614563,0.1939609914883723,0.04290856297116347,0.08417639077991,0.6377928476475047,0.752775178503157,0.41015066129171224],[0.6423899260343865,0.8912610036819854,0.29019543578495205,0.4403095182070196,0.4941382948058479,0.37093195293765746,0.49912817295264017,0.4745242721712033,0.4847507229224813,0.782165194860847],[0.2113010859669952,0.41399029395081416,0.8152474073972837,0.276839866317923,0.9897048481704552,0.27036445006635035,0.8898685471609893,0.17386308565116554,0.7681442678750022,0.728759691329149]]}