{"n_weapon_types":20,"n_weapons":32,"n_targets":10,"weapon_quantities":[1,2,1,1,1,3,1,3,1,2,2,1,2,2,1,1,3,1,2,1],"target_values":[28,61,89,64,31,59,73,87,41,11],"kill_prob":[[0.06009136242976873,0.8038075419793088,0.5229268022569212,0.400772884567109,0.6523739154506479,0.4566639435200974,0.7638933149148024,0.6039223948494157,0.5275061935373707,0.602822849452385],[0.8411720487816331,0.8325424326422795,0.06422840194019326,0.05220463386385539,0.9221912816558249,0.8521404323592219,0.830558397007367,0.38369238704356246,0.27107569990541663,0.5756349219751316],[0.20461108284931792,0.41099431334828035,0.8357355979762444,0.5614077528227339,0.8671214224284789,0.5863780406479654,0.9095463882393879,0.03889777698845672,0.5204387141529877,0.05982215036093613],[0.03691478764676807,0.8165608649528515,0.3604817528570268,0.9863580892317558,0.13646569539134698,0.871503245151231,0.8568845137361363,0.45005039801513347,0.7123266448910611,0.44677740185097137],[0.010295914146521938,0.9293046752821297,0.7479926024941401,0.44332459815281583,0.074644239697324,0.6655430110728277,0.17151835710754373,0.94657038946387,0.44526708336976656,0.8705845977769369],[0.5982432921895728,0.11502116630932373,0.36730652615619486,0.5011703921991678,0.4035025368566987,0.0877692947672378,0.7606089632658302,0.11412327083132703,0.6489946628697476,0.8991133522001628],[0.3660110898369099,0.21422089511160972,0.24566661644748683,0.14591629808486953,0.4605946921205886,0.642733907649158,0.33176036676571613,0.9373983305122239,0.9620536384349596,0.17570066927906758],[0.21531547093792186,0.6521423989075718,0.8936731165327558,0.5932271582356304,0.724213716123652,0.7297510435784431,0.37560683377370574,0.03559528735918348,0.41898170782044875,0.8933254430259163],[0.04637512264522508,0.6404444850056111,0.837556167139168,0.8423518918762842,0.24406587803497032,0.9787698763964097,0.56834592028882,0.3316130430536914,0.01943033835514746,0.7692153680763203],[0.9604584832626664,0.589783544322715,0.708619610955859,0.05214476094032791,0.14698866827643786,0.8160039239495411,0.37166896661985616,0.2671799314826349,0.4997071184725207,0.6824113586445428],[0.7761687490290268,0.8101455960735382,0.17965061335530563,0.39654692210616743,0.09157055949176456,0.9241647543960804,0.4777844947821197,0.20840270447244513,0.9868271078188299,0.8706120818301237],[0.464540578974853,0.2649813462155784,0.7153547263818848,0.025095240927869106,0.028524864385062416,0.7894862695563122,0.9567794295100235,0.667610238517644,0.8360399061914185,0.22158503678400013],[0.930830771029216,0.7090274093632966,0.9249002242625868,0.5795005335344011,0.015393401881717159,0.17081656607453005,0.5523333889250388,0.3663677177302762,0.5271942216237698,0.5804643873315632],[0.45775530813611137,0.26327708007902484,0.8634857576750654,0.8500645087692106,0.6841173998176415,0.5642426008213479,0.17251723499475438,0.34008519697560974,0.6196153027220771,0.4635515937743257],[0.6891696169138108,0.010277327752826889,0.045540597527084496,0.9527695061586271,0.19991080633716035,0.6536655107805115,0.8906312174232851,0.3291419509889091,0.33893772657946725,0.4241403799403727],[0.774453522610953,0.25348184755482905,0.9766531617712416,0.9016434076609113,0.869460519486199,0.9873654622034023,0.07478992757458046,0.8614702705328565,0.820095680078617,0.4578427634862673],[0.71153589284796,0.3111919118326196,0.5555559982579812,0.27870554403941156,0.8855617990053567,0.33830125938492706,0.7731342797453132,0.20029769801667785,0.3746729533422856,0.6346662089261054],[0.5133193309781701,0.5934654090989261,0.589566856428398,0.30374088308753056,0.6550668206185967,0.044582296570677554,0.16773279269765445,0.5488639839991324,0.21618953011400205,0.7698751782480184],[0.9503589577301212,0.03900523709791865,0.6586174897890779,0.033947837801097225,0.8518186638255144,0.9849232408743518,0.0471707600819331,0.1274542214115856,0.12312513488302473,0.7088017788757077],[0.5424107292928082,0.9519935103434523,0.779051391608536,0.17875899358307487,0.7130131678173737,0.4564405132172794,0.46760040323217833,0.5332279220682277,0.07921572424326237,0.48736397844254764]]}