{"n_weapon_types":20,"n_weapons":37,"n_targets":10,"weapon_quantities":[2,3,1,1,2,2,1,1,3,2,2,2,2,3,2,1,1,3,1,2],"target_values":[53,27,50,90,90,3,42,32,29,6],"kill_prob":[[0.5243362299658056,0.42486461902674777,0.723377542681074,0.7100156796159126,0.5091502407189044,0.7985228759754518,0.8512573102290278,0.24307581531546257,0.1563602914937567,0.571797429177397],[0.11068133884611296,0.5515712518861826,0.5156293570484298,0.395497233249195,0.6175369970694085,0.40147678763445654,0.7599981212063245,0.7299938513937132,0.34859758977692074,0.5275044316606695],[0.30970925380700265,0.6543795530143978,0.45869904878695855,0.27856987049790183,0.4514458349110058,0.06857628706490414,0.5744113525590299,0.8874348831609025,0.27171848795906467,0.7105562521007223],[0.22979960561578577,0.23781039839346488,0.8058102364006113,0.7860127259068698,0.3213136083466746,0.5744880852712468,0.5762778401095036,0.12713173608631004,0.5257468073759707,0.7754652383775466],[0.5346958684745665,0.3008303568629472,0.48653064516097816,0.937692722913455,0.18738390877575617,0.8596326008430174,0.9197153435793908,0.5904491335643419,0.11014233588109466,0.8581062552617805],[0.5215603594688322,0.05936168157548038,0.5227352111435565,0.26839770598466584,0.40625142317289303,0.5648172990950815,0.7524478807672202,0.895491274036387,0.7080807375721867,0.43386622388260887],[0.016937707257268803,0.33831266272914734,0.6620744606437973,0.3039755588114949,0.3775873683285454,0.1768549550102929,0.19058178341393014,0.018011675901445257,0.4817108574033629,0.030989788566486938],[0.6110918108967776,0.10030206201002846,0.9051004604352695,0.735843139147475,0.9019258064127412,0.8343970358863916,0.6340034833687611,0.9463160817323973,0.6072129882849555,0.8967814070723915],[0.28346379281671735,0.1473884706313341,0.5850473129932233,0.07468878092039034,0.8513590866963343,0.17220910244756707,0.36173282607821605,0.7488893836037249,0.4920315905303638,0.2637270371944361],[0.7151410347595123,0.04868209474772709,0.7698341177595693,0.8642140950671156,0.14170202367106088,0.37070621846567997,0.6236776720346919,0.6034450252850089,0.11415361557814442,0.28482104114113455],[0.7981187743127345,0.9083228510218341,0.5659115996012838,0.7796367778964506,0.8402119005298694,0.374217383844004,0.6644844237074994,0.8755547808436841,0.8318362064379293,0.47177337957576815],[0.9886662845340022,0.586884049809584,0.5578206517525095,0.8007272033198348,0.4767090454284359,0.8383204284074846,0.11962894999139011,0.4656099188614007,0.10393407888013605,0.7555137146048573],[0.44906552521513665,0.012619065242783507,0.15804413600096537,0.2099475875629249,0.6855208138630253,0.6190285167414767,0.07715555195535023,0.9767312244789007,0.22373045032686578,0.4128749344273828],[0.25996707338078506,0.3206278390638965,0.4221423418670007,0.04560785450760581,0.644803251310965,0.31582851275984514,0.8184060056236104,0.45991947286768514,0.4889118142560813,0.47845940986958607],[0.06578620871377686,0.024440934018114188,0.1604215875595131,0.4881370473682784,0.5079296296932643,0.15359443983788862,0.8572456095836692,0.4840273728234397,0.9520599223816751,0.5786305338140104],[0.2409097716624681,0.27140041473759985,0.5173135308074361,0.5525506986092052,0.5497617017505463,0.12695075820159304,0.9458540815508101,0.08795074520119223,0.7937203449869188,0.6723425058951128],[0.8299278120809832,0.47423480496601783,0.8764368023458217,0.016608485691480736,0.5442160803898403,0.8204564243073391,0.4136649866143782,0.02754432816259767,0.017526322183790785,0.029549454359964367],[0.03291662404328951,0.8607680251282538,0.19077686483743234,0.8697869859985199,0.20984715276597887,0.4527077152758773,0.7295803836816479,0.35184978044247056,0.7571601758265545,0.5470738996307779],[0.86485370628204,0.9347263082950296,0.665885298717265,0.39225643337334515,0.20406204909408518,0.4095563341069157,0.874125973689743,0.3473994519571028,0.28741534034912286,0.5137044865687843],[0.43875943034805814,0.20639854992902157,0.20562821667728146,0.2771129574382533,0.3586229459531161,0.42903051202046133,0.8293188368134123,0.13644624217425264,0.5268917461114567,0.3698821798532662]]}