{"n_weapon_types":20,"n_weapons":40,"n_targets":10,"weapon_quantities":[1,2,2,1,3,2,2,2,1,3,3,1,3,3,3,1,1,1,3,2],"target_values":[48,57,39,79,61,9,77,57,91,46],"kill_prob":[[0.6476651598205795,0.7915908793651331,0.8109723303342367,0.3868390048255283,0.44854788435395004,0.2434322611805761,0.6360866959382092,0.3023066113840577,0.8501044605780159,0.30689853563817765],[0.05541025321743727,0.03038451291937718,0.37226525424732143,0.3042642451855146,0.18437972712264677,0.5233633107550435,0.8667942550952852,0.3959275677891047,0.9465120392184211,0.2917517315317478],[0.8349962088517388,0.5585754407202472,0.28830588885673863,0.56493673166342,0.11690709693403599,0.5934881788023258,0.05083217837532658,0.6624543432257542,0.7112964757340482,0.13654516984306792],[0.7715840603198518,0.6428124907727842,0.9503620291035437,0.08432650329131172,0.6884863776076907,0.087315500457658,0.8600582129445774,0.590711339894922,0.9382196583875222,0.28272722599706934],[0.3087569943461942,0.6597931474475643,0.2013454103939691,0.8150886402052043,0.7190918022779174,0.5760504451679258,0.5023112184875943,0.35218127989959247,0.25462678680097844,0.7180158136814864],[0.05075812164792075,0.8752053076012682,0.27269920567756983,0.6564246928181247,0.44050905329928924,0.3080498553758955,0.6543452598662516,0.09011874580484326,0.06903305175386341,0.8453476371781536],[0.4746390992530729,0.7628099256387004,0.21273442384468455,0.13512867409012377,0.34534465300278944,0.6581039397787813,0.5754382751960401,0.29500072752993495,0.9047563583899203,0.708090237243016],[0.3947167836233095,0.6932787904929101,0.457373286728762,0.8549833770231058,0.9370086258943795,0.738938888797109,0.17670621519034108,0.9652416489005606,0.07187850892727726,0.7684222111048045],[0.6950347015405531,0.08728510713466896,0.4690705606796245,0.6193858934740346,0.10099917590927433,0.4886549638661289,0.14853789023223404,0.5540640711326342,0.813473667364241,0.40716871669978766],[0.5381536898936892,0.3842863111311656,0.9823603004731949,0.0563736426725626,0.8355684501300558,0.46973484402606946,0.8428217100327794,0.6359402688516993,0.2580024295257903,0.06494291085905582],[0.2882877864550149,0.8469948681832281,0.9824891048176523,0.07708409309311771,0.5310729596911765,0.7562741738648855,0.508461535289478,0.29719739503680886,0.9376228867838838,0.8442825475204061],[0.06305160154026042,0.12026622879756499,0.6459299733228517,0.9056206520127972,0.6367323416711724,0.923699771011827,0.6745675886016187,0.43748774794385564,0.1269324216654633,0.030139669449152813],[0.09730499531275168,0.1950383446748937,0.6927255141356206,0.1822718507969315,0.41229291571132,0.5305187587359709,0.8490474113536801,0.9380678209458625,0.8336634505034856,0.6628147517878945],[0.9060604990348293,0.8157870623550504,0.45910820049063444,0.8220887866896789,0.2940570710741458,0.0360418005156513,0.7108900463867002,0.6984122952149362,0.8531940150877988,0.8486626715746599],[0.48459244071325047,0.6534260499397184,0.5821314683160517,0.5139610068479353,0.7379876241146152,0.28717791713663215,0.7390549213112051,0.07819039737246002,0.0680877788335109,0.36355337065218607],[0.05693534302075267,0.6494628125528953,0.05537519595162315,0.8076241486978111,0.3611678936934909,0.5482203866198887,0.2788295443231392,0.8060897214186263,0.9030448846671829,0.40745612855169855],[0.4234652557244842,0.3767571111462178,0.937987116239661,0.0989802682431196,0.2121340170172856,0.1630986201341564,0.5442821546180764,0.44770763474932124,0.1485302429129627,0.9549668533420681],[0.6310662270479214,0.5806787711560121,0.3172235624072832,0.6155342653697343,0.508398686886808,0.2693841933405337,0.34456271806027755,0.6010047939258264,0.12197610746054756,0.8798124375977325],[0.10499332480237457,0.24164508612291993,0.5685960075421457,0.892581525527817,0.7947039901473705,0.9830706812446336,0.19719728139690937,0.667055164787483,0.8658433149759744,0.03617934054885165],[0.7806504606331085,0.5994980250694887,0.3697752681649696,0.048407792343184056,0.4818524020238553,0.9336332507328403,0.26122384390768466,0.27674752658079327,0.7226852358758831,0.6508693718430043]]}