{"n_weapon_types":20,"n_weapons":33,"n_targets":10,"weapon_quantities":[1,1,1,2,3,2,1,1,3,2,1,1,1,2,1,1,3,1,2,3],"target_values":[31,31,83,85,10,18,39,75,32,94],"kill_prob":[[0.32631969532150046,0.8528276116740111,0.5405736541559341,0.5075374644515319,0.3209695044583294,0.6147552596602999,0.38238058507259665,0.2208599822882343,0.31816706178481874,0.23646914638013503],[0.13003393261217785,0.7402933633402268,0.7033787789199961,0.9855897061551282,0.9256030705241298,0.6432569250441562,0.21514848370241815,0.09026070113623037,0.04448828557756335,0.907355164859412],[0.8959275757811643,0.38628919063789335,0.0286444291168179,0.7611004353478579,0.028670288475880157,0.6776245202355459,0.5332751783330243,0.9550618132514923,0.6532937538563758,0.46262051803683196],[0.8015143291710146,0.4821917851323257,0.2741474399018993,0.07011660126174873,0.17386651274689305,0.5751170070231361,0.4340689656877193,0.9770720436922589,0.6008754494381475,0.7278304159724908],[0.4484463232915372,0.14945451086538317,0.39128268408824296,0.5394880519457909,0.6255541216110989,0.014384078455193464,0.042815910784842384,0.5026320854601976,0.9704030274614325,0.9822361927109197],[0.21202524566265143,0.5766866091298176,0.9538726888422293,0.49895941885629885,0.03187577062099547,0.17523944459697127,0.030953000263720026,0.28860427571460057,0.7866517621331408,0.2312876480518379],[0.6024561448620567,0.604224426598499,0.06215958411747271,0.9683751118571411,0.5269834486569025,0.31803613009869763,0.9250443033457567,0.2542234569633812,0.33021966504896183,0.43604141243533706],[0.5591677038867583,0.05616845260234248,0.948047664047378,0.6575451668880014,0.6688573483013255,0.40778193663708456,0.7373936310684056,0.24079322581167442,0.01221847257375223,0.33360125018470593],[0.9321971958612795,0.3452390514527375,0.4465377565533616,0.5785624829601611,0.8978803326835857,0.4148612558973675,0.045616398145372994,0.7608370328974731,0.6347336976797218,0.6877536483816781],[0.018657289861456774,0.03356530795439346,0.7789236126017013,0.4277981020911856,0.6635984172208025,0.3835911916694355,0.8156044335583141,0.9042287553985909,0.6526197077549836,0.13075847698409748],[0.47526566447658186,0.8383158497817582,0.7280929604871861,0.4522321370169092,0.3282247930158054,0.3837193266012379,0.8570489739388875,0.5437884523546439,0.2376210082691855,0.6364287582304196],[0.4726461911101598,0.19245320719808046,0.9486687961421866,0.01814130776865999,0.06948796835150704,0.7287466136138698,0.654474371288699,0.41082922038090786,0.2609869718893537,0.12391348876609387],[0.6777749915333025,0.4113393477563461,0.8732504975579489,0.2188670926766508,0.2505028821935099,0.9297030606369582,0.06727660867919132,0.9006752279425071,0.08686565215555314,0.5531241929968417],[0.8894655468640741,0.59976339371983,0.050111541808772385,0.6143586774649942,0.8347038896094706,0.6451182364876704,0.515495706420415,0.722731792297187,0.6579253676473862,0.738389120150494],[0.7465688880759476,0.16450597777180656,0.30000001133424253,0.20905971282753677,0.6451636523387674,0.08301401092760294,0.7703330397865176,0.7589385515266054,0.13275066859808432,0.7556843645297411],[0.8916651471278739,0.04468433354438647,0.19127348412002193,0.5398930658976417,0.30301479226047934,0.8638145196946682,0.41960447567803194,0.8710926338332828,0.1494791923975952,0.9565742699976743],[0.466115605763017,0.035236673371697155,0.023931448451345604,0.9307979009703534,0.4476227127195518,0.548300549887972,0.8318775540207394,0.7640699215334106,0.3007745049051101,0.5265934303840976],[0.5374639842185823,0.5609507943290115,0.10756703244243077,0.13049504611071713,0.14871156180869524,0.5341301664348208,0.8247632928143974,0.9800449161295002,0.24942152259907768,0.5625543680300938],[0.9056665527458715,0.49576286464287267,0.1373666050635406,0.6480776448960162,0.8846134263936307,0.4652418805715396,0.5765723614931284,0.8853326238992975,0.22884533052743933,0.9670455049105949],[0.9496644945301632,0.7993058958353454,0.5817023363237407,0.47555457597397094,0.9430098985328103,0.9603982005479982,0.8304994454422016,0.7109390151525669,0.48847517990762507,0.07318985822629544]]}