{"n_weapon_types":20,"n_weapons":38,"n_targets":10,"weapon_quantities":[3,3,3,1,1,1,1,1,3,1,3,2,1,2,3,1,1,2,2,3],"target_values":[6,55,63,16,61,70,26,31,44,42],"kill_prob":[[0.7058254961178477,0.682564855705318,0.941801811665917,0.9859459782914793,0.12867944430521125,0.669859213054132,0.4688280182758977,0.09433948047079616,0.024770776001690115,0.9678585428777903],[0.42616955320506944,0.7524375887890066,0.5320305282416949,0.6107805158288415,0.3883926545994867,0.3336553855912587,0.07561664720107443,0.19917121528549997,0.5452818819368043,0.6213808791629974],[0.49269630367426376,0.015325549624852884,0.7661300484386869,0.8504574085231018,0.28644237364764596,0.5368774695229298,0.3448433018078652,0.268958858725626,0.5204872585020138,0.626092383059923],[0.18493115454362594,0.7062883469614145,0.86247107994696,0.5222746270768298,0.965876001880529,0.18099511452202482,0.5958309097799366,0.39441803381371837,0.7719078617920673,0.2852084552005111],[0.6934122138281743,0.8430200786342444,0.6911293380993361,0.2350544682450167,0.8857299701205297,0.8762360922947972,0.2324432973408696,0.5459968881321321,0.21260984317297332,0.46335272675555816],[0.639746436814999,0.737021577495005,0.17199731644978278,0.7582505319439632,0.055107892166321795,0.024080402539210965,0.010802232859698677,0.7098261969888726,0.44214647967349036,0.40127348245796435],[0.30931683841023216,0.9866846406288883,0.1778640356529301,0.12118559692755047,0.15880367897640268,0.7972586590447025,0.24600758688430413,0.9011047750974629,0.7426484835274219,0.41091761943154265],[0.8480623399520205,0.5658282900652518,0.11145641689306443,0.8056628886446954,0.39590934362769126,0.5271462165700118,0.9883930018817949,0.8306559523585021,0.9648655031723993,0.9540707213140959],[0.4552598592193798,0.7005335856274617,0.01201440850087492,0.6714822886070705,0.11497564560390124,0.47798291935588844,0.8112501315257771,0.0930243849139003,0.06195300188172369,0.01645229656464158],[0.06160105935832409,0.5783509898750216,0.5731088660352938,0.24502692901533782,0.8219496813726661,0.7952090702025566,0.4366288745283732,0.8504216417297822,0.5133256967391897,0.12113092706081549],[0.6510617842754529,0.6935162566962376,0.3904026286608706,0.7855688050479055,0.32679050933945647,0.15187751705805974,0.07865901503884191,0.6615458775577884,0.8793529268431861,0.9290046597111999],[0.3459585230662349,0.32826397902835924,0.2940511900775745,0.763916044923281,0.2564390249799239,0.6933462340589419,0.9830027554365592,0.3114806887167659,0.6557261116717082,0.8173126573034248],[0.7766346715263924,0.5193350333815187,0.23544025915707162,0.5666567977842213,0.659154539718611,0.03142276144131819,0.9707639634796106,0.8320315791129022,0.30809638207401013,0.6131658500665375],[0.7206017796839748,0.5507278494104373,0.15165665863331249,0.2653698269300836,0.34777743237784603,0.9523934318059505,0.8622186603168258,0.22698878098346248,0.06353159929050975,0.4915621558179615],[0.5123027228129,0.8808798143519446,0.9013305812319531,0.2881743935647204,0.47054240867560904,0.5528406164631562,0.5273199070474378,0.32389591567825693,0.5292320613380477,0.15698472162857458],[0.24376519117502676,0.26401679753923696,0.4016578296838377,0.601043078768564,0.44429978606458925,0.1301939754108079,0.5675439229615326,0.8532085826279451,0.8960452058244398,0.41860720401553886],[0.2502663249468775,0.40107521970835774,0.8542786378194972,0.6269994086589165,0.06926294523271372,0.38859489667611274,0.4685823174806637,0.3766654444935382,0.25218871134354637,0.23260138154355559],[0.12381406131519933,0.853929358337984,0.3810233999448555,0.7323823364192391,0.5443738791185837,0.3728841791786116,0.4990951803494707,0.6298604021425398,0.811940608809833,0.07457943558639903],[0.6931281966357001,0.2830588149913174,0.5430424109103088,0.037158695685995384,0.8679004632828776,0.9062649412388316,0.016007070036320285,0.3505302428887911,0.17063472672514368,0.4153878980826361],[0.2585398519660738,0.37209220005127314,0.40740444159589867,0.5078251168983556,0.4898693458333273,0.07603631532847849,0.34086115145652707,0.4514432497773571,0.09495753197447113,0.7143117801295028]]}