{"n_weapon_types":20,"n_weapons":43,"n_targets":10,"weapon_quantities":[1,3,3,3,3,3,2,2,2,2,2,1,3,2,2,1,2,2,1,3],"target_values":[36,27,97,26,27,46,97,45,77,93],"kill_prob":[[0.6194209084235515,0.711003761101311,0.4476564275931705,0.47139234389093315,0.9035465455753859,0.8407889146637746,0.8093097236795445,0.8507784082721181,0.9847186818100132,0.5325459229887846],[0.9453572756452269,0.17109427725231585,0.3882621257337465,0.4921481788724431,0.5973292149626256,0.3169151237545282,0.017311204435541398,0.40202258876026226,0.5115194220683056,0.9392214922939759],[0.7201703467083802,0.3976832870251237,0.9670638310479815,0.28054946234138706,0.5357714565436705,0.1437946718217204,0.11053899990932871,0.2994127780186406,0.6658643652480483,0.29020340152936763],[0.48135728476348766,0.19579121500998872,0.42184829514866184,0.501750197881395,0.5336129966938185,0.975242790483136,0.8980091139317622,0.19687050907959916,0.3877059108244461,0.8615463928354884],[0.7456072363737279,0.02897791867849224,0.514246315565417,0.09692204966589685,0.24634988526220108,0.7208585115083257,0.9896790258977326,0.3448949562544049,0.6762788852363867,0.7021077865876192],[0.8863395945121016,0.5445558733521891,0.7832526337013984,0.2794558081774527,0.5662327828187032,0.7255958233737501,0.304900633271261,0.9661542790997644,0.8408879842234461,0.9446387233904135],[0.8983021196047687,0.40579438870841295,0.7230119250365244,0.5039606140910969,0.5211239632081655,0.6039665754358248,0.14195514911361137,0.17040002354370332,0.3887778896405533,0.8697176425594048],[0.17414553658369522,0.03052886937241945,0.03245370839818662,0.890974668441915,0.5666006026266844,0.8468982595826693,0.556227730507115,0.13562279578996553,0.403610342508132,0.8179419612917402],[0.0197933769904154,0.5220582524658562,0.8055814885861694,0.688207805248707,0.7207719468665467,0.3255169067422214,0.5277428711823354,0.849639089359377,0.8741383738453512,0.5189158256038662],[0.12274797446534558,0.8938786288471641,0.5709504919332212,0.6488725009830859,0.9632707544299177,0.048816606547455434,0.5058165058929597,0.9169106707176405,0.10446284415662208,0.9126930714316195],[0.30121889764142434,0.7174508490628849,0.8658758650881682,0.21402509223502708,0.42184230957289554,0.6327104746453102,0.7738080716394694,0.6191394442740767,0.9693759310224648,0.1890272656934663],[0.5598468812202028,0.6078575636437055,0.7242447581247818,0.7196537770280625,0.5285144957506139,0.8505649225586834,0.9741251804497311,0.8886898056611997,0.7736421950469543,0.7117301473921535],[0.14411561666143335,0.9109767283984939,0.9490395259624602,0.7862725129505389,0.45557459337341666,0.6402494868198795,0.31640797493224454,0.695032044085987,0.7468359441984733,0.2870347352053416],[0.3151973986320393,0.3663896702493461,0.5239619633248217,0.7855679967433462,0.08229356780871952,0.9010270976544766,0.44990687667264345,0.9156816237154539,0.7966024906134843,0.3420548349001581],[0.20768695219703345,0.9434387275818041,0.102535404431137,0.5491474726674437,0.24747751650845745,0.7680399474610466,0.23721431544412355,0.43445733214541216,0.11062121173112462,0.8780136721995231],[0.4662722080731504,0.6877777120266012,0.8093878815369998,0.6233704716876822,0.849355251912063,0.20840667345918507,0.4874514749150442,0.2814803770821958,0.4376032450770884,0.18179260683665124],[0.6252549000123482,0.38096936736055725,0.44680114252289327,0.02168572894554228,0.10383879992382235,0.6368549453611921,0.5056407594965576,0.7850025712885287,0.03345938461523651,0.13442758610641012],[0.5550360425022165,0.5957977389404273,0.40358973796163355,0.9713915385633758,0.12016438726910784,0.3754300431718691,0.24940001818038007,0.3625891281139413,0.5786590943352057,0.05524547717766612],[0.2765417415032813,0.8581756664555155,0.8883604841853825,0.02146676593683065,0.4753113441572975,0.3440448877384943,0.4788328278339034,0.8847850124421506,0.7645636471379165,0.6897663146628485],[0.2887191610787823,0.9194109122027213,0.5731269079550184,0.8940565037107795,0.6754129383318223,0.2568058707803932,0.6008226404483522,0.22967108455232116,0.4490807091067734,0.3178690559162798]]}