{"n_weapon_types":20,"n_weapons":42,"n_targets":10,"weapon_quantities":[2,2,3,3,3,3,1,2,2,2,2,2,2,2,2,2,1,2,2,2],"target_values":[80,21,41,20,11,48,34,25,35,79],"kill_prob":[[0.9536808895562111,0.3001612049753699,0.175348682342749,0.3354186419623437,0.8898242140306278,0.7645367832094441,0.149273808386606,0.3029469784272171,0.4166922965855852,0.934250064560118],[0.7468844831693257,0.24599903542977364,0.6812024634499185,0.599302671117637,0.9116712741519215,0.9532192839587535,0.7348343895045799,0.6204829308434618,0.5786672427019358,0.33672902046686237],[0.3054852233326147,0.7008091771654827,0.9792411490839555,0.5124160910628606,0.22486956666217792,0.5274516128453944,0.2537917344322035,0.20306100433061264,0.7896193688622951,0.9663719173910742],[0.6127798949163878,0.2599746957619256,0.10837141751772741,0.2038389839682789,0.1963385303057151,0.8260659904824205,0.487857146864801,0.9288608047941074,0.7987051964648841,0.33109159356376],[0.6288192322526168,0.1429801858875692,0.38263160927285916,0.74036535833621,0.6954090261689363,0.7409815595442034,0.5379295464224678,0.6120894767661126,0.42328276634633627,0.6530176227874825],[0.41672085843328804,0.6929167464760602,0.2501233309738389,0.14380916797794616,0.4437401959564073,0.07938512083087869,0.9226829887173285,0.41786923971203627,0.5991893596392491,0.731564368773892],[0.8690223137216353,0.5064782890975335,0.7376612735715862,0.7511811866457965,0.33848851725367396,0.23311777654298826,0.2460501308179258,0.9272167838225901,0.6738155348763539,0.5822279660596096],[0.7023014512213733,0.5385117198734455,0.4320987336003662,0.7227334611829972,0.42173438096019644,0.748081177683347,0.18634067148764596,0.7202338930660344,0.19192543653540575,0.8285162583733741],[0.6343534285908868,0.056389037855942334,0.9357164741298226,0.37644768904312365,0.4218662867994568,0.5862733257395568,0.35431676884466545,0.8569709018184348,0.15876979163183966,0.38210121993816903],[0.43125788265658827,0.46760201551764674,0.4486803475583609,0.42224993106819053,0.9853378840710456,0.9831403876318542,0.9720976568430235,0.1508106942187567,0.5607615800970515,0.3114317707880004],[0.02070114399901205,0.30901601456056077,0.2856466026115207,0.533094439575217,0.7701573069927207,0.8482446056898704,0.5086541148690192,0.40517673040190594,0.09999258935599346,0.4207331546353726],[0.3829850256094792,0.6189104911235965,0.42721750676607917,0.6857672776578035,0.5087308554327943,0.935596808864891,0.9874575752181578,0.27494207247999636,0.4266318226416784,0.2148094915961338],[0.4692257874235054,0.07226626035379835,0.33533990641781974,0.7434317442805926,0.7034516227568368,0.17376275812113842,0.11095048603537137,0.33079788374398944,0.07160093649344139,0.4033174403588614],[0.24440645185695786,0.10400467543977072,0.2912908542363264,0.8664619519929428,0.3993244298374973,0.9782133536490497,0.2734197207131911,0.9593724673406414,0.6900913966318034,0.015801727952569292],[0.2399426048694196,0.04198720038623071,0.4744231164434226,0.5076514533237223,0.04526669621919072,0.4283354853510703,0.17911648429769098,0.8656419972020787,0.9099591987634256,0.5363513847078045],[0.2734349480138094,0.41037091254709485,0.22379439231129994,0.4208338115684317,0.427781583789179,0.4354437110032356,0.5093917810928106,0.49437182138444047,0.7566150866177714,0.552577697654736],[0.45264266784231727,0.7148038294066406,0.9392747174998703,0.14541479061596208,0.461661608513334,0.361301942265153,0.6340374207706914,0.01972630578656452,0.40259154126855856,0.3007005305060886],[0.5308016810257137,0.7690901273443572,0.4389357188935408,0.9013273613102676,0.868059121565194,0.39638387121593416,0.28389535238647934,0.17373965627183224,0.4802058078184255,0.03055333253791615],[0.6334796434786852,0.8249957807026576,0.3617398839167636,0.21518451546375217,0.20906842889385735,0.859256786766878,0.42955018088888935,0.3084228510023069,0.7197519042287843,0.41119191930057747],[0.13168583782675009,0.8584732847509544,0.9384442020643329,0.4650677381113021,0.7497028384603361,0.2850996785012226,0.24854987479833837,0.3187982621443178,0.35852157479048774,0.8767914900960597]]}