{"n_weapon_types":20,"n_weapons":37,"n_targets":10,"weapon_quantities":[3,2,1,2,3,2,1,3,2,1,3,1,3,1,1,2,3,1,1,1],"target_values":[79,40,94,11,9,23,17,60,33,66],"kill_prob":[[0.3280489670306436,0.8970841849079627,0.4965837314182932,0.4561889214866854,0.38075268606242246,0.34039379959227334,0.753451114122259,0.04040996606324287,0.15763130001174172,0.1071564419406921],[0.21032065842742456,0.10032399140499768,0.582119069942795,0.9153790468316632,0.7417764749411744,0.22406840509030718,0.38562319345709273,0.6819937011223738,0.6144874391902642,0.027484969223764505],[0.302224470709189,0.574725316356201,0.7587901500335074,0.15118823388646455,0.8409869174897316,0.8507339666545709,0.06508202016158503,0.8647424190281368,0.7146838334498652,0.48889711626595994],[0.07078516107211646,0.872644762692297,0.23465489276776766,0.8597085996525379,0.7551355069210638,0.38177296136456357,0.658493230125767,0.8715645084002029,0.8961808089991387,0.8679021162247921],[0.2414670522263699,0.9767272322059469,0.26290504228503536,0.42569598023061567,0.6472258131862922,0.78979229556852,0.2915604965009733,0.4142257136765599,0.21446000903028686,0.18451054560258578],[0.33874433292372724,0.13345802311192081,0.8740815391589639,0.35710275549593024,0.4862827227450247,0.8696746132560687,0.9646100752961773,0.4823740484921067,0.08976419175428084,0.5573020543286621],[0.8281793232325514,0.8688569979889585,0.7093049998192635,0.534458653211793,0.3823366173823015,0.01297690923680074,0.12963935002551322,0.9805902921928962,0.827026006374319,0.9520479057766016],[0.11383349821576376,0.716492445321246,0.24377636516915893,0.547910165210049,0.4066493521252308,0.2152048403727684,0.15728011300505096,0.8108786370514481,0.7650200172653784,0.6629357909729684],[0.5081322033147916,0.05743924189189615,0.26096110927157035,0.14517481662047985,0.8955775016624644,0.13459248037702642,0.08988944809223141,0.15813656351734762,0.9705759473525224,0.9272418797976099],[0.5079063112843184,0.8020090466992673,0.5400123630175714,0.408232689767642,0.46120009563400605,0.9345885786206494,0.8366775839473732,0.6295767720312138,0.09505596517758727,0.4928910162865938],[0.07446763436654288,0.0730391777247702,0.67525777304258,0.640212787409067,0.9484168736608305,0.3531427308078115,0.16084404742014802,0.22297325509662563,0.8225897671733293,0.5965273382295679],[0.9812547920869813,0.4531955615291476,0.12657947721582452,0.7926886663182028,0.49114882117443814,0.5863379026338537,0.30731474845929835,0.9493069296404641,0.6023118031938383,0.1929453140199669],[0.5396214335086497,0.6607569059623157,0.761803765340095,0.9764641286994995,0.22670465410568066,0.8782392679749581,0.7696215619330794,0.5289618804835713,0.6353361388267756,0.21025150789401564],[0.6737541881788773,0.19136424399970298,0.24612101948926124,0.9719088507093725,0.8273891716666867,0.29147908418587665,0.5435446899758858,0.37572301718964585,0.06296844050991394,0.52972073229814],[0.6726269158179876,0.07343257206058176,0.11255715232872149,0.8721384725066497,0.9132315615235295,0.14079096774158356,0.6069834363828411,0.41902022402177713,0.029509861727595198,0.4399563190777356],[0.672706048663994,0.7243967199214756,0.16331218080498527,0.13668721905267248,0.5368831801960935,0.6027143570789338,0.7891467318632557,0.2588067077301431,0.34112224724821943,0.1605715537673775],[0.4458023373407974,0.7532968227625275,0.5483121316647629,0.8893468859737197,0.059559396137673894,0.28347469047391793,0.4571664834860502,0.7049394385333355,0.30510037288563624,0.5033748354324306],[0.3165231940575286,0.19663637073842763,0.9036678201783862,0.1397240193356141,0.9866579460795456,0.8388127858456982,0.8728393761329379,0.20888020403977003,0.3517591394541011,0.06582885239106671],[0.16486458223853487,0.22306974704116778,0.8126896683767185,0.7463362882154065,0.7852058443966035,0.51565042128879,0.5211394012828587,0.5525342070237026,0.42389567293699193,0.3067394425841504],[0.5226557280504652,0.5909186787948673,0.21899285573132352,0.5786091112805728,0.2997742509681305,0.6298287422700687,0.07418268652689172,0.3092740404298205,0.2901107567892519,0.44103652407193467]]}