{"n_weapon_types":50,"n_weapons":108,"n_targets":20,"weapon_quantities":[3,2,1,3,2,2,1,2,2,1,3,1,2,2,2,2,1,1,3,3,2,3,2,3,3,3,2,3,3,3,3,2,1,3,2,2,1,2,3,1,1,1,3,2,3,1,3,3,3,2],"target_values":[22,3,67,68,10,96,87,39,31,62,17,25,10,43,65,46,28,40,32,11],"kill_prob":[[0.23275498714881648,0.46974703338723695,0.625736684006501,0.11945101909660912,0.3003533788938476,0.506942501775048,0.8971400928597303,0.8292716126872832,0.3284231550476863,0.3425142055899568,0.9812155969172268,0.4252614652454392,0.6767464392356283,0.800680892230731,0.3321095925099391,0.5112085887256614,0.5145089260388664,0.9743717180912728,0.928326211508399,0.5750303364897462],[0.8722617681467543,0.7662682898012859,0.018138339313802772,0.30339678851389235,0.1886305190215472,0.8318965340353057,0.031163825338809598,0.44776155824626307,0.4448536428101719,0.518898054592869,0.5362084283782695,0.7725947466763196,0.15032927669424256,0.6603340774632148,0.5323572062934161,0.11956014076367709,0.06540849261030757,0.4842923193797095,0.6719095402114763,0.25901819841198254],[0.8312609266182289,0.6610990892755539,0.06709487722756277,0.25518606046942083,0.6155557248343071,0.8821224646915427,0.2883823539555335,0.918752909167292,0.09106736457744405,0.7590362444954661,0.8464948415107548,0.7645191964368487,0.29081950888898656,0.7312635885766406,0.08361547734244185,0.3881469707326337,0.4601223279935034,0.4903025281837064,0.7981371726260748,0.3676686136954714],[0.5147722753132377,0.5543314069043748,0.08916234532586391,0.514210856813623,0.8340805075115767,0.5814922137597656,0.3757576272641184,0.9466563258477466,0.7940877255439621,0.14976876632986857,0.15254613565560113,0.6053275476911927,0.2513739031053381,0.6816234490704712,0.8745824596589215,0.4378005895032293,0.5600940248244032,0.5977170220372818,0.370747074742496,0.5587987441440772],[0.611828524057094,0.7739713083868278,0.8972740225896433,0.45904757793111695,0.670312438439642,0.16380275536505487,0.7013612538557578,0.9005963271385884,0.7622539861630808,0.7155468349565962,0.575945631111301,0.4877167714395916,0.15280385109772326,0.6387237944893294,0.9187767109735429,0.47009312768304345,0.17253158006174518,0.9412369470497708,0.019197883554642834,0.07095605429118525],[0.2764636704853313,0.1778482721806334,0.7726574136775979,0.018015435342773035,0.8728334727556,0.7377351943953874,0.556822271734813,0.5909152898339213,0.11456093157904873,0.7815643661301506,0.19868014105695614,0.577441487295081,0.3054500700944169,0.18748626705096616,0.27732007294523053,0.768816260966485,0.5606350199468888,0.8887015970024817,0.20739640455212427,0.3083759911899278],[0.2101744800615228,0.42571986081363117,0.2507723198933858,0.43890724767151507,0.6485233094718525,0.9519137112735281,0.3344823153667215,0.5630218931117761,0.06276655736711886,0.93244092848933,0.9022512703712107,0.631633034584894,0.7556092685006472,0.8962492178798556,0.14691156262915686,0.4122803922914669,0.28464451600835416,0.22378000475295487,0.5638440814067012,0.8519334817866463],[0.05282090711236625,0.323869145848539,0.1421793566837576,0.3467991110676897,0.767065286256791,0.7941255940055881,0.16043780646976158,0.5022758295293213,0.9759506697049488,0.8757143722483507,0.955862032187652,0.43727035988253243,0.8925625170159922,0.5347580011479951,0.4475787675270746,0.8154350741567121,0.46833518901499915,0.7894775576903197,0.921703291304347,0.5016820969104449],[0.5081370114966045,0.19828313900856262,0.42458993302421155,0.5519978746160367,0.15352944678523534,0.11455527036604,0.06303584329431854,0.5424290348769457,0.6048155516468332,0.2164675716903969,0.7007681714797791,0.9306027070013749,0.5249190910199919,0.7149053945749726,0.06385351816348801,0.9165641193894302,0.8657973558235933,0.215141323752563,0.7913252767075516,0.9210671304009778],[0.07847333077092916,0.5558041481066041,0.23594909187658505,0.29050142615604035,0.38411222923704247,0.8562257811627413,0.6098882298968611,0.2595369685681755,0.5986276671347022,0.3303757823889987,0.3259657576311443,0.6234862947553355,0.24715913670804393,0.12258834648460691,0.061419695321959636,0.95544017372868,0.17762307062956922,0.516443097011809,0.536212895623759,0.035064287762564726],[0.41452390063957256,0.6481010205534614,0.6357866148561888,0.8348892237452545,0.8622228048740235,0.7671542136457077,0.9499398031217714,0.376233464255742,0.08953073219751294,0.30155777289124336,0.18134349018454604,0.42306302790011896,0.8357455739050164,0.1152805474967629,0.07972434292247305,0.5845140931856303,0.2768064155128254,0.21890929912785695,0.19475531440698274,0.072031565131967],[0.45001808849458047,0.5465548182492153,0.7204758013340766,0.5067644147083304,0.3851235794076815,0.29235389297983044,0.2855830137901242,0.6663974887453504,0.3524180801079463,0.1593326408931746,0.46563168549020284,0.10654171173006786,0.4502867749988507,0.3161945133448965,0.7407777484118487,0.698931581469151,0.5295108138167655,0.7585409372681182,0.12024256863668267,0.8212748489873182],[0.3549296379678163,0.46624345977064596,0.25969496702197176,0.33023588161536704,0.9341295791149277,0.36342217781824426,0.6872340660774039,0.5520745526837763,0.8041990636181712,0.3500301850702442,0.961443791041531,0.06200165372613044,0.3935190171482475,0.3048399720395249,0.5724450972981526,0.70470139662182,0.13991965545767995,0.9412154498597558,0.5806735368549185,0.2446894944207642],[0.44323671190988484,0.798384451105951,0.5551790263754588,0.09632230472694174,0.8399984635494435,0.3326909018178377,0.45673079703276825,0.6611016866108185,0.9425162246302463,0.4895644943216878,0.5287086903065834,0.20028359491261122,0.9682674279833711,0.0729990125994659,0.8170979707102209,0.6723878820816683,0.02287179857479294,0.1271277214443944,0.28523332743106616,0.37495333462312125],[0.26173951342371043,0.903732891187082,0.4278109949048302,0.3803222588577761,0.5440384845104935,0.7340495847356011,0.9633934707217245,0.8982906473367748,0.43747614333242524,0.7476063530541585,0.7450167316145058,0.30198386077489486,0.14514088610735837,0.4660347218568172,0.7153120327427859,0.9754859764862517,0.8562438431076521,0.39364941928721187,0.38756367763264143,0.7454413705136961],[0.3204153467873963,0.1728707008130248,0.534755746755737,0.3896460314304468,0.267002200468561,0.32711951582440285,0.6610869863747671,0.33676070947572173,0.6012645329410137,0.08049416811448519,0.5170962999960782,0.8036203579533373,0.020365072263224857,0.13136817733031067,0.18770802947665635,0.12825841620195302,0.8455821057931238,0.7675073582166784,0.2984722215430114,0.021103396659997407],[0.1943684502845595,0.5520979581671842,0.15223956867630373,0.6973176471179087,0.20186096686163682,0.3565272584863889,0.5625829888643309,0.6590804602269421,0.7434343174613562,0.6399356688146529,0.10564044180164044,0.9370185293895393,0.28462358156318585,0.20121639167960967,0.05999782791551985,0.9545933102160112,0.6964145999155411,0.19316948010727905,0.6374600974510772,0.060691366520364824],[0.2352792468597766,0.10523417106105798,0.40731415132982346,0.4884166974296533,0.6287752325544134,0.03891102672028343,0.7394217223989829,0.4268357552364659,0.16525448135249876,0.3301818317413316,0.35398439238372176,0.31029916822427234,0.5043980333016702,0.6207395099720345,0.25308890844040505,0.9086354079824205,0.8091632201603404,0.10225298277049111,0.061909006175823594,0.5544439549918233],[0.5272659615457617,0.9084772664121351,0.5022163828686752,0.8915225606955036,0.9431919484695844,0.6128840768224608,0.6287170928272717,0.3138766190222074,0.38503904491730734,0.8921970301698161,0.7738306487702079,0.028607209400865946,0.24117893063959894,0.5042793410247063,0.41204986991132114,0.07481302227322983,0.03559642299662373,0.5209950941687622,0.11834487549766601,0.8338853986071686],[0.669035064214455,0.7551413281401619,0.14095253128167332,0.025054189093628644,0.44265623137006244,0.9539364613671504,0.4348035868905096,0.8799765309118699,0.8455780268193279,0.39684579237366074,0.12042990728380534,0.7027312973084048,0.7511795828679828,0.6577828084514722,0.14543979152021178,0.3458733390318178,0.7716136412349657,0.8427095828676714,0.32258035905294014,