{"n_weapon_types":50,"n_weapons":99,"n_targets":20,"weapon_quantities":[1,1,3,1,2,2,1,2,2,1,1,3,1,1,3,1,2,3,3,2,3,3,1,3,1,2,1,2,2,2,2,3,2,1,3,3,2,1,2,2,3,3,3,1,2,1,1,2,3,3],"target_values":[99,67,22,85,88,24,96,31,89,62,86,4,66,5,56,46,86,82,92,24],"kill_prob":[[0.48707607857239765,0.05253456837760301,0.6689273091085953,0.032861734411933914,0.6256534824212361,0.45465886082019613,0.18766657475550944,0.9389866543677817,0.15303781629129265,0.7248878785708694,0.47429667354670874,0.6943235349576271,0.9686131804264121,0.10524910932686556,0.2963949840433164,0.9685264540729037,0.6511870945743105,0.21187735251401477,0.7759462719116783,0.5840126741916062],[0.2564046474513148,0.6240051392306768,0.9535198189307674,0.19536849981181226,0.9416604788116383,0.7664683625790327,0.09916299330788227,0.6809099113260492,0.7176206679916335,0.8548363742490951,0.6562143396899045,0.8359990718821046,0.8586181167683135,0.5670043137008125,0.46627037936929844,0.04431048962469768,0.06165279078017164,0.8516491156984761,0.13577249525701107,0.17592916608452033],[0.502324208359005,0.6814298672467684,0.824359628454343,0.20767025052138136,0.040596356617312965,0.09878900215812904,0.8619993274254484,0.03232643286041945,0.027917367199615933,0.23395011613498146,0.3731557519621519,0.9326537959685793,0.6244892340030601,0.8141189232518341,0.8302264300188031,0.6609588694347445,0.4594413077800071,0.07660838614766367,0.3770614560142309,0.42346990406973045],[0.629830094986413,0.7799427081576688,0.03278985103575218,0.2757198350754174,0.76491790632556,0.17276317522963192,0.6911936744998632,0.2152890232341947,0.9692214663412401,0.6824012214454024,0.9342028134757144,0.15116595854586223,0.3808291476369221,0.6787042168098976,0.237766759391992,0.7255638363457827,0.44413955105419456,0.7495409523108603,0.762871672452047,0.35827133756221563],[0.0828288257003505,0.21949417530488244,0.6967798364826528,0.5139557027340944,0.8941640002527592,0.7676781312681055,0.12209200208330882,0.3666227861043846,0.5059537869530535,0.24589928821947593,0.22573431836231722,0.17494263578194308,0.21823264073790835,0.7093640440761496,0.0798300804521408,0.7402148363771319,0.6325879151453542,0.2505343865449396,0.7750716173868867,0.6623032331055692],[0.8650961940872013,0.4734310785453028,0.5704639979180955,0.28611462910556074,0.5560652646613107,0.5115801612695237,0.5562783949415678,0.10724567803201616,0.51056484452177,0.5764283155495321,0.5925808630181527,0.7954237449982845,0.1455616211180327,0.8526705454858143,0.676924752320251,0.7241588474883506,0.5387469231125576,0.5183238171333406,0.797190990135992,0.16537743361788548],[0.7299000688189337,0.6054342813097754,0.7231217337889768,0.43707635008861906,0.17961380783529024,0.013942836237912589,0.4753749281473429,0.17209982764853332,0.3485432738558142,0.5161132263181327,0.25702992022232396,0.3350940400571032,0.6992565195094848,0.43327426943958147,0.5783808064745576,0.5126295838097182,0.1583459908869801,0.83947929768982,0.09232738301957125,0.19477649702641342],[0.840755308015246,0.6701351933350647,0.3195251558266832,0.9299912757512308,0.3908861718701572,0.25299330632064193,0.15241777939750187,0.8042028977921475,0.7130306616506612,0.392566195641266,0.7001939531190401,0.22309470774625956,0.0517952825532861,0.3826488005438542,0.6926958169698855,0.42860904053461174,0.29225788109292394,0.5465194988801259,0.6594617029683483,0.2925679985801193],[0.025489095222911318,0.3942707770838955,0.6312711496040448,0.947712644202169,0.6880051702376841,0.9458136965621157,0.6840235452553938,0.9270037338695457,0.31451213194836886,0.7406585675818099,0.3383797629455776,0.2961454184404019,0.7299437239912774,0.9121324027208564,0.13568899704931173,0.3454040618195885,0.7072247289411937,0.7929258547411251,0.3318390613885831,0.26846491580850795],[0.6482180519483471,0.7731720064575034,0.5908308345618254,0.0774267677075209,0.1853617688719421,0.8897818979772594,0.6703267284090717,0.28438726932958486,0.9097551623378656,0.9670460271518203,0.8991720528136158,0.2032387990123235,0.46230589498894153,0.156095371187818,0.7750817018027223,0.6368012728647797,0.9460875458294079,0.38183281215905696,0.6797377139250975,0.13391060691740928],[0.6980962256398842,0.9478335239817722,0.49975838695788166,0.40583113544521465,0.8377653634799936,0.6612042542431128,0.3297605353862971,0.3441992977613929,0.21335409189825588,0.08456723490537502,0.27732484125833506,0.7445916297998147,0.16097437331830106,0.5184712036622671,0.7624442505200988,0.8017951642425872,0.909072742029698,0.8031524737035007,0.4707982029985024,0.11832197228156824],[0.5848770703999441,0.04133925586201869,0.12076130191157516,0.1075746087910032,0.10802407019775528,0.4163023517148844,0.3207305191221589,0.24912515029672588,0.7453777228400397,0.4083920881228243,0.983313160877293,0.26796074034120837,0.29221903609728284,0.23908066793771585,0.6655073798239284,0.4210140645070049,0.8627048145440331,0.6789103826233229,0.03957673183593342,0.33011027226835193],[0.9575776156419776,0.5814433488977864,0.5921448726915699,0.24935652953115287,0.12251194215712359,0.19050371583515088,0.425008428825795,0.8983443089039342,0.49834246329443743,0.33941518702129175,0.8848716807106312,0.2438753134804468,0.5375570804687516,0.9817236693237735,0.619558520901274,0.5480851844511374,0.42727263870533955,0.1321328856065567,0.4145573555871197,0.09086319193953649],[0.5394160154867104,0.33452378747784245,0.4838986881817419,0.9007104721041407,0.8875439360341942,0.134544406854392,0.20074032756156163,0.9516075728456342,0.7664460750132241,0.5515897214983054,0.5083845390860916,0.355695577859373,0.19804002677898572,0.5847620191725631,0.5177058322442373,0.2876313925113009,0.5145242530093163,0.7198364656105964,0.5312794402410057,0.707635224473777],[0.4003429513097552,0.304866560667388,0.2554290401985728,0.4842250801737871,0.4237467739687718,0.6037121178497359,0.5850500727609499,0.1968564391880907,0.03282103368205159,0.5818098373795939,0.3676261567499053,0.8194058564969217,0.9784563228420119,0.49965309690995574,0.48282774815066726,0.5274575887273025,0.28305437868857125,0.0113283496184858,0.05616938820037378,0.5088858484040156],[0.9298390572641692,0.023597255286483276,0.38367709237402925,0.21630324834988932,0.3367615618007207,0.2656540036779353,0.5758914668964008,0.8235947121718247,0.4346769685599184,0.054213983590195795,0.9633965970508744,0.43154989271079397,0.0885970991414601,0.9245418947601328,0.45781407466345053,0.25215525354726376,0.8005774641140568,0.24041164916876706,0.2879497113777646,0.25193890734287017],[0.9339238789994145,0.5902168002484871,0.09912021128611903,0.2516252391735342,0.4767340089409202,0.25815474679971756,0.3471919069528828,0.3325189542566692,0.5153766589204147,0.39686273469688615,0.7534572927976818,0.14048603447177613,0.46541206026749404,0.22969046418519407,0.9201851479184738,0.08564793549934112,0.9154492601602329,0.4592764082255883,0.7740775018426563,0.49000546264036376],[0.03917875801487338,0.5651268138261878,0.27329334223610297,0.14541991539393073,0.1293255376107868,0.665404267742841,0.836425574355893,0.18771188448655982,0.3967164892451232,0.7929837015755722,0.1444565602504851,0.6027627338041943,0.07965679219653257,0.5140465701206766,0.4347655607573495,0.7021085254171247,0.3538174017874759,0.7624230931524124,0.9305043229904455,0.7946055613642645],[0.4677997136416825,0.3100546522177072,0.30180054915511106,0.5972907069239253,0.252961077517155,0.798653428523851,0.744327417875507,0.2591180297299702,0.15880169479651143,0.2756843928673758,0.23968167955501973,0.6573335799722146,0.9271156744827564,0.827280123291779,0.9737965862601716,0.7762377453563648,0.09172523937380045,0.13181656018827634,0.83151490833621,0.6942020037752391],[0.1331496116691715,0.2072035129518042,0.4756024399713097,0.7993678995835861,0.11827747587663633,0.3576553910522224,0.500741983608267,0.2149174934304442,0.03344921541640704,0.49690606949407906,0.9582726580222438,0.09260535932098246,0.23614667871938094,0.5848922167219378,0.5575512190433644,0.09865075186316262,0.35667428540136803,0.6409296153535826,0.06422819349276573,