{"n_weapon_types":50,"n_weapons":97,"n_targets":20,"weapon_quantities":[3,1,2,2,2,2,1,2,2,1,2,3,1,3,1,3,3,3,1,2,2,1,3,3,1,1,3,1,3,3,1,3,2,1,3,1,3,3,1,1,2,2,2,2,2,1,2,2,1,1],"target_values":[55,13,98,71,39,48,15,86,74,21,76,72,11,61,73,55,28,37,33,37],"kill_prob":[[0.5263354784101363,0.9118954685260832,0.5685062765393165,0.42868258545976434,0.7560481685077196,0.8068520178448962,0.012918756820137258,0.2121556825110793,0.9636968799185519,0.7450074325860548,0.5397310713167546,0.10075625801136091,0.7333999338663139,0.5099790981822462,0.48563318985469145,0.9042926065095191,0.6368878830780732,0.28066021695093785,0.7111372403359549,0.4646732239513033],[0.27550331748439144,0.4059793332804053,0.7528531929214122,0.38458967030651386,0.16182460181699834,0.0907341540966945,0.3089924521337927,0.30262175586608026,0.824335974355553,0.15193642670054178,0.13097833619017574,0.2127612219804425,0.7642166736822216,0.2611413519588303,0.41627794261407214,0.6568685688588695,0.2658595605072114,0.2753044634025054,0.5319314165898505,0.9405210505438542],[0.8811972264418129,0.7215573806444213,0.8341912061483218,0.2501282759952166,0.015014786150491,0.854830179339823,0.26151788325855796,0.9417633075438114,0.08134828847692896,0.2673722451912343,0.7058739813885199,0.2822474721569315,0.12511863875077822,0.8247810657311856,0.7252376453271392,0.30180321403709354,0.09237144187892256,0.1536071946802644,0.9611955703323315,0.5721453843854721],[0.7435372409255164,0.31107917828981096,0.9069560473704866,0.5944756532324199,0.16252672212208305,0.5655357567110101,0.7676421770502874,0.5313150919072349,0.7348196138751851,0.517155332662734,0.49908272880188537,0.2199109579135317,0.708601142412926,0.4367604119965278,0.02504276363275975,0.2956951054267848,0.4807196045620372,0.1753490047846396,0.33957745038756926,0.7796828396773419],[0.8705216337330858,0.18559554354012278,0.19954795411025586,0.2738627109105524,0.893000799777294,0.3928922237009417,0.7229399936155189,0.6590956003232243,0.5725807869619456,0.7851377016092838,0.14911718037778882,0.051520175867637234,0.09501251627115748,0.3540710967741196,0.7301702750690378,0.5184014798518513,0.753267468175568,0.47045967348042317,0.935123260649089,0.05592563841534347],[0.9879750279581155,0.7330719267761299,0.29416944382653276,0.5196121374652553,0.52792234923417,0.9716304561875536,0.3342165493041451,0.19331361744935027,0.6268665374467149,0.4351858202140531,0.35669854927019196,0.9005638188276867,0.8165690928589835,0.4815818743309459,0.8775921389806055,0.9263416517805722,0.9557234590915612,0.224947173339251,0.5783643090208536,0.4663730789905174],[0.14966943066020783,0.6678363921825583,0.9637414169941719,0.6978379083977364,0.029365336967362397,0.6219905465935559,0.31385517700437554,0.7295100807720086,0.7435737095187334,0.3533444071107772,0.8666690351431445,0.6413683252605337,0.20542057281564588,0.1002063232886169,0.38128807754193117,0.40675200582269466,0.23473255923985542,0.01869567362915751,0.6053952400136106,0.9400227683176978],[0.7884080613726882,0.6393743543436639,0.5750871288737844,0.042722669512068705,0.8615588401602002,0.4529057292552011,0.024083894216580304,0.9695683502424773,0.1820628644859619,0.2756151011357736,0.7290021529213186,0.9815757834671308,0.2420781801281048,0.15016924134719847,0.21522055529852938,0.6327370474115728,0.08739394265316357,0.4907587116221428,0.7511415398356288,0.9113869388745711],[0.7503721039626917,0.5268418154824122,0.5522465243037826,0.030138077273269948,0.7069978570023842,0.04835384912261175,0.6216408121270897,0.6736132074729126,0.6827938020405904,0.918620753342871,0.37818309229633706,0.6019374916656249,0.7219486546686675,0.7584774674091137,0.5548771235616076,0.6169385926847075,0.4558411101440808,0.7698038098858253,0.3358863527113456,0.4396425967593339],[0.8311895740734634,0.05695284595551294,0.45377562486117845,0.30651586839586864,0.5391483164689271,0.47601766623143377,0.5906624329099094,0.7382795508600244,0.41647164709283796,0.9251222698883637,0.37911198527032913,0.01809175601641809,0.5591956239105854,0.2450810028098338,0.04132701858802024,0.8859278987455419,0.9527603782854015,0.7716622375175218,0.5307503348148874,0.9672231481385045],[0.6842249616477315,0.1917798349203331,0.47958223850209153,0.29141133505032646,0.6571188457767222,0.8353468440739761,0.9423932321529543,0.23687318694494802,0.9772370470389552,0.46362924909552267,0.1374361862100798,0.2416505698453665,0.07151244604355056,0.5789380305992777,0.9256402065400091,0.6861339437585273,0.48603920903641185,0.21282304904360178,0.6156738125724514,0.4929136564822752],[0.7532695512074372,0.41495807746565466,0.3587499359102641,0.6302051833626512,0.04624924974215603,0.4576037413280048,0.12271142736473425,0.9452181901674201,0.21686191591477508,0.09965994953589638,0.249484079038237,0.4128839265859266,0.5336113489298218,0.19190688662213234,0.8546966021721697,0.7797406550343,0.08780486647710244,0.9155375168356987,0.42851935453761053,0.5239153377766579],[0.18590305490306094,0.7760347042207567,0.0198945556901944,0.5327567507553812,0.06601468953535117,0.394035498077058,0.04374711717030524,0.6198197862080673,0.8475927161225683,0.8648429920516639,0.842728431075303,0.20123234113255373,0.4349783001083765,0.7455316207429569,0.7041557399452799,0.8929367747969097,0.18003014150559468,0.07463707312953634,0.8591588917214159,0.9527142140702164],[0.08770487055892795,0.03590058038688925,0.1884729176946007,0.18034180981105472,0.7495183288279467,0.028668594025192645,0.6118300459787722,0.40237695401393014,0.3291903604233704,0.07101469220048111,0.511017749534295,0.6911978478959516,0.1913275888468724,0.7883749806841462,0.08210926288601099,0.4966061137307372,0.024240892493631087,0.4967481171105525,0.029810131960643513,0.13567433707806548],[0.8566330475431001,0.858046806064755,0.6971558562555199,0.4795274297152565,0.18423436604267018,0.4321893205880974,0.18095535384683809,0.49522828896447074,0.5734988944007361,0.11026944439044639,0.2062157679872077,0.3089792502570225,0.9804993112731342,0.9592519909049202,0.06362543202107183,0.6290455828332193,0.942707890575964,0.47708058421163296,0.41624115659754524,0.8539193856557643],[0.09595300148291937,0.300616809282876,0.8174623001130494,0.8492199049045402,0.7058978424144933,0.11343388733610339,0.40236355985949757,0.11349338770487022,0.887969049291502,0.7927435237262765,0.30647149051693395,0.8838992416854474,0.6730595062859022,0.5884751396761053,0.5790677757660491,0.13987961096797,0.52427176285196,0.5858055221192148,0.3366515407669769,0.884697864380413],[0.4205702298250129,0.2371327336927011,0.8122070910740183,0.09204038443019921,0.2692705221036802,0.5348700822128044,0.8847017874859378,0.29126501695206136,0.24229631541718646,0.6255518511166671,0.981808403844656,0.308447394821335,0.6487644713821803,0.8103918956409447,0.34889346611569944,0.7406808922159699,0.6499400818438871,0.722828847720132,0.9660234192593173,0.7778135281949167],[0.30829221208552976,0.21137388186276698,0.03944121286894183,0.6257729596475398,0.38751276257307027,0.21643830681538878,0.4822265318735761,0.7391948218825097,0.8407328588598465,0.6406866216245659,0.1287103508097316,0.5107150329910397,0.06597834300017552,0.7939522443923017,0.8855881537122097,0.2211286051347642,0.6727870015774928,0.5154452994232838,0.5126731422307138,0.8429969159869236],[0.2636165130407597,0.599386078904713,0.48488235531986423,0.7511666622785579,0.25291768033887163,0.774744518116424,0.22810927596767722,0.8403279860976943,0.08776781582318174,0.6012830231476202,0.6041221919572076,0.6199724740229879,0.7642239717056474,0.3262961319869663,0.2660494170821018,0.060946163765586064,0.02517443739695005,0.6899762572129196,0.13587317157149517,0.8160592151204991],[0.18001028184953685,0.07555213565347778,0.9119506329477387,0.3707198792921518,0.24840064408924278,0.40403013985337893,0.18854138309498833,0.8171164940944858,0.8300756564587186,0.17559477127885798,0.21941191747740388,0.2923850533427468,0.5945727643170227,0.6986018353455422,0.8616804282438287,0.9737701783042254,0.11914013879394361,0.11281047599175108,0.8952353198904359,