{"n_weapon_types":50,"n_weapons":108,"n_targets":20,"weapon_quantities":[3,3,3,3,2,1,2,1,2,3,3,1,3,2,1,2,1,3,3,1,3,3,3,2,1,3,2,1,3,1,3,3,3,1,3,1,2,1,3,1,3,2,1,3,2,3,1,2,3,2],"target_values":[81,18,14,58,10,33,36,56,78,92,29,41,38,6,87,37,59,28,96,3],"kill_prob":[[0.6943259343314342,0.15860788985194124,0.5016604028876366,0.2118621159731848,0.028439550265644813,0.7432585219906523,0.599028807859624,0.8114344575874614,0.5709033922780489,0.6819420057359,0.09916789138147472,0.09627204348538962,0.0356908867702939,0.1706259801318405,0.24679710551667686,0.8737344984775546,0.9570107133590511,0.4284663288284702,0.24817571700845154,0.5670914270707995],[0.6490763065051616,0.7464531874920507,0.2890592670103939,0.540016081961434,0.2769608923578585,0.4733704366918355,0.3172761237519509,0.9832679104847099,0.878853129231391,0.49986094265616454,0.2000933016359357,0.24240721077998417,0.06427338397183953,0.7347047814694243,0.7917230374815784,0.23066082917157918,0.3861801350323843,0.5591652185508398,0.6021354070245097,0.2029095037509047],[0.4782273546191335,0.7172795363826688,0.6813448374379814,0.7684613250525841,0.6292136957651785,0.0486422639559766,0.5412504062854616,0.508986708978333,0.8816152567962358,0.08750152692308416,0.9711410751154673,0.16609441135385267,0.6553140790730527,0.0622527111763144,0.4327011794610836,0.2918542083954228,0.08686451303850114,0.7390011319632662,0.7976288663230257,0.3762302118996304],[0.6194373449463002,0.6003962122923567,0.21232556474015848,0.2947619225391786,0.5161222222705679,0.6595302322793977,0.06758571508378794,0.21058008500244488,0.4865498538580822,0.079381489664288,0.637434346295841,0.4629310667067918,0.1451321023657974,0.1473521119303318,0.6009866344558803,0.5617717807893159,0.9831929138876938,0.23620053095089905,0.053303286216187,0.6716060583386988],[0.45957290034470966,0.6037515735650157,0.8317546057992522,0.8592758109184228,0.7190840474964172,0.20341593334427002,0.1907656013292676,0.04783294269302504,0.16114313688319745,0.13683950593075417,0.5706918474878833,0.7599298299382979,0.5460163081973202,0.7225923316525087,0.6347970161788119,0.6883257886639387,0.4536918926353797,0.356503314968875,0.08436182970532156,0.971462256776197],[0.22176538972890092,0.9311238199062132,0.9301235261152668,0.3768390761765394,0.6439139199783461,0.8005585041997697,0.54550387128309,0.46638629541924803,0.7790877447155222,0.12706287627696922,0.1838242565190021,0.6766912233696672,0.4596182624591182,0.9258568365630523,0.23659201831720603,0.5255298290762425,0.7705943174448583,0.41653205297899654,0.07692866463510095,0.7473537242085958],[0.9630523820083503,0.8726610686352526,0.24206458621915083,0.14002245682907316,0.5827646303393629,0.07200513262000006,0.5140867336129384,0.41059209974287986,0.056350947123626274,0.1888158829430414,0.6139429805267704,0.7147252273629787,0.8913575426925076,0.3389546808954867,0.1031797164617059,0.49840043598795297,0.6771621593554719,0.9099144648806352,0.3662632993101906,0.2913302030655155],[0.4130856919531361,0.466659700269208,0.018625783233927953,0.9637184146454548,0.7728093552580125,0.9576330803964066,0.5041321491792234,0.9044621601551465,0.5350756330286067,0.4580202290258149,0.5273152371771453,0.33000215765860846,0.2373345127749529,0.3862167279554256,0.7721443569625351,0.3037755992056233,0.09990161061042123,0.4632282088882922,0.9687412182871126,0.40175669286336246],[0.7263161621200963,0.29377152550293073,0.8122527310212466,0.9495010903562366,0.896272541618158,0.7913957679225949,0.139024419892045,0.06272267670969832,0.20579905350578087,0.37178580537680356,0.905519289107797,0.8701389146170935,0.7016351993772337,0.7825226537231473,0.057359764489076516,0.798089116098419,0.9738877676536983,0.26410028510314937,0.45234309086229946,0.5074327992752113],[0.3673471488401744,0.7352210609883746,0.3581245091573791,0.0887720744387324,0.44744013816218003,0.23515779885833837,0.36052602765156033,0.8982747248441568,0.1875072596495518,0.3446840720663217,0.29524409429484433,0.28595714082911666,0.8359022272007791,0.8939404255304157,0.3839206266737542,0.9698819608670909,0.02429316050614801,0.9786683648020379,0.3971452314052879,0.06823601418251363],[0.2337541328724561,0.8455894699890564,0.439146183648766,0.7207836620708474,0.42400619283691837,0.011106861221021155,0.15082119190356147,0.7562889304390369,0.43605759854410375,0.9296076288414996,0.35483073449294156,0.5815905082624574,0.8114793856883001,0.2770723828174353,0.14491665460948067,0.673342795293319,0.46451143737224876,0.8572349960429498,0.16531358314042066,0.6858032595059045],[0.034491838740490714,0.42560965916932353,0.6153434400892016,0.5606181166956674,0.10970012732164518,0.20035855423363527,0.39969564463158597,0.5680597735934909,0.9262928337095302,0.8813730338819593,0.9771434855002428,0.6353817480701278,0.21059160216489503,0.015177241259840317,0.4432487760293914,0.2819270851952286,0.5090695136164636,0.5162772344350579,0.8149466868849846,0.03528633873455975],[0.6640573304804244,0.567200821670479,0.7257273867736445,0.8610451639107749,0.4684859001918855,0.029809355585742624,0.26900527251456585,0.31773967289897026,0.5834024628031876,0.3613587876787935,0.5010467548642024,0.817225918271149,0.17238235411603753,0.06071801955370606,0.1211358915018339,0.2606315814472202,0.30224940365806574,0.4499786247480593,0.4903837885686983,0.5864414707045609],[0.8664089830623584,0.922112167235288,0.4398590298650278,0.3425389694547416,0.5257930636594987,0.9721649254781591,0.9381061080848653,0.2975620105112959,0.0648036695108658,0.9754177965209223,0.6872232667944205,0.10027016267277718,0.7259986363405636,0.3536540029439289,0.2524512494649968,0.12473833011579628,0.6095802166248454,0.4870066270993095,0.42178001425603406,0.2883325129686641],[0.7168992358413447,0.8742403611944601,0.07075951487676292,0.10120385043569946,0.661158369000222,0.418302151154981,0.3201963551879969,0.9691420856482429,0.93006730347383,0.9320926254228065,0.2878463496101488,0.5837196374779815,0.28820446986869025,0.0677867555531543,0.6795859622315046,0.38869156927737303,0.9229608367108534,0.14736178381755785,0.976801701980759,0.23769594001335034],[0.19666819126467386,0.3849520761922698,0.2803425856863735,0.8008119308871265,0.3875041370336612,0.308718101095286,0.041860002458763194,0.752016421790881,0.7719635692516275,0.9393631945476949,0.9136913624168408,0.3611677058476909,0.6730905040383071,0.43128990432570935,0.546615100680301,0.43202389516268325,0.06295540560943083,0.4058964634234926,0.8164055377041082,0.7654630707155682],[0.7196701708604647,0.5123854608128716,0.9659429479576269,0.3824262473267336,0.2322143523820108,0.24092074965562857,0.8440616773021913,0.8552911186255348,0.7657427845236419,0.12675706672983666,0.8724674788086413,0.7648983909178968,0.3804425820609266,0.4509372082462068,0.1744831688054254,0.8627566720002605,0.6669093483822444,0.9314636816296353,0.8974167082832242,0.08868577401322925],[0.14089140565541586,0.38063085518180606,0.5739630598566332,0.2992455439740587,0.6871830708035299,0.7314633822656097,0.2230064428000537,0.47774405491376154,0.38093536192855404,0.932362241435654,0.4666425365703771,0.8179777467357893,0.2407380273206527,0.7684227281039737,0.1796428944910818,0.9218769101598049,0.9226010966386947,0.9659468524264154,0.9373725778695703,0.24650103388109054],[0.7014906080988373,0.08700175279849026,0.023077426104460882,0.3997839294500262,0.9643994874497946,0.6893877641374386,0.08325438760911423,0.4543436836527943,0.8537749192620835,0.21051566371791716,0.17728358737887825,0.27336181427423834,0.8283146261680951,0.92299062464262,0.19919748107546306,0.5845075871364902,0.05486601009077074,0.8445510688477655,0.14061697383660077,0.3289879591983064],[0.6406806677787233,0.10392121611529442,0.2114859375433419,0.36095203878745763,0.08064426033578329,0.6416018340044121,0.1504285913060367,0.014833986140941486,0.4368436930834308,0.5434864998222478,0.6386026260283677,0.8254975353005638,0.838229779341616,0.24445074248020315,0.4541464349095616,0.703334316554013,0.8883197636043118,0.06171685712204903,0.13558239722704676,0.6645188518194206],