{"n_weapon_types":50,"n_weapons":93,"n_targets":20,"weapon_quantities":[1,3,2,1,1,1,3,1,3,1,1,1,1,1,2,3,3,1,2,1,2,2,1,1,1,3,3,2,3,2,3,3,1,2,3,1,1,3,3,1,1,2,1,3,3,2,2,2,1,2],"target_values":[26,100,75,70,82,49,23,93,16,97,13,89,91,90,58,77,15,45,73,86],"kill_prob":[[0.687817933369427,0.7832458058498276,0.710131087662779,0.2883909238582029,0.8516449537669267,0.339209459386267,0.19478922413287666,0.785658622157225,0.12375361332278118,0.23433336115116968,0.01859432337430046,0.5509780819621451,0.3345833353458437,0.9233733666084663,0.9030764180635396,0.6968365245416567,0.25305740125812864,0.7522363382376585,0.5013634256163891,0.2264536305610333],[0.673607086257979,0.5534204177014981,0.968205212062959,0.513481926059568,0.615552306375173,0.08593697360179858,0.5960507671997022,0.7729187403881584,0.48028052141909156,0.10089276954666959,0.3348533243870722,0.13353070748970294,0.04086856228921417,0.09114932949006861,0.3021381425021949,0.06249548670459288,0.16680815642198069,0.3462510842497365,0.17580825170203346,0.276617722874026],[0.7624647729009866,0.16653775006442215,0.5309602786121409,0.10235148906403549,0.8186054420405023,0.11960078930868849,0.5132655130470957,0.7734406218664539,0.92317082108499,0.03989303625660802,0.5435194572061924,0.46637648270176824,0.7338261300276802,0.9468817194151985,0.24489002612437744,0.28888888484839076,0.6510366937224706,0.9890770490331274,0.9330642874402196,0.44170704544947614],[0.44177739959278495,0.288044227916822,0.3900987088124468,0.607953471260868,0.15192790395040093,0.03611614612677633,0.2393108055564455,0.6408967547377304,0.08181174049230533,0.8969026445891094,0.06731660596085497,0.8132419494446621,0.07765888569096858,0.7837973086205768,0.9014917833660747,0.3128194397021952,0.15785697806737947,0.5532616365005029,0.18031535301049506,0.5198331479014014],[0.752756890635742,0.9151886960776913,0.9521385798740806,0.01238177457992849,0.6126419495109012,0.2310014854192012,0.9855307280191822,0.4412055496040859,0.10471570733780088,0.3644333887073257,0.033902411275615184,0.8763496207565826,0.7105103839309309,0.12313837625743998,0.31012298619002177,0.35981495285986576,0.20576569969569888,0.9472321803061325,0.8146204705699533,0.18347934938534813],[0.0473881737465541,0.7816606514703864,0.6559969309963741,0.9624349364716892,0.10967705478222675,0.34174469432555765,0.9287048052096325,0.7341216572729066,0.027246834037060824,0.032748496086423315,0.4040110079566407,0.7282780718544097,0.8554755346214465,0.024739942713869312,0.11698379109314094,0.3171360227841306,0.07406031427220092,0.20603071835488126,0.8207321653812417,0.021296006668928787],[0.2744207350073267,0.43506017280473497,0.29081270750189175,0.8657766082248347,0.12896921198002445,0.5806516390470307,0.6934201531686199,0.43573472738920144,0.6327031774790436,0.3665488515526966,0.6134891395353675,0.1493349678549886,0.586236809067348,0.3939889223146581,0.3891726466518206,0.2759368086840456,0.20365771130152469,0.5365278566113942,0.5210045500065683,0.728933500239368],[0.06475788052958716,0.6522644855363541,0.9396166769270734,0.13957760712475592,0.8130964815235,0.8598532875844691,0.8239769859127628,0.9225221528334578,0.5805896279458681,0.5332670658114484,0.7557554353175009,0.4792442381838649,0.21750399077145555,0.6497277251864287,0.3925859559212179,0.30695975774754003,0.22380752042678442,0.4588161916762739,0.9326266814363093,0.6376759822862488],[0.7526125954150418,0.21958055400405832,0.29754093109002366,0.16839770577249089,0.12472436477845407,0.42976783723256073,0.20356600338077516,0.09338210718068359,0.5171516032465858,0.6375324687075244,0.24584685248432595,0.5272705043669048,0.08404882558143847,0.4134014168148783,0.33263785301620163,0.2266093595095819,0.9604833487529824,0.8410445564093793,0.38593985831033273,0.38978433955312125],[0.536245145462063,0.2526514430927337,0.618885525768636,0.050519746451217575,0.4459843209623994,0.46087609298269894,0.3952883047967125,0.9700770390936777,0.06393700424151696,0.09513720989419641,0.1728557521852977,0.826176815963095,0.8675660308179992,0.35003695680479474,0.7196281117291936,0.8199737652914763,0.7812919007603972,0.47635687502024576,0.881900491906333,0.20519478674993286],[0.77338848748544,0.26223355462897135,0.7472064431247991,0.7021862860587559,0.11909061788046649,0.49751164859614994,0.11008069599227904,0.806449196633047,0.4979770124084885,0.7131404544293275,0.684100006399921,0.478277634263063,0.3424547480426084,0.8543326776639183,0.4809182069072341,0.22948531029054745,0.5075345421865474,0.9322518525770644,0.8013457758160467,0.10078481367560899],[0.2883433651919279,0.9515913430865338,0.40907358525156645,0.6043439960536556,0.6735960020274326,0.0820041653802043,0.7655601168461402,0.6955394527172628,0.5563201649382181,0.2718248713656354,0.8301615659218573,0.5802690241178466,0.10168136861136735,0.3710975176287363,0.1938655062054889,0.6399983414611826,0.8255180262489079,0.4385950081849944,0.8137572505488972,0.872224008073546],[0.7633188861366672,0.36396028919055073,0.07709307102455491,0.24255265905581472,0.4436025849766327,0.1267652125166914,0.3860996911809125,0.07221751563262431,0.606449503360486,0.690729498814011,0.11727928430643117,0.8643650376803029,0.86273530968265,0.018383866801303675,0.29788391579474954,0.9552014987232117,0.36988106472815085,0.811851697782391,0.5459713669014707,0.2329618058285573],[0.8547659309096344,0.37013692948659666,0.9671205825695215,0.9752969092847461,0.4134325224630372,0.3601465582900679,0.949904736710592,0.10656888512544371,0.48728065076025806,0.29070969805615166,0.2062522485369686,0.12995040330956292,0.8384172900164935,0.6310843458885985,0.08690243393571098,0.975920128676751,0.2210957713185936,0.7279549024253723,0.20987524209554437,0.6545241973296019],[0.3965610398201284,0.8099618542975792,0.7660740196342285,0.2087891680155962,0.22466744485820092,0.06978257201217096,0.03254996060757939,0.2603867492545696,0.7900458518553396,0.2877254436561657,0.2406413491216247,0.2789849127313234,0.060298034913569415,0.5858670468507602,0.6949284280752586,0.1949035428821603,0.9540990470387853,0.42206231153413093,0.5998214057336839,0.8310991275826035],[0.2750512524992438,0.35929703111785904,0.6439694786146001,0.396111739528081,0.16069696730744581,0.012036743789625989,0.7549065762913428,0.45922448875473093,0.506418125671313,0.7498749502519629,0.7247448529258275,0.9194139550178415,0.11613141879487175,0.7758785834182665,0.9627993081529325,0.08249246705177472,0.9684847438589168,0.5720674470472584,0.4146388586372471,0.38206314762675614],[0.8805019298293655,0.28917088946181296,0.09017822553683612,0.8751113823145633,0.6296489722063948,0.7421928050861888,0.14545329335154786,0.7542017109311053,0.11711218222981139,0.14221191899499105,0.1934347854746675,0.716783117558116,0.6587885832614448,0.10256946884022326,0.20629089776633458,0.7432598378531552,0.03734215241744584,0.5598123520167047,0.21742504022488676,0.6438553722689285],[0.5318350352623114,0.13217155701748542,0.2648240739017954,0.4412250054271196,0.8046464081862026,0.2826590416697436,0.2497699458243193,0.42669526767480476,0.35141815932552234,0.3143866644874531,0.06766093892695875,0.5557540144076557,0.5141201107851422,0.47146800085299007,0.5098458268565174,0.7034432032229365,0.5507402352861335,0.06231908359606121,0.6091743187092858,0.07748263738013224],[0.03801735436929232,0.42241559337984685,0.13975220482424616,0.410202628161668,0.317317720888335,0.3701376774324101,0.056789770421681735,0.42874223072743917,0.5485685604575865,0.19770879952709802,0.7439910032822867,0.3277685871875328,0.02011108436179474,0.47275263941557166,0.6181823480770751,0.8038380341243831,0.9535300543233014,0.06661833695081791,0.6500561917639088,0.7498499947853299],[0.4988173443000231,0.7730574515038366,0.159507643577175,0.9607427926500537,0.7137787509409186,0.38791957546051553,0.4261558450402468,0.09573728800277614,0.5484051504025088,0.19653736897012894,0.26936553909655475,0.41780570836440156,0.812063976193095,0.7081369113082856,0.5195344727281662,0.44693210698562436,0.8687733656511704,0.21207988520843815,0.057594241623363844,