{"n_weapon_types":50,"n_weapons":94,"n_targets":20,"weapon_quantities":[1,1,1,2,1,2,1,3,2,2,2,2,1,1,2,2,3,2,1,2,2,3,3,1,3,3,3,1,3,2,2,3,1,3,1,1,2,2,1,2,3,2,1,1,1,1,1,3,2,3],"target_values":[36,84,92,37,71,64,82,76,25,67,20,28,82,69,36,54,2,43,38,70],"kill_prob":[[0.6101937969683491,0.744796819271296,0.2013348897147725,0.18416138284005032,0.055922618665134906,0.5750262672336006,0.1939320305343776,0.6025616628817105,0.18268060659798077,0.012576205226900634,0.7723982446436471,0.02533943118086306,0.909464702086936,0.12594692676718675,0.478250299457891,0.1402095140659618,0.11698448919136344,0.40132093202891433,0.3098130226427981,0.9334295841277831],[0.245137688426046,0.979263669332821,0.33556753852316507,0.8741122067854813,0.4135221293352122,0.08837271252304718,0.901949077650365,0.28932531118265975,0.6383001403224433,0.7583430959272973,0.7741013715805128,0.8986165149546412,0.830897087554519,0.09940023391660514,0.5794497589433729,0.449572628356547,0.5009856147709736,0.0754120549568887,0.606184386922194,0.7649016790235121],[0.760841961773972,0.037679562031686924,0.2915539052974686,0.6420760503846262,0.6905593605829505,0.46598177355717785,0.7075284074368337,0.5358816531925821,0.40845320463452817,0.7741230425028378,0.9724731170654317,0.31979513837746215,0.4229895616568093,0.29714341276798123,0.9685111126479942,0.7122577098064079,0.03502009365091163,0.7315989086180477,0.5530918181835263,0.31459085201094067],[0.21976671863977348,0.6326367829307258,0.9703816696801973,0.5631341030562956,0.5458286828315277,0.7666775770059224,0.28252899300950307,0.5104248856296103,0.7322194644655475,0.22004687138764698,0.05103084800235626,0.978877321868963,0.11890299893075208,0.42336398491565097,0.14708838604258395,0.28160056016030716,0.47874886229729147,0.4511743673455792,0.98717611910134,0.19482410027718589],[0.9522535300338071,0.28302003236949497,0.3815963444181817,0.4591528675333065,0.8579373143336859,0.15275233050288908,0.8275084131523366,0.18844751552128064,0.3565837335450182,0.8626373412661711,0.36170201526472384,0.6641256713341156,0.4398120998870931,0.06358422794716596,0.10379654551956304,0.5724056551535122,0.7919520839598925,0.8465403143670374,0.9535004255994803,0.7418204776041764],[0.951744334892033,0.8058793332429333,0.40657639801533546,0.4207801479570517,0.014123445140071373,0.1172491684894731,0.5394740570776733,0.06629418939969499,0.9571385234254044,0.41079092200229594,0.6213017200718972,0.1326297039341229,0.09938112841665825,0.3775353696968364,0.6835689135108166,0.16159441311406497,0.8619129010801085,0.6866337003559023,0.037489728280852584,0.7863482101659162],[0.9501600312391215,0.23064333240051535,0.8191044596445785,0.15692907510264673,0.19291640718305847,0.029339657118573136,0.02825775129408717,0.07414193547573018,0.9498169850258121,0.23364132837064328,0.9735094790316167,0.7262206841408995,0.2068592602738716,0.49197375534434207,0.8264404625881423,0.7221677674084425,0.6627297799394518,0.23354531852591442,0.034296090733836826,0.07530075506130186],[0.7786265098900069,0.8253819634804376,0.0918534055179114,0.5505455496716062,0.8568471242493023,0.3167849976609476,0.7717464718732843,0.6511192932993513,0.5091896834817395,0.6338586948887042,0.4634656188303175,0.5423969592218807,0.140543055298962,0.9343824081623603,0.8579686290839358,0.18333830705722198,0.41547304699215654,0.19060304758689173,0.26337324039433363,0.2295134026612901],[0.25750208472164177,0.031013284050478443,0.3660232936796258,0.7405946442232307,0.6737814708234414,0.07212996043821301,0.40010260740026776,0.8239518566649621,0.827446757500471,0.4789705580373405,0.5194941021625433,0.7736553959886792,0.571488878474002,0.2786863237488593,0.6025226163160926,0.9468892206120186,0.695994550870249,0.6324353537595833,0.4863403191232132,0.6715587593358311],[0.6287638341037052,0.3711480965455146,0.9136627090600978,0.30291962095213265,0.988413341099104,0.29799107417709975,0.25814830038907544,0.5777830211966226,0.16675548694542816,0.22690055016059046,0.6037215748199479,0.9709621161505935,0.48327194958778724,0.4361645493596971,0.8672357616732759,0.6337932207327872,0.6680690460658002,0.517433554729751,0.6967251238525202,0.0941670843094084],[0.18105943835693103,0.5356205736932622,0.779957290964967,0.16569325037072805,0.09116060081092951,0.6326723336698941,0.8308244742757432,0.4445129280072398,0.054985392313164655,0.8975454038748201,0.17638647917961672,0.5398287514049437,0.3030214037132044,0.37528083474944735,0.7820679347492551,0.5717976672652352,0.8481733772719097,0.6121331732769763,0.14897578794141894,0.7945777075161822],[0.4823689571753322,0.04901800431125548,0.8808072654377063,0.4650655300322557,0.012470397504245629,0.2849624609703489,0.06048999713000657,0.4667252388970943,0.22448173709654728,0.24897585383215112,0.8394785961874677,0.5909955930310609,0.21039893867763917,0.1497859751616463,0.3849371350792683,0.8938052991975737,0.9877429441093141,0.6671903410938766,0.9214015181778504,0.4145276900987075],[0.39673778214970734,0.979402295031658,0.011588888255043341,0.7265908562821736,0.2893287797725673,0.9898758514406079,0.13538074818711301,0.7356265306779446,0.7811693588572576,0.18023770328493213,0.3259199219908688,0.042550191404639615,0.3164298419843772,0.3890319855502729,0.5186914544495348,0.23195812666173898,0.819356104093785,0.8591722862832063,0.7920834349475034,0.12435723701324825],[0.503083363471416,0.4089030468168185,0.500043181388819,0.864839477203263,0.056478260964817055,0.5438526155701995,0.8497559467659824,0.13274454944224656,0.13389195935570136,0.7562219573687979,0.2851229812930494,0.7707659440739855,0.2995939581678378,0.21580870552268963,0.302626119696688,0.7082232598149033,0.8385400741170757,0.8066624522755192,0.18870172687313558,0.6096841238806598],[0.16800800343054484,0.1333563857834754,0.43236871658203313,0.27207761893573634,0.9027958679231387,0.8933772447779984,0.9745673290866149,0.6339863551410141,0.7803328284561597,0.637946464987557,0.3305691139464883,0.853833995572478,0.17275778370034023,0.5188248157051595,0.8162856262394237,0.5093939522379654,0.7026951487274162,0.7068469922737779,0.9620286413550289,0.1719454748435875],[0.8731960453152853,0.6138806609758597,0.7604529678715753,0.19949598271953006,0.2716710519377328,0.2328583620648115,0.49115324134189237,0.113238426183416,0.8915658809792865,0.1097573521761491,0.2737996635174638,0.8513057849019658,0.23991056866312133,0.7624001929932676,0.9402470153666437,0.955109212958543,0.7306121392081265,0.18790656888314425,0.24052678060254398,0.7017932726445892],[0.41434333495955217,0.6654832341894966,0.2520500570496726,0.8029106920599721,0.7389799268066458,0.11383003241549045,0.6721673545717111,0.9223882483202154,0.7814611157393413,0.5456779239779528,0.859124119937386,0.24341157643141437,0.4742022315168591,0.4352685293181265,0.8936467660900733,0.6545004635976877,0.5446327972512174,0.44018931434152125,0.07296413323256754,0.42076475443128064],[0.16708254195560104,0.1057186844621949,0.5123195031164458,0.41058926374647414,0.040417780871728454,0.9583251143277582,0.21036021557169976,0.04046980638150809,0.9315196497933851,0.7460730500221753,0.9877428352706885,0.46258580499538143,0.7322028135727563,0.7745623012227474,0.19887011618415237,0.6469976186969788,0.826092770351347,0.16097157035754703,0.19889647170201177,0.17935322520069935],[0.8683251324802036,0.018495343282907646,0.7566438629306377,0.27158973140439235,0.6890009142588742,0.8943166965483981,0.17818513568880295,0.7201519700798013,0.735752244970294,0.09581791627162398,0.5493312173162396,0.3347451535819866,0.9308260755271829,0.6383807230119669,0.26733288684010925,0.3669619835942101,0.3490537234700787,0.6275360757309382,0.6720290512087507,0.7812181702281438],[0.6032624271818107,0.7612150678724591,0.5297185841836949,0.4828680665065488,0.42198198867242026,0.4373710090289198,0.8140453835615868,0.9356328312268871,0.6124792798901744,0.35713903519619467,0.7862714761015489,0.5659287624662681,0.9828567212544257,0.9244225687953848,0.29783722444698596,0.19491913693055624,0.10440196261362501,0.7171033203406992,0.7792171405382807,