{"n_weapon_types":50,"n_weapons":104,"n_targets":20,"weapon_quantities":[2,1,3,1,3,3,3,3,1,1,3,3,1,2,1,3,2,2,1,1,2,2,2,3,1,2,3,2,2,3,2,2,2,2,3,3,2,1,2,3,2,3,2,3,1,1,1,3,3,1],"target_values":[88,72,3,77,50,51,54,75,92,90,18,90,61,98,55,86,64,21,29,6],"kill_prob":[[0.8508037336394313,0.6329207824781568,0.5827041591196143,0.4483536925338833,0.704011201573671,0.41556146309595127,0.2298837923935652,0.5922490583826137,0.021603662686950704,0.5940232156515874,0.9348541308974958,0.29449046317926236,0.10818465895118203,0.8639899646032273,0.5258709126138262,0.23267601105824182,0.07455886326809542,0.6330559428448338,0.3809986629273434,0.8984601432888939],[0.32665600750279455,0.40843874560193855,0.30109727158534455,0.22340480254271652,0.7545193041872503,0.9661296305359373,0.9012240796642617,0.181631313498895,0.5661798435617507,0.6409362608741215,0.8616468545208641,0.6680095469903613,0.07310817346758988,0.1592410475957963,0.4617356847090085,0.4850325483697391,0.632253726057349,0.9237919498081538,0.7800262062678136,0.9842413498561328],[0.10185646712086871,0.19695494428548488,0.3000829735262103,0.4987605971798795,0.14069063380774183,0.24924955237118143,0.6886903857949107,0.39249791181064464,0.7429952643385977,0.366584336898975,0.5878005686634847,0.37388327856898945,0.5773673361281142,0.7044499417384419,0.1562467707693147,0.5458475528533059,0.43633707877377836,0.3535299366715655,0.5092040106877784,0.09634640473183918],[0.8588945874891774,0.9669022511536177,0.1681950651794976,0.8737825457254781,0.7401668129548553,0.808784652461181,0.342904033492213,0.5331278887993168,0.7385766585276277,0.18672387336327576,0.9403014636726793,0.9376577954522645,0.674874381577125,0.6300277882117885,0.7074734459589616,0.6903439504626755,0.26666018594972857,0.04437453392205653,0.42714223349599345,0.5001197057457145],[0.5904150410122975,0.06195024657128973,0.9102109489148839,0.9573832504845494,0.5858569657904487,0.38778841861794244,0.40415474725397355,0.4020496685604839,0.7384092014915691,0.9539146936739101,0.8688127490352591,0.9309079777933349,0.7831365974968055,0.8147415795044168,0.7395997317727685,0.07711505191568364,0.8789793206734583,0.44135409511339774,0.446865719763557,0.27491534359246184],[0.9336389220679667,0.9025002410685125,0.8345369938601921,0.938882722064417,0.6364342793485493,0.5142997323476903,0.16016307187648712,0.8120067069917167,0.809305697533754,0.8986519004456904,0.7603898049952956,0.6104187913461856,0.4514237827126463,0.8352172728322356,0.9780488835217429,0.7702000501108344,0.8636403768286204,0.1033127418904624,0.5676396170746805,0.35163956317422884],[0.3943833595213557,0.11536080002011433,0.5562543279739222,0.6417463366963861,0.8822341716634018,0.3539236452765873,0.8353981689955912,0.3233074719380783,0.04147178305207268,0.09808953491955803,0.4810230983145523,0.5792876392040103,0.9062304032846338,0.19224388840682843,0.562383999331362,0.820670215079871,0.757403137129126,0.07020757691039743,0.6447188278510734,0.03802718973032766],[0.8275914394856839,0.23599761797514876,0.38760010563833275,0.4174423553982778,0.71986509162347,0.715982809039699,0.3051301506929224,0.1587997534213545,0.6090504099455204,0.37113781516777516,0.39953456934689896,0.7515158280640942,0.7530327956330906,0.6156358724262104,0.8697139577173133,0.6724120626800251,0.8233345416984368,0.9014845064791168,0.31352698687071506,0.8187218871734969],[0.9179818248585581,0.8913028817033737,0.652350706267854,0.03986672043124487,0.38291227198496763,0.9264756088141822,0.7859970245528317,0.37547733191593086,0.45622590013329345,0.5863212035640338,0.2657163434573731,0.13297611157633532,0.25156243655049426,0.09574127527626503,0.3287183891648741,0.8042417742547676,0.965936807244807,0.6326818669378059,0.313185774182305,0.2974832836026928],[0.6994708314833408,0.20381888322663558,0.6387520629421596,0.7510583992099271,0.3345052969150148,0.02438825048309798,0.3787769936938572,0.5094708958769472,0.1088001158226203,0.027245116811193078,0.45806204999388433,0.35344195368979475,0.2557362013631259,0.8076082451306508,0.05990654371715309,0.22181196985007273,0.2150088780063903,0.28426766963568545,0.6832798772638929,0.2769468634336097],[0.7915438563078735,0.12756563483259659,0.247951262717327,0.8332195031426248,0.2880578198711222,0.6791152056143257,0.9202054701512935,0.8794421300014447,0.29969679549179506,0.10893133219018583,0.11484762983630432,0.8745205276061208,0.778785953184098,0.519106542859796,0.5597743384016409,0.4156303880117881,0.8521966652869172,0.27640731186451173,0.5674744904460969,0.14102748423455072],[0.22572102654554457,0.9186750402981675,0.4662350846773233,0.9684714262918657,0.3109876749283503,0.9157066884342588,0.43434622371495624,0.7888453511255944,0.462364619257361,0.47555235914581595,0.4934441991783111,0.03828554389725696,0.5587115581225601,0.6026705369778927,0.828387830333147,0.4931004866693224,0.9181391927980145,0.3192173268719309,0.04955561822154695,0.5871151181573322],[0.09302330370699531,0.9066021919647808,0.8535953365059441,0.3661980005734626,0.7092750676186597,0.19697244499531943,0.9192985331143102,0.6846395527324306,0.19539924546050957,0.1724313376462775,0.8069592939369505,0.9703653436649682,0.2495972371856894,0.08411804285132828,0.2327133911978045,0.37901267971921887,0.9126088535752244,0.7628541424642945,0.6372331965175322,0.3663337770468563],[0.45498060663202755,0.22111941099162372,0.5965523858589531,0.7292521968594307,0.8987013621202127,0.82290859167833,0.7304539157691776,0.16591741733862497,0.9535712332335242,0.36670113763887335,0.3567656095676835,0.027501392710451517,0.19528492910136735,0.5128013224849498,0.054116952980758935,0.26467481681025407,0.641051075127473,0.6590472876718161,0.6936863695314582,0.41040936932479183],[0.699698545243691,0.2944463459331587,0.19044097197025264,0.8577497988559956,0.9608699739198289,0.49686999714740476,0.7229266362486673,0.10802793911696458,0.8628834778332264,0.29577123895442453,0.7107971825829635,0.41104436866364097,0.24927389215965637,0.6498727993715778,0.799244724271992,0.8033099569513217,0.7495903980483346,0.4698822464997858,0.22300049185898158,0.24189452366557201],[0.7006004955294228,0.4615608911686583,0.42089079897125525,0.5439672411718343,0.43313116531152523,0.824970268738313,0.5414152518125621,0.504323295058179,0.2782663526343451,0.9015801295776842,0.3815172374002343,0.34236522017537396,0.5081302607188428,0.8539830486413421,0.8157468389861163,0.881331793012982,0.8363335811859809,0.374461021445845,0.18119518762665573,0.8473689808636664],[0.744078765890944,0.884455376037601,0.22869323694010676,0.7981073600116625,0.36512229306109795,0.5176311177436689,0.9836864408204983,0.7682778922555351,0.7907050379703853,0.10523941654052446,0.44392910289018395,0.1601593125176934,0.9637026021232425,0.23349526472685272,0.5419149836919044,0.12078760102443276,0.4411230608610109,0.8495019174542443,0.9138683109719966,0.543331314811917],[0.9798854702723969,0.6502231992526033,0.42442235124941424,0.10198932348094278,0.1952331387344244,0.39757959473508303,0.035892593741844114,0.40371047848465097,0.43258824130633977,0.8740014474593601,0.6123121948294459,0.2940277071382323,0.8851748217777782,0.1724469551162185,0.8457408054230733,0.3616202321474306,0.503831708293597,0.8651388441962876,0.6011279679863435,0.7753172895704206],[0.9508714892787901,0.6464194522197909,0.3076019145054538,0.9014030909672721,0.7388033953015958,0.9597623353286723,0.42249602861374436,0.3437436538827578,0.5740822253206116,0.42479801082929153,0.19368560999900927,0.050914463200451905,0.24393566977476025,0.8919488079008455,0.35159063638972504,0.5329971954827522,0.3101502482581779,0.33559647108067575,0.22475088739020424,0.8745786850195176],[0.9240971514897823,0.04883624197528648,0.1476154653287083,0.8643043494280463,0.6818292093296972,0.9099351096661955,0.3333829424855238,0.38329313388539993,0.9221166961957564,0.12365626420582435,0.78908723711428,0.842326835872919,0.6608750538173803,0.01991785097919954,0.5192402245855097,0.897460912739548,0.6765030230911062,0.10066944269814448,0.18447483010349028,0.44412709353911073],