{"n_weapon_types":50,"n_weapons":96,"n_targets":20,"weapon_quantities":[1,3,3,3,2,2,2,1,1,3,2,2,1,2,3,2,3,1,2,3,2,2,2,1,2,3,3,2,3,1,1,1,3,1,1,1,2,1,1,2,2,1,2,1,1,2,2,2,3,3],"target_values":[16,55,8,8,84,6,90,92,36,98,27,27,70,25,36,53,69,9,70,4],"kill_prob":[[0.8911711725712775,0.8959724303730451,0.42150552583410533,0.15832688456399055,0.24017869878204998,0.8512418027275476,0.8743228299705641,0.7033555321265393,0.02823025895266721,0.20423184848333373,0.3180165894450959,0.11037037054810907,0.6123731687954352,0.03872528087203153,0.7675049060011175,0.36305835973753753,0.5475585973343561,0.10467934399503806,0.09225761152680277,0.7258285274963285],[0.9182356257121802,0.45003849285273784,0.33941756935266176,0.3405132895476615,0.37462993294228625,0.8257749043379045,0.6016970854253328,0.8024251806760564,0.6305508289972407,0.9705224189160497,0.9768459160610035,0.132360797901395,0.9181132019690388,0.13571670628635876,0.7217157928295537,0.13330098702889873,0.6124264917381022,0.23913873432251775,0.04993472295970295,0.03619196772136782],[0.9240112942902721,0.11471670698232274,0.43026276918930273,0.27062572120106215,0.1787471281516693,0.862498150183228,0.7777849110968665,0.8068217420178866,0.04307492107223743,0.9505643974809871,0.8402733108802783,0.44657630345791,0.9137086172814036,0.6647718191810126,0.21192543927472393,0.5062823316845041,0.5268105638926797,0.5815991141434644,0.816450321698661,0.6740817270592957],[0.3250373964816575,0.9634985331747932,0.7250678467259892,0.38991753695089126,0.3406664248280062,0.687231414928183,0.3549599869356262,0.8395464011615059,0.9012372983111635,0.49669363462278177,0.9496268750453054,0.06791853144644322,0.26059711206677605,0.7364577212152731,0.6462453736225092,0.22791182131517287,0.11427464603118877,0.38745936229940814,0.8213104185705472,0.965407392350045],[0.16103156334058402,0.3455020036625864,0.365176069619833,0.5786141910440578,0.16736499741522168,0.9076802077560596,0.5988216624894825,0.801088721744422,0.4097066421413735,0.39331432964923513,0.47253852575231525,0.6079703965173721,0.4943819123688376,0.5050201890868657,0.27522375115936054,0.19371339369314944,0.09964364107249248,0.08457886347042881,0.4539740752556733,0.7942077534147391],[0.7270386793684553,0.839399280284908,0.05875630066697961,0.3851186052967851,0.3372531128542622,0.7511358738660276,0.05363805395069028,0.19830463017174205,0.9388739331479669,0.5882590716132617,0.33059281465065954,0.22977248863582886,0.22211404638578705,0.762732937447855,0.922026278682606,0.28329858013562365,0.9598541193452729,0.4716745972562835,0.04233751799505331,0.3276992315688805],[0.31624867703831655,0.13739221766013526,0.3691963365366965,0.5119369733838345,0.39244095687280495,0.44019487815498864,0.5517691412132966,0.47024682031606,0.6469684404534793,0.11356620995158741,0.7160353332543571,0.35075696449807303,0.3680952794278504,0.832518860440654,0.9681706139518726,0.987478120922937,0.2252535726887443,0.8077357832799091,0.7462926491274913,0.8552270542597563],[0.7991164527236959,0.19849531896922248,0.27312963332671253,0.7502405921445646,0.09605211256835051,0.11979811714828939,0.09432984757760425,0.8531233939677887,0.11379954402111309,0.9546147452673113,0.6459058670177991,0.15175701779495004,0.8132714155227317,0.27371520607660466,0.8888231378376542,0.33656765857291976,0.6806034874450032,0.9671961235477133,0.7664229802244019,0.08182158524493836],[0.5358528180852387,0.21393273205657443,0.3625698965020085,0.9371043389595659,0.8404284551797447,0.4356995383027554,0.43376866061385144,0.29007258161347105,0.16781152208100786,0.3510077999633419,0.1908058092506049,0.2557914572811551,0.2453073615529518,0.0443155470218626,0.7457944909748718,0.8657920332455533,0.14285678567181156,0.9461172048273636,0.5449729158767819,0.35869814722599735],[0.738576846849661,0.26276949807280586,0.4564097159742004,0.1701455127482316,0.619224956425704,0.5288788616260092,0.6195496833188255,0.31686104526253034,0.8918829319488757,0.6528628512405767,0.12274323644187242,0.3348214007663571,0.09991610819495131,0.4856269809497313,0.27576850363251204,0.11307969870160478,0.7383126225274895,0.08617157275140673,0.9845582298441187,0.6631382483631233],[0.08462941193434517,0.13075384106275445,0.6214726953907461,0.5157877996102607,0.33562688101003385,0.8652672800731642,0.39209464792778875,0.8545888713282619,0.09612210984229458,0.9703337533475642,0.5899544115556357,0.09028586858004364,0.33285213394985785,0.6066975823480474,0.20323435187574726,0.14543455168491437,0.9556314610891874,0.8910025007123816,0.5390308469651727,0.29324204603121595],[0.1747151025526584,0.6876143777176563,0.8653045032157001,0.6437700632717975,0.032624547647206924,0.24561064726848045,0.9012147248547284,0.6090857743356467,0.6882320065487988,0.18496763611422512,0.545209151640035,0.14086058550376584,0.8111166326297601,0.6620651053761956,0.4372320230504008,0.4946590925243483,0.5174617614019483,0.3557768268820167,0.39504155670385127,0.740270339696575],[0.8623295269567756,0.48350553801218293,0.7313276673275277,0.2190118197212794,0.8505381112665997,0.9749855768855563,0.5218617587815746,0.07484380706973094,0.551931256478304,0.27041063768013435,0.09281147163717646,0.9248725728773683,0.4256479650821902,0.12373474782869309,0.4473115491069197,0.5398685533223507,0.682376042875662,0.36125282084098087,0.3103331462775661,0.1808798634199125],[0.9637041273235712,0.09236213879606239,0.8207496613824773,0.34136657278083077,0.9830378802121179,0.8402768305870677,0.9139414333443269,0.8879396337661173,0.32016851256142353,0.8495943544262956,0.4298847355833975,0.9345678528255358,0.6319533630036595,0.8743580951751093,0.7276779264353419,0.7062189214026532,0.2609566884095256,0.4398865680328867,0.2490578407297227,0.2845178097580962],[0.250778823641125,0.6098112059692393,0.027037119781590006,0.6693575034847223,0.3504385355384908,0.5636647278490097,0.2994884347876449,0.5488960044137766,0.09459130054284055,0.5877382106468282,0.042879727607945804,0.9554848190557349,0.08476435288335077,0.8879536051675732,0.9278691673324486,0.2772203519124865,0.8553507212976418,0.06052221912733864,0.5803783801833897,0.1834068112463746],[0.2561603107745721,0.9331361960336448,0.36020733077921074,0.9224897673168948,0.589113746983185,0.37583439319581824,0.6970146229004044,0.24096557247785094,0.6182087860366128,0.17627868843894332,0.80510355270768,0.5113525506709129,0.21776812856673367,0.6810428352815189,0.1283819118522046,0.22244793450026787,0.6401760548499539,0.5542264077009189,0.8857358263147501,0.8755454159194359],[0.05212659563202277,0.7325555223618364,0.10575195553595577,0.036703987794123,0.46454461563998084,0.4313413270427706,0.5369727127988386,0.11175257922301231,0.6526830798015314,0.621742278322126,0.8193982512749824,0.9544683866547735,0.781390956060873,0.20740306430123265,0.4817777350271679,0.9601384873232384,0.901226384578534,0.7554271950644317,0.21417522246696713,0.06797227454659314],[0.4505162882702657,0.5584358832641761,0.3016355785934605,0.7071196515401238,0.7593014903139045,0.4738888934753078,0.9513035468270338,0.4679012579940268,0.8396696699804861,0.4386201385084279,0.5939198704915457,0.5595895157976334,0.6154292723260033,0.9884796486367605,0.6599207210175073,0.19045554842703594,0.33261375440192126,0.7450621804028223,0.590067023288369,0.25536902459942445],[0.9097057545713141,0.5228996262550557,0.9426419480589524,0.4577562402409058,0.865308882473648,0.18360981470932247,0.6452212044618579,0.21179830785225884,0.1679879680696659,0.9452551586506618,0.9438812836793135,0.7760349820560752,0.8998968768371786,0.18445572922474632,0.4098323121328356,0.8692539132357654,0.1480599654497857,0.31856935399222286,0.2505420038715597,0.045549688785347986],[0.06963629677558476,0.5001132904057983,0.6370956451232438,0.3460866989837948,0.7618476153565761,0.6827328051046697,0.42031069202633814,0.44009433969626155,0.4821153032185803,0.06273218893370666,0.4870276125768301,0.49089333260696666,0.8579835390199008,0.8926046754361078,0.8966829927933784,0.14282150141880615,0.39906734727588183,0.5558559844238987,0.34631592078673973,