{"n_weapon_types":50,"n_weapons":104,"n_targets":20,"weapon_quantities":[3,3,2,2,1,1,3,2,2,3,2,1,3,2,2,2,3,2,3,3,1,1,2,1,2,3,3,2,2,3,1,2,3,1,3,2,3,1,2,2,2,2,3,1,2,2,2,1,2,2],"target_values":[66,72,82,33,30,75,39,32,76,68,86,70,35,24,36,95,81,96,61,48],"kill_prob":[[0.18312100214460134,0.8585094255535463,0.21295996494343794,0.23053041428519588,0.21876214298581526,0.8686392986880709,0.9354498655454286,0.833242075292461,0.8714655853428191,0.8177640105373059,0.7686124608679183,0.4580109451212941,0.21731037272276524,0.9001775313873657,0.569967171834901,0.9239260185966569,0.9481051761553573,0.6636270111290582,0.43278988131030266,0.35315510314105797],[0.09661423996200665,0.9708685505031429,0.8281752353136934,0.4027657631593169,0.08232502248970082,0.3267650438751853,0.3150378508018902,0.6512330550266927,0.07997337081982403,0.6809349605022582,0.08394007524688896,0.784740532564409,0.5514500555000277,0.6215279660536145,0.17022379908375448,0.4412475630028625,0.12214718932849387,0.4804206009604889,0.4551580917540588,0.283057270497842],[0.46662606774583215,0.7162584173482728,0.7120995928444267,0.10511046109861576,0.12322176540097458,0.10777484610266781,0.7064808472603619,0.4704133496435327,0.6839395589542638,0.2756492953340289,0.683049005276037,0.9232433861430238,0.2840912555046417,0.755003407250573,0.9640850530761551,0.05911785114573681,0.03590469739315324,0.3603665876431711,0.11243499352452857,0.2848653010407436],[0.25437102634612146,0.38041045823204445,0.15554071086357904,0.8067670670577324,0.3264705292197756,0.13101277340034398,0.8722271187054945,0.8111657387651302,0.37183434179374514,0.3179488464473776,0.5932492021505857,0.3822112747515199,0.3680815856130034,0.649549858060382,0.32313537025897543,0.4998696710807126,0.07904266906993326,0.11794566153028468,0.2578655994497131,0.8244117749470055],[0.5197843983211168,0.8293171181447304,0.01790415214188014,0.3160795689343724,0.8153951909846038,0.01590065605084618,0.4980974519983925,0.3747595611270716,0.12996909884546173,0.07655770488205428,0.42120693590531355,0.9194966045282196,0.3402633556878161,0.07389421657517065,0.2678851032626999,0.27993404025331203,0.5975079935724495,0.2748282510819191,0.6104433603742512,0.07483635142855818],[0.1646745086638053,0.7087248083170904,0.7479127880848865,0.07326326909242456,0.5367346711795049,0.10720464418571006,0.2341557019664684,0.8380369587767152,0.8052802758697252,0.2971970432418724,0.4217385999311701,0.3069814321855152,0.47711581829582755,0.6870482482760571,0.11783453257852457,0.12127440668541282,0.7292253559875882,0.03400332854850194,0.6384310136648845,0.5674801267631313],[0.0341315161541059,0.5101342149612724,0.0184439899981139,0.6728354536296047,0.7792815319099079,0.6166288473675721,0.18083975772536331,0.86096938389137,0.013985832483459741,0.8282045626399486,0.7398015129275504,0.2864364533025117,0.6547754628766296,0.20193568076922563,0.22268694419891974,0.5006564541719103,0.13580297728615157,0.3898989106440484,0.6347317535914514,0.5682553320991441],[0.8512495640009988,0.54869418189211,0.646522646875396,0.019667275548193516,0.7464550659252862,0.23481768544642428,0.8216904303367535,0.5489611804743119,0.6121440164304459,0.8121730825356589,0.7534736308024538,0.7025369357996932,0.20495656386423516,0.22005033069489088,0.15139818077272704,0.9810187682943703,0.7739798236036055,0.6518176824968034,0.15327972720535524,0.7904752195712215],[0.6626829631338906,0.6073613571346025,0.12779677713129006,0.25173966763162164,0.5533051283490431,0.3776114335285675,0.2790633852687405,0.35487578097549827,0.15410024660571114,0.4965650338536924,0.4940547030242423,0.9461091003201917,0.6136976097484115,0.8886291134019323,0.6379784735787055,0.7974241611160935,0.6376682746450255,0.21378696330570018,0.7974142889278193,0.8683452177473219],[0.5954812583307498,0.41970116332834306,0.9171172375841962,0.0534620580900255,0.2957549594398743,0.43097440811105886,0.10872423156181851,0.8987701586855672,0.12358111795432587,0.10967211120969872,0.26226221137798506,0.0917073266291321,0.6224161401426797,0.12009170753342252,0.2849647426772452,0.2396566586860645,0.11549548154902657,0.15493094749016753,0.07082666860871396,0.7007521388281833],[0.48551711716293733,0.5608654038000257,0.5873871116591194,0.03480616687386007,0.8806599566870504,0.2374163131334925,0.5424448350689328,0.11658091422488905,0.46450183063435346,0.16731112415448504,0.7389148031874492,0.6014111226410432,0.19833278708202598,0.10105525742050658,0.8961925139802667,0.35189867990140955,0.5010397487747772,0.7041247753964127,0.4886952742007756,0.7547680091960727],[0.4732108450424327,0.25999295804832473,0.6460753288362062,0.10515217054881743,0.5880264033773939,0.1552336224521107,0.9050892425509491,0.4778196146775679,0.12753577799170998,0.22027078852689216,0.9534318145221677,0.6659695379951491,0.15449556084271773,0.3564238082271663,0.43051813022097124,0.6987483100550721,0.35681024572376013,0.6116996721707342,0.3998589461429729,0.02073212867571899],[0.6303972372404595,0.14783050859318483,0.34522796738338857,0.8226540521620469,0.3577153921071877,0.426223542145179,0.8275033325395419,0.45313707025439587,0.17345048446558314,0.34281961668477695,0.6764168128719376,0.8590692122341882,0.7846347498959196,0.751686173727319,0.4365626988792396,0.6034216358856642,0.531524143499437,0.8669335650954666,0.5152837101987134,0.3598469929772556],[0.5237872303807707,0.23958524110579454,0.8412801391418939,0.8525324562508734,0.7197111679924634,0.32620119226731026,0.012882924809517023,0.3647391428679474,0.7449398978939377,0.5368391039418136,0.9878242097656796,0.19286547737744605,0.2852544826006294,0.2067947402031488,0.4741327669904031,0.6644218926259563,0.727617233594787,0.8203164610830483,0.4826388276212735,0.46743171559189306],[0.8000445957201591,0.6488949402351719,0.8539199612613575,0.9465075924231452,0.3837013923893999,0.6723897459517896,0.10047904618562666,0.9670524052907363,0.7564595296492158,0.8177589171288047,0.05185780823030194,0.9813931252934249,0.7964129406292686,0.5768948464059338,0.8715152684328403,0.6461896775070842,0.5336469714265552,0.9052686885953778,0.08606796690727313,0.6844432602839232],[0.08119981671825992,0.6153211155893313,0.7010021386353597,0.5712850653751829,0.6135179610278187,0.9344063520148295,0.27007092902195234,0.7726994030914169,0.10342673602866553,0.901953027769969,0.2505072654653544,0.0789958225721874,0.4383628428206666,0.23824690341111374,0.9392892063903657,0.6566586121116045,0.1283561301887002,0.4977881538765477,0.03505510241731044,0.03173594771661605],[0.24801205737270707,0.2347627948049308,0.6986358543582301,0.8686680460108996,0.9517595475558299,0.8395024622961778,0.3551585265807453,0.15893168117493678,0.6463946420912909,0.7319751901917887,0.5326089256148191,0.8959589114232908,0.7838550303528753,0.6122417991792538,0.5039226615939858,0.24351531763616158,0.48453335340365794,0.38047711066408685,0.05141518638153446,0.5823685320027127],[0.14024240932543094,0.9050636077473323,0.5171618326364585,0.2382756768684103,0.6972388631276183,0.22742392397739158,0.1878081903392418,0.7451196925603103,0.5425911680753425,0.017194386188383662,0.5816181591044264,0.1616654201671096,0.7602045219080031,0.8650347831508668,0.5128117706036409,0.9461017585535745,0.6285615128989166,0.030733778644397594,0.10895619211731615,0.42605514987502185],[0.889670631876458,0.5010329663024181,0.33135897746009496,0.7976817992991854,0.6348938502129972,0.6812544776632087,0.05096202059472814,0.05590562360280674,0.31714294018671035,0.22011716037354281,0.4543500438192413,0.6637632327043578,0.6896767812425375,0.4382939967873027,0.899161981130806,0.21030901358353699,0.8565362127947445,0.3516654566392325,0.1701532987855958,0.7727637895487323],[0.12344437974881119,0.29705328920837054,0.2653390186216371,0.8336717989846006,0.32438157662683087,0.705911430212476,0.9037992966947974,0.6593553845052084,0.3244008399153689,0.47389121924026867,0.11269088531726507,0.1106083392584353,0.7941732243749817,0.6638228201576444,0.3733398479112867,0.7427714630412556,0.9721554711833508,0.18946468384425094,0.28504234976579057,