{"n_weapon_types":50,"n_weapons":88,"n_targets":20,"weapon_quantities":[2,2,3,2,2,2,1,2,1,3,2,2,1,2,2,2,3,2,1,1,1,3,2,1,3,3,2,2,1,2,2,1,1,1,1,1,1,3,1,1,1,2,1,1,1,2,2,2,2,3],"target_values":[100,73,88,15,52,81,84,11,48,90,26,78,98,87,30,100,94,94,67,91],"kill_prob":[[0.2802226891643102,0.9741641238518616,0.694174180957186,0.5929574662816867,0.22962694748729412,0.6167753730148067,0.896237712995256,0.7108190191391202,0.5383180034365899,0.2768822236315223,0.38759236849612766,0.27625973423826083,0.4861609171148663,0.5763028003140082,0.2629123362935285,0.9483288369953532,0.680727028084622,0.06245997218381053,0.21470017137158787,0.9740145439423241],[0.43535167586583295,0.18116390496394258,0.4110910619863903,0.8732394144729249,0.431802124041005,0.05410486340402227,0.07044301326057842,0.283167694251092,0.4928684164715484,0.7893510824153251,0.854797845552295,0.4615841125653581,0.16087307322880928,0.4428670487899205,0.9555217822814046,0.49004998981780723,0.584451157636823,0.8573614327048019,0.8047894404174537,0.5489041902112229],[0.6823121121792861,0.011833820597388904,0.88351220991295,0.538149185820862,0.7397041457015354,0.036073273562253,0.8463360427583911,0.8478595766340624,0.3787806597618819,0.7033547864923467,0.566744708638672,0.6027758225472,0.29688643888699684,0.3060603499662385,0.7896606146583376,0.4183571309658132,0.22701929407275007,0.469667177717732,0.5912008140989661,0.8791356055782465],[0.4015497269143558,0.9264589362429635,0.02848097970951087,0.9812032488915463,0.3840098977288549,0.12552425383246374,0.09995571627549113,0.14880112361647274,0.7691007884387169,0.0323089026074694,0.6690316653883003,0.5489897913585734,0.46395705478355853,0.9210115982357979,0.0782343506910204,0.22687285365538207,0.4304305766138606,0.708906981392435,0.8915580650698526,0.97365336115706],[0.33417077750304724,0.19245446045419887,0.8057531312702448,0.7814482717659752,0.6545017176132856,0.18897750014689543,0.053856950500939915,0.5104922970869051,0.6697068428871068,0.39259528659091336,0.3416996395043305,0.015897905499737162,0.33235606868715445,0.6688040437864722,0.45861565270289784,0.8413363270385579,0.3057721813796089,0.5216592108128996,0.3601112444345144,0.2454157932790847],[0.5457398419268946,0.3073555386053799,0.15714347330622974,0.43544549095243035,0.4275896862948929,0.7501128682957348,0.4744341431284543,0.11967567087785504,0.46882710553071466,0.15287326363849246,0.9277060074589882,0.8820113268952663,0.2193123055585344,0.24354572232486466,0.6760284326880777,0.19337956666509032,0.6687079166000226,0.44661773635805196,0.9003254320968486,0.8153670323750393],[0.9825993329210707,0.7090543806484624,0.11956140449072895,0.4187137025829509,0.6057609193005751,0.05389382893456855,0.5804501493097957,0.8008620534659783,0.11925664624382513,0.5562184667601868,0.41931488725991267,0.07097924448841351,0.6167769858230235,0.09141205239371658,0.5641758412020169,0.49982752056001417,0.5630720387433942,0.428997166461119,0.03147453873675922,0.8201558844099431],[0.04007402856662329,0.12086468813036345,0.6942467489556451,0.21900447991278002,0.5638897738631661,0.9781534976222708,0.02975387471612672,0.8508619087691779,0.7812749991468821,0.3650051041099546,0.26386174156958064,0.13896593429068066,0.7120815996820529,0.601486194700024,0.5071506448258739,0.8145048127819379,0.5133395603496922,0.5046799405413288,0.4158099298383951,0.9142101445014934],[0.1675314931778609,0.5279993085165203,0.749528773179632,0.037098478898338984,0.7416222658794867,0.7899278011895385,0.07379164061183448,0.5280905410745368,0.7825078162315562,0.38284494485716974,0.4004204669054316,0.3703829192800512,0.16131414966689098,0.8071400714687746,0.041173430137564464,0.346619911469061,0.10198956624612081,0.9365583687368498,0.301484743717829,0.5984914555430997],[0.22969308907298516,0.22726245660865604,0.44856255482699714,0.17069992945868634,0.36372493334715783,0.6833374858904887,0.9044200142517062,0.8784672289316309,0.17365173985490429,0.585319591257065,0.8932029806069285,0.21517903723917522,0.95080231345174,0.4433768361662651,0.8447335708916883,0.758159950295069,0.051196345763260785,0.19977674226511444,0.7100194818780207,0.522962229064474],[0.40557948599154486,0.21602051083668167,0.8053082287483301,0.09234390327885662,0.2771055955150262,0.1103960685833507,0.049579598780377036,0.5096270844431916,0.1943042642203071,0.6901286056780057,0.42853849109406084,0.3360989409797682,0.43337642689808265,0.8636951152547712,0.07962874250419047,0.9718316796741455,0.24678152122753427,0.6064664457442466,0.819237304130843,0.2535256305808821],[0.36263119629675067,0.042064360263309404,0.6414037579669564,0.3848919897745644,0.045961476245599604,0.5753181232985757,0.6266726688115835,0.8080331621866561,0.9160069212812292,0.7835223347997002,0.27672279282646595,0.33058420355941104,0.25685855518632505,0.05897705701290896,0.06915406850259304,0.7935735169233961,0.8556626027102401,0.7399842675038472,0.2494396519367934,0.9427423376987191],[0.3192450516425508,0.8968194151604932,0.7522027500350472,0.39321874231133447,0.3997240122583116,0.6296456255216911,0.42702810707703664,0.6362508315043808,0.481684978425432,0.8133823729047863,0.6863726736142906,0.32547800283681483,0.8133137096873368,0.1195854803518683,0.45244198344692294,0.5048189686447258,0.5507730122040825,0.3407228151361543,0.43230073475868064,0.2085476640989991],[0.35474589815857277,0.6390850618275384,0.3311667624882435,0.05438345433060452,0.39635048924528926,0.34811564233150954,0.3111328172014498,0.48262215549032766,0.7331849679591486,0.17185187011619188,0.9521300710507732,0.030487630017725316,0.7280283305591757,0.3363627621656347,0.2091428330806918,0.2843363805433223,0.405584475922324,0.7959331184749022,0.040121783260735386,0.8989120938385478],[0.0682008501721304,0.6831838603657377,0.20813608443559464,0.4192335929564955,0.40817837096116044,0.07209123933142446,0.30230763074616496,0.5172602516161255,0.14061130778089856,0.11784874459590403,0.9563770381736504,0.5791172299956878,0.8889592184940592,0.4348828442697812,0.8126750424063647,0.42594661333342876,0.4908719067908461,0.2848171568294438,0.9841068877901823,0.4972863267348488],[0.6909703861028665,0.204710856689477,0.6193196363857575,0.2167162400868403,0.8639877259703103,0.07231803759344774,0.6337792408118956,0.958893180457166,0.30328801681418877,0.27830183874335634,0.6653293154685794,0.5177374364308939,0.3578730636837604,0.8862813875922613,0.8863994947792179,0.49960725063275463,0.8630125796419318,0.8180046175323133,0.37532679145782094,0.8321891625175566],[0.3855900455876332,0.3983148831109452,0.10315144417884911,0.4588647831086398,0.5277829346164038,0.9134547765496063,0.4599624098478464,0.6534607184523739,0.575488771614225,0.7210305935560728,0.09255792424948434,0.7969429946775323,0.524544513207064,0.20633078130431712,0.848347682794727,0.36630217207209353,0.44535134454155595,0.9649797962660432,0.3581538948679773,0.3210639291240333],[0.4519595675015411,0.3801946460628452,0.4060708589844735,0.30888731792034524,0.2326715818454954,0.6263966340965469,0.9630131299188199,0.12335849100167866,0.06025387437803484,0.2851210518923016,0.9109301907953105,0.36932820286924073,0.061408891607902305,0.7418020551939296,0.9768621449606306,0.795483313298121,0.12923928343197794,0.8513013497817874,0.26710906803881695,0.17344217817969612],[0.8173807093827558,0.9730936267108737,0.6223065634630314,0.8107558873235168,0.4875994009496099,0.05601710991632572,0.7349148905640872,0.07882445188866861,0.15504700660920853,0.11383168570201158,0.69938250806592,0.7678305064005735,0.1490099907855507,0.8682791636645587,0.1082632257113296,0.6936222840562444,0.0715211415097832,0.10164828099102675,0.780725564199529,0.8205783292818148],[0.5477287067719131,0.9254723310237776,0.8071832612036157,0.2184064973918243,0.8886408661421409,0.08198606509462851,0.7887957508031068,0.9899928130947088,0.22320874032296054,0.8717423370396042,0.8628178847143195,0.07676492809890972,0.584061332201076,0.18507203771464187,0.9863564639941419,0.12135710188384717,0.08178392651992684,0.5855235225107129,0.0702915877973467,