{"n_weapon_types":50,"n_weapons":103,"n_targets":20,"weapon_quantities":[2,1,1,2,3,2,1,1,3,2,3,3,2,2,2,2,1,3,2,2,1,3,2,3,1,3,3,1,1,1,2,1,1,2,3,2,3,2,2,3,2,1,3,1,3,2,2,3,3,3],"target_values":[13,99,58,53,69,3,19,43,49,28,100,66,21,18,1,28,59,83,81,35],"kill_prob":[[0.2816328242310312,0.14363294022284773,0.8145287738646199,0.01813171903597002,0.05948697971534039,0.6345236874052556,0.036098292422138106,0.40322315071140596,0.9064435185907176,0.2735016319257096,0.13733870797626266,0.15822775068079986,0.6572111041826503,0.5970549029124133,0.10255470656108365,0.5694313823936813,0.2951231318001449,0.7732865612099156,0.13462182582132365,0.06447209753506371],[0.4632900900981814,0.6385874742927837,0.11997681225498366,0.23496967114280742,0.9813516678504217,0.32675547000433575,0.3435013740617973,0.8658278161099733,0.1838925448207987,0.34078628840144454,0.08840988740666227,0.08678403625967175,0.8516392434149526,0.5962175525343919,0.23995014703446124,0.2705668272280043,0.6694929479431363,0.5217305423531219,0.7824383073055636,0.47352012829350015],[0.4734804668564907,0.5892408788529165,0.6101738411861859,0.7703697211276864,0.1702947020386479,0.9332761666642975,0.48519869819968575,0.5423122640460216,0.25317382667682115,0.6965198168893839,0.8214012986941452,0.9248591623922864,0.852404160080769,0.946272710043666,0.8823995340819769,0.4889704911005163,0.24643486749227073,0.2455023119422655,0.3796482245646589,0.030767470529057928],[0.44847178044317254,0.5779137370697464,0.1583380088177193,0.47376355753768107,0.020870577357765402,0.4133020936848704,0.7353896387490713,0.5565370976285692,0.30673699891025513,0.8222491243816925,0.8268261559987516,0.32473164333140275,0.5526587710530244,0.7858610676785884,0.7496317726999738,0.3276466043295476,0.3545706499972055,0.8232130789953255,0.9499186299319885,0.8333608448411468],[0.301576815206346,0.5701163784766727,0.43776175270121864,0.1686119913410034,0.4794058066977015,0.8146871477029098,0.5632865606325379,0.06702196088090105,0.7130886702730891,0.9719697686676056,0.3051132514258478,0.5958364357525795,0.6645173983090091,0.22957690664651184,0.5782690423135213,0.13167342989400024,0.8999502616007521,0.9713532058998186,0.28960271680994665,0.6091173226797615],[0.9854989816000317,0.51022820344693,0.4584468596763275,0.046402508234843216,0.13311697866969996,0.4458749870362071,0.4769765004591435,0.40907736901034014,0.13083720373294055,0.29465217068192784,0.9202751253187063,0.7854809308682009,0.4838906778016287,0.9696816612821726,0.8648229082219754,0.8769641130428913,0.28554630679820736,0.5222739348077584,0.2970839286426337,0.8942754538174162],[0.555384165290832,0.2992679248764126,0.7234618955635919,0.7867776710025278,0.15404703635298933,0.815060456586768,0.3629764624029251,0.7623340850732143,0.32348756137038087,0.9092850366467948,0.9098318081736946,0.9678787739387646,0.495454130615288,0.9384232869548124,0.9793185762444727,0.08530605167066134,0.43080631430653366,0.19807816360089991,0.9129829120161792,0.055401117993831794],[0.7994011517985267,0.5371416412202112,0.9258962131347602,0.2998075255107793,0.4263817736008793,0.4297046162537601,0.7953550317492317,0.08063921210594824,0.9260529583302376,0.21197574629802737,0.8032190029637327,0.7545646935784215,0.8985081334687939,0.9615185168170595,0.3832151300696897,0.6831469299188078,0.24875999964389828,0.09318061413726902,0.6695008546541414,0.4663630199651543],[0.2929361264323811,0.052531462847760176,0.011745975526727513,0.23765533980518838,0.2641945701921006,0.5294331470041006,0.34772197960530954,0.06359380731298879,0.5230875855210028,0.8133448740329581,0.4101068065660504,0.6451790955259911,0.6238360568221915,0.33507430197861476,0.5518170905583845,0.7479276346606968,0.8496141226354907,0.4639754355585255,0.7179190968714814,0.5444533294148927],[0.7871341327172934,0.30915829262643657,0.6580035898546845,0.5136813488160048,0.544712661908829,0.551771211668557,0.7854660872426343,0.130281442672897,0.04243777382513502,0.3929080411383215,0.7170287513177576,0.10626394310882187,0.2018107477002243,0.2376054565438224,0.7422901883968541,0.12999857849021496,0.1030792030980249,0.6948378711686528,0.5070078896291711,0.5041375199297817],[0.11709059477914091,0.2528674705776089,0.6818473452284004,0.4464054041167715,0.7599329558138082,0.6597043012831229,0.8864499355724682,0.5056078288803908,0.7213096591442301,0.6876241583073328,0.3550865004666242,0.4235777962756989,0.5138367828798001,0.493454463527882,0.5027772496139976,0.4615922904590689,0.7320602276102609,0.09502403134005166,0.8370927608267668,0.0259060218559621],[0.3375945291780097,0.5708370012303888,0.7115480133942302,0.5843133676169788,0.495604966155418,0.621672033248267,0.7101938688913021,0.8973878499014797,0.808194805600584,0.7502868666586872,0.3408540879306002,0.03784322337403747,0.3049037810695674,0.02825162315824447,0.5397341537520849,0.9434734951904474,0.7514072122872645,0.6884693796949549,0.5751434532297206,0.840339495436372],[0.5461411207193895,0.357006394011124,0.97275622022404,0.1434354137401938,0.17643282007099562,0.14341859484446598,0.40752293972329157,0.03288743794092433,0.15952077175706625,0.6345164687978258,0.44974975616147644,0.04283551339157963,0.32843155035030264,0.6819270939312772,0.9156738466318649,0.6144690325741017,0.7913111996030292,0.46572205834861485,0.5150757587901504,0.4275597111389512],[0.575030854218375,0.8482820098747814,0.16422540885554496,0.35815339714717603,0.322417732112491,0.4631922940512755,0.9821523771965517,0.8303170383110551,0.557752292889878,0.42540574676659104,0.014734310521098288,0.4123997526710323,0.023842197181459707,0.27160310306959545,0.9281202304154496,0.3248912383245599,0.9506211859950847,0.29345645178944213,0.6386253195804718,0.11184752566422657],[0.28591877836455176,0.45324284884909344,0.912746488153403,0.10795752594463454,0.4440821321614915,0.7223466242188715,0.6950458418709257,0.4957602277749193,0.5479029895808559,0.850179062458586,0.6679318034704288,0.2477561687731326,0.45097058197021694,0.9273840124293828,0.44307465506435556,0.6964954671583068,0.17576647601459117,0.9780854656841098,0.2831683450892584,0.07232073519762447],[0.7397558276201672,0.46562108116254575,0.4463097135825337,0.024288249664769786,0.7586965907414384,0.07782206484262204,0.160109226914333,0.566250049415441,0.8446264108734879,0.39421735322709645,0.6317466303288759,0.11625251886130661,0.044953419385312325,0.8277475059943894,0.8581554543917875,0.7387708137501041,0.11656230826617912,0.9156775765659921,0.15991311881709114,0.3611979592700584],[0.19615601885131181,0.27667923459912613,0.950328562701416,0.5534989670276903,0.46239364017804296,0.11547975274074715,0.19188117398999655,0.7517814816595441,0.03628041635736741,0.15089104628794353,0.08796351909005716,0.42202966586925367,0.1086184344783353,0.15269322819704761,0.773606135574273,0.33472322440016683,0.3883820964123076,0.8681942226279509,0.5102427186504095,0.030241070238205277],[0.4712079481829723,0.4478257506832526,0.5554821219572004,0.012614650110347991,0.12961238500351752,0.5264280541403028,0.8081180084368242,0.4510708683435552,0.8092021125192304,0.48244867191037855,0.22196517737946847,0.043206225529411314,0.8722931511904725,0.27869777000514245,0.1846536336036087,0.27887468909436286,0.19581414970337466,0.45955970708356014,0.3692775302648211,0.5776088190666435],[0.28452191515106795,0.883594912300283,0.7177211741167335,0.264925183743595,0.8120276332148337,0.5015714290574925,0.47903143355419886,0.7562976147888157,0.7659242753293176,0.8025194468823155,0.7095119440586464,0.44002428329686394,0.5107466184144157,0.1325710045034572,0.6257968867683997,0.3029612047260743,0.04048400008071476,0.19842642695456827,0.11654638258883106,0.7608713741695008],[0.6336729951638641,0.903598729111278,0.05412135797862151,0.5828379573370823,0.4797769755678184,0.9239166779134013,0.10527757234387833,0.6485690135329059,0.3796798596976249,0.7683472052985498,0.5560505183387866,0.4107045287516165,0.32560221454618693,0.15162425777573532,0.11402122752156321,0.7039435938503528,0.41477859721729377,0.22081154953990909,0.5075437440050691,