{"n_weapon_types":50,"n_weapons":108,"n_targets":20,"weapon_quantities":[3,1,1,1,3,2,3,3,3,3,3,1,3,3,2,2,2,2,2,3,2,1,1,2,1,2,1,2,3,3,3,3,1,2,2,2,1,2,2,2,2,3,3,2,3,3,2,3,2,1],"target_values":[85,25,9,27,21,40,3,67,28,8,81,100,24,57,56,50,28,41,56,30],"kill_prob":[[0.5680544407919471,0.8421067531746785,0.6411722503839812,0.1070282462797795,0.7953367805680275,0.6462533046796508,0.22759621734067342,0.47992507379772786,0.3636244920605828,0.4005336488071991,0.2742445992245871,0.23055284478059948,0.3112568487763045,0.38661583124820814,0.7456094550971929,0.3149537212472752,0.2654435141946496,0.39520251638917925,0.15025887449257497,0.9810342469146817],[0.28166256503955295,0.3162263276258661,0.7835321909108545,0.549662113892045,0.9437316938655307,0.9834637316901135,0.4006317111258646,0.04281761945050147,0.343462639564931,0.15580559362637345,0.6789195747736884,0.13548427124114049,0.2875686752515737,0.8181017228065486,0.33431564785056,0.8519273878892454,0.7921771227459531,0.6541821753878854,0.915505914474064,0.9347049397436752],[0.6205036231965971,0.7361054643426407,0.18091309638650566,0.8622796331266286,0.421231541870666,0.03096901556149343,0.5108394404975275,0.2611446746878668,0.3625261548107545,0.5393800281058461,0.9601793781946023,0.026872890023659328,0.8224657335674475,0.6849264506349515,0.6016111049068945,0.8056202815671132,0.21475822356374152,0.2896011441637745,0.40210326433555055,0.16404028085144448],[0.7434077281650706,0.23900490138836192,0.764365508670533,0.20459266622390265,0.6164534991373578,0.7244036363919486,0.6838076905883476,0.2739612184827458,0.22606082761727825,0.7952320512139583,0.15389455344382186,0.8849798089746125,0.11059164738110616,0.1532721465260659,0.21327623132171894,0.697870835079905,0.5813279727361452,0.05421834782369246,0.1512091682444936,0.27720133333255625],[0.24935413803803072,0.655182760234793,0.40160249763323624,0.49038928582422214,0.8107628637149686,0.4734516123790657,0.6461745561625186,0.5232045304743558,0.8908799226575957,0.5137330198188613,0.8210743346766329,0.6755951092581357,0.09963774291104903,0.7244949217608598,0.7841214590144756,0.46410061682320636,0.9553003328755639,0.5202054072731028,0.38791898591371904,0.3696983113827648],[0.4272482561210217,0.01346124757782664,0.056680980887402393,0.1296203061220608,0.9261136235817282,0.5503223720733368,0.7705700049031402,0.9805478613767101,0.6445348417094954,0.9157397634451955,0.11645684302690396,0.7563966075920351,0.8805480477164749,0.6979067423870079,0.465760141473988,0.513835918732037,0.8914637547612279,0.1865492065545505,0.4797563728949658,0.9874248619208321],[0.2211795981365514,0.8180852016506202,0.06396676293651883,0.3953233246704908,0.5214081208878427,0.7718956097698427,0.17255890124114034,0.21588656733894954,0.9853239240785794,0.44383792418746654,0.2558727883649665,0.4206136580700847,0.04905831713935632,0.20363428298872785,0.6654632006069158,0.4392780002038984,0.5954813637212576,0.21064765889916925,0.7874677166527004,0.9694226873679679],[0.2160822337924829,0.48715271625994344,0.3881082708277137,0.503946794874988,0.47210115162599386,0.9678160292847283,0.031292323612330995,0.40780884258487066,0.632981015790465,0.9773769988641001,0.305374637637264,0.8871009507793332,0.7006686100853031,0.1746310213589198,0.09698443584445635,0.1413794738806769,0.33602436559220883,0.7003487674606319,0.8201509822684564,0.8524249895673256],[0.7921866782429988,0.6240216917313557,0.3152736498974042,0.8914012207512164,0.8039572123797204,0.9831716900479848,0.9671565076605484,0.2213786683705036,0.6094542497442275,0.3342707520880902,0.36135791313457855,0.6002284879342146,0.9709159817992973,0.2896526576300759,0.3765134396540187,0.6137078870073569,0.13180964517658111,0.33370364728671664,0.5721332950761984,0.9455503498555745],[0.5139382445212209,0.42281896044980743,0.24253225159034478,0.41914333530657555,0.24169221916058195,0.8956868136660963,0.06228475045399137,0.9821517179528257,0.5877850413007412,0.9264345020156723,0.5696792386150071,0.14617581046880695,0.35343933078081957,0.1273669220895284,0.8725733159033502,0.33783456327020994,0.4612187443130692,0.6036498120246173,0.8519409217618776,0.18447363688445395],[0.3995349352373617,0.929057517302413,0.5641569956321083,0.3510227227350727,0.41683055105795996,0.329434865383429,0.3814895098959531,0.16635908388732507,0.6929291056858948,0.3144239301895433,0.7223147799168279,0.36866325187805377,0.35695777284200036,0.6132027043673225,0.21094615422347715,0.5360755815041305,0.3633289618575998,0.8532123881810874,0.672239705059095,0.4700195718183168],[0.5428049518515449,0.6958217205903624,0.10077379893773816,0.5385547157670957,0.2686483849791632,0.901374022010509,0.7716634905584131,0.7876473079241463,0.7500725937132483,0.8839359488018173,0.6978762237605304,0.48526508816338787,0.7618537214376575,0.07680719224138999,0.34446335414092855,0.876429009040249,0.965341389315315,0.2341008507762529,0.989189373654561,0.3242339658860454],[0.28675200692988423,0.3355108396617909,0.6289328067181441,0.9630785972774816,0.9649500068795837,0.289649786532986,0.6141170078280039,0.5646036302669601,0.42642054487881487,0.9858251417029166,0.8056242533559296,0.961144310034994,0.8845273563363882,0.059043586395468854,0.4986047542672823,0.694723969646127,0.21642043485516854,0.1879029534397109,0.28263005570120364,0.9728257248454498],[0.32970170342595795,0.9831324860189752,0.3277954464990263,0.9526995231480003,0.44776443538419214,0.36763162349151896,0.8669331232294752,0.48866295897332207,0.6082578204330701,0.04565559715606169,0.5701187754967465,0.7160503471506692,0.30117079041540357,0.41385469384974033,0.6221207654942824,0.07234029384233046,0.8539299495129191,0.510825515945941,0.5272498502206167,0.4057191760776486],[0.840828207309314,0.30980452574980966,0.5984473427797229,0.6850966695339038,0.06147078486279983,0.6443618931373881,0.5689845036725709,0.7487664034763528,0.06907644653928323,0.4411415899621788,0.6338774770280798,0.5611747453257535,0.9839270356956075,0.09641359053337414,0.22178912257352734,0.22290340511724888,0.8638335634383835,0.967194130802232,0.7247032263602409,0.2417844297023896],[0.8894919564803082,0.47645262873975075,0.3366478396685937,0.4394085226281174,0.2542456639885885,0.14357476421894871,0.7216018431338715,0.5148631440718849,0.5478859525679184,0.17339672397192138,0.329061282806855,0.456352959709432,0.4599987182812293,0.29937484274135023,0.49779287918535486,0.25503012698337724,0.11834711378114843,0.5312796085696319,0.08889034532183476,0.31056946108052025],[0.24168875766011338,0.06752840070189897,0.78181025861427,0.07865368596596421,0.6131984138921847,0.8560870606750882,0.6361781154957616,0.7158475175935171,0.8565678371650516,0.7121511768476355,0.32063548839639083,0.18313059460508738,0.43966391274008176,0.315137031874781,0.538063272767508,0.06066700453522151,0.5004742816143047,0.5366686597451543,0.6847156886873222,0.21611255406170773],[0.7251784788993947,0.49694452843396225,0.09819319496654172,0.2313131994156036,0.7880115160846601,0.8972940290719247,0.13958077348191644,0.8447091906106124,0.7918809229042911,0.4968033003996796,0.2617269308075056,0.8575930709407564,0.4194749788371523,0.4604112162184457,0.5002976101881013,0.6186416306500203,0.03116442092959363,0.9738061875457222,0.6674317026179168,0.06571355683703503],[0.6041006557151899,0.3723731474972636,0.1885518085675422,0.6348420395795336,0.7348186885523809,0.029060620086543157,0.38054510638337613,0.3562137357511631,0.07084772399256797,0.6785026678575724,0.7981431609528792,0.6170247446897267,0.3229950204974649,0.8368049345853814,0.768800916664641,0.7661827322980321,0.9423787540508907,0.8051568642798259,0.12973243695319436,0.16049526161016772],[0.7389301808390589,0.1876051424072458,0.2625403171480604,0.171669894043403,0.4473941144296254,0.6125549639854002,0.1371461411720977,0.4774006707915937,0.47716258259926236,0.06708642233129253,0.22121849488746734,0.0992796457168343,0.8181740374654017,0.6000489141466715,0.850288029227891,0.3561206190439098,0.34900318300537786,0.31708308085706194,0.9537091493946839,0.07734819805684476],