{"n_weapon_types":50,"n_weapons":103,"n_targets":20,"weapon_quantities":[2,2,1,3,1,3,2,3,1,3,1,2,2,3,1,3,2,1,3,1,2,3,3,2,2,3,3,2,2,1,2,1,3,2,1,2,2,1,3,2,3,1,1,2,3,3,2,3,2,1],"target_values":[82,40,52,83,25,73,94,50,28,94,71,38,54,94,15,73,68,99,37,51],"kill_prob":[[0.9318311589057976,0.5560676189583191,0.2243626251413492,0.5198742321338544,0.08011123876912754,0.7140877964353461,0.10212703480319617,0.5827885443099451,0.07157730826344022,0.08057692427109016,0.9826344668622558,0.1738788543589671,0.6809481514896398,0.33230787947702584,0.5539965830981316,0.7971931879630695,0.7026836399801618,0.36950343314444956,0.29433216744597834,0.8749604652384276],[0.3744949925448048,0.4355349354528205,0.83258504194833,0.4818428920717592,0.43729403022000046,0.9540071444562238,0.10003092125032952,0.16888000729164113,0.752935741501571,0.6015973576308017,0.4624553500534464,0.5018000648471993,0.9397850926810756,0.811703972924502,0.8537655176684327,0.08055126730214013,0.6310698005629944,0.9809151153659271,0.6506815924903948,0.362309539327107],[0.15036956950082414,0.11160304489015657,0.7111410680930446,0.8963039740424695,0.3252729815169266,0.9410950804540541,0.16073912710870478,0.09141723754439211,0.29483596783605076,0.8292222101649066,0.3458264009524394,0.9638573512389451,0.22985947730245385,0.25128384760989386,0.0605694345680372,0.6870165676844187,0.07057067331429653,0.616919995050212,0.11774987981716276,0.6938101837108437],[0.22862803451669367,0.46209696588116644,0.17723665825080995,0.07653804584958422,0.8213794435161292,0.22165221178924088,0.12121382126249616,0.3825517919050986,0.5744206928538723,0.8599850898538172,0.3047019401291767,0.6099071355371685,0.1735600536574258,0.3521383230980918,0.6831049155579226,0.441705715814776,0.7711659043757807,0.5635669931828544,0.4527496478700953,0.8260204672765707],[0.730061064084543,0.26159217433072235,0.8029231721486444,0.8171228598470738,0.4993942665906365,0.8178024351817791,0.6316432826725256,0.3994602803372285,0.2056802434177301,0.21364960294295648,0.5595129028840862,0.6960486910579728,0.8319290709243824,0.24398553752263444,0.3955782581779257,0.04254120743456805,0.16369709546207822,0.906246344332941,0.46304613492645924,0.2149501708236821],[0.7662306961693617,0.9478044760653692,0.6257204882094123,0.557411456334162,0.817182810597629,0.33973863341341654,0.6826153002443933,0.29279731128657605,0.26190656076101004,0.6182765887058196,0.9291277356858616,0.025849260242091346,0.3957228692205514,0.5509125641317763,0.6434393512292204,0.5723163378949153,0.5593083647377277,0.7039592697327767,0.025216701747697294,0.025808102661653586],[0.06655599754385094,0.427376599635064,0.19668798488491104,0.22257587407652085,0.7523857223437576,0.6287807488048978,0.057744341140069155,0.9711042066390978,0.25470188338986216,0.9763199305877074,0.8720745428490767,0.48767591318962666,0.646490696781641,0.2523722262127594,0.18961810775063315,0.45246069880412754,0.5770433879818668,0.16464755484067622,0.08860511068121711,0.6629531221544632],[0.8037031116364974,0.16495798982789786,0.9665525707678189,0.9788343724360463,0.08525444524097517,0.3751993751652116,0.6635743072713954,0.27772328055382656,0.9466006219311162,0.38519353146232493,0.9671943698174942,0.5476224553816916,0.9793549891509284,0.5666986675170882,0.6648267823358861,0.961908327485434,0.6974459427019792,0.020740230366019664,0.8482383369694948,0.6330640135191772],[0.7154876786379923,0.10078896737208919,0.20021362322094605,0.46547966848145284,0.7239096141726618,0.34227961062217543,0.25378062471646257,0.6313899294027385,0.10787669207577001,0.5945800015757252,0.6271778603733252,0.7434324913945409,0.22567617396097878,0.9693428849653463,0.6947572420555086,0.9804202411083439,0.6587078542612117,0.13470450321476624,0.6465098125507227,0.876574651284332],[0.816831616250498,0.8229925946197317,0.8998666539386752,0.6942437996597595,0.38195106699695286,0.577334841732399,0.1271466619784424,0.30850029448362515,0.7561159933549101,0.9504186367078893,0.7119594181871405,0.5223759902721042,0.5264110263252584,0.9171655060770851,0.7040563643509332,0.41793488263665,0.8066916038404349,0.41833367682789563,0.5780156979837665,0.5472150087880613],[0.6228257375368003,0.14931341243950086,0.2457031666040222,0.1902257544976548,0.6766837729592815,0.9133877398020477,0.8684221187586914,0.6110371674330759,0.19069885790335436,0.7983035375434794,0.3630497508090874,0.7146728181541536,0.5068178999274192,0.8941876292271517,0.7813068864930995,0.8741402795434893,0.4813847308285129,0.48801875640459846,0.4312573257389113,0.49949538804601934],[0.316210403038237,0.23347171892925775,0.5884977366065984,0.38382035103633133,0.16517613179448704,0.5900679807140601,0.09221650550847653,0.23755686209286395,0.23363012588464427,0.7607577272496729,0.9147776029726337,0.3619580883496661,0.6033450252761944,0.9899514374278564,0.3864273543760298,0.13297497735055358,0.8230134623374372,0.09986033670527948,0.31529051620120246,0.3695725879906718],[0.24102337666172582,0.8366266086541697,0.8045937955203812,0.13206777691598154,0.37757218561752975,0.5307099683649713,0.8612625043620594,0.6812688626443552,0.5605490950473732,0.9243762487744587,0.9282423467062995,0.08545834650516863,0.06913111532913442,0.2970221958330869,0.12441867916733543,0.1718830655903197,0.5276516658265836,0.22436108985092376,0.2776987618894352,0.3163427072247641],[0.5004358945420248,0.3002655628387477,0.8727793772952827,0.4697326604973514,0.5629631254565005,0.5204149499280892,0.172598603955947,0.798442670418457,0.12300327515304757,0.9298603691953946,0.616717528257512,0.1985646242447553,0.3594009028508704,0.4433596879641926,0.6265844263019245,0.2643658797058936,0.40516792144876085,0.20771727322695663,0.4708196526759468,0.9418883632171877],[0.7405249669936042,0.6370635025079933,0.4271254862462502,0.5999077706685456,0.0796919910273029,0.687931735140493,0.14955340677044196,0.896810987441684,0.7648180855477389,0.3744490896687091,0.86785434432537,0.23505711394571555,0.8576801437768689,0.3507674495002028,0.9052845726270425,0.445024228228766,0.9771980428098901,0.03970295164964222,0.2525828897603283,0.5540699618626337],[0.4142539737004748,0.3290049913015083,0.06323678779000289,0.5534526848942569,0.6696262120208117,0.43983013720260766,0.410999404269775,0.4033766425979682,0.7062089850733816,0.20427863164781176,0.13698530493043534,0.3449729215169405,0.17306913529236229,0.3237139778410436,0.2559255861534835,0.5093961895587209,0.5767354670949311,0.31330587102858415,0.3603424003928578,0.30856725966812437],[0.9765679973792422,0.5546088696865159,0.8500147977851773,0.9852743108374635,0.14074562017874362,0.14796523167106537,0.38521303768078546,0.4154965683747059,0.5492784750029969,0.01899660638965734,0.31265293424420615,0.1383953832990498,0.8659987369456283,0.4924641275499906,0.7848645930132461,0.39142417221843323,0.9274406489554959,0.8888031791848869,0.6395110748459018,0.8472654397635551],[0.5135014022367115,0.7336011841954042,0.17244372378372053,0.039019659745606845,0.4351313139204254,0.2306962696279717,0.8260599002119986,0.6583894350859284,0.0361643975490569,0.918487494769928,0.19324634605270702,0.7280053999150377,0.8045202640083022,0.541311914696911,0.865337888844527,0.48001749272931354,0.29767435923987795,0.6252396306140103,0.4601772183844366,0.07488761936461175],[0.028735936306714498,0.9244948137664623,0.21883506119346888,0.5698121391522769,0.23052451877048966,0.14150813364117112,0.912001101024502,0.7862283591529499,0.6150936271641392,0.2735461343136608,0.34431254796669325,0.4828960528197714,0.18652275312544125,0.634765472368073,0.9549079156801933,0.08199862023009598,0.7703688568508176,0.6089944342601433,0.48426618262329785,0.8636875133797197],[0.13077877153552375,0.8322049059876093,0.9192219687770127,0.7482403812872277,0.49615343211108937,0.15443881758984068,0.42645715882352125,0.8377239203626988,0.2933799561219935,0.47437716580959843,0.042181251311880975,0.44486466514747697,0.4027373932612169,0.9329572887946282,0.4520662256738098,0.5642439616324685,0.1464424186241176,0.9538267970403095,0.05114351897716739,