{"n_weapon_types":50,"n_weapons":113,"n_targets":20,"weapon_quantities":[3,2,2,3,2,1,1,1,2,3,3,2,1,3,1,1,3,3,2,3,1,3,3,1,2,1,3,3,1,2,3,1,2,1,3,3,3,3,3,3,3,1,3,3,3,3,3,3,3,1],"target_values":[78,52,49,71,56,17,41,14,18,76,91,82,79,83,35,41,64,75,24,66],"kill_prob":[[0.37845777017909354,0.6174392417365843,0.8525438497185661,0.6096823111991037,0.2777399746156096,0.9246665845974117,0.8262454556211304,0.949096471196021,0.2189826502083309,0.18856668737802046,0.7264190824834538,0.5084902475783167,0.0925038679282563,0.931854227981889,0.03109011331808969,0.5287970081528228,0.9622039633809858,0.9509054427628651,0.6195299436815349,0.0716720902811286],[0.8962319621049242,0.3381836148107078,0.9742822645126324,0.5247607735868283,0.9808839751691216,0.41968991669390515,0.8452003796200581,0.5033049877601881,0.8954327396688833,0.4360317100005802,0.11912032868579324,0.2611915547399267,0.39250121159599116,0.5014346126352757,0.3141371282966159,0.212624009492645,0.7365765737158646,0.6057670235174284,0.8183032144234061,0.31278463388217953],[0.01472320839612703,0.21050494878937812,0.69113835745206,0.5600538705598518,0.39028748145733066,0.17957350885357728,0.5368531073946937,0.06294802302492662,0.7650763293643004,0.5748757343981907,0.6212912220455767,0.43984472821966436,0.2981749523285156,0.7601381262897211,0.6994568192626534,0.7425182737609984,0.9348342021882835,0.6725923346806095,0.2784242256725785,0.7848231267296986],[0.9518392549271232,0.035115230485688646,0.7376222164938777,0.36963176800719644,0.15070331357206954,0.3446442458047243,0.5464039310823287,0.14364617383211886,0.14539798905405488,0.6502274511046898,0.47862770453893017,0.505834425561497,0.4076656008858142,0.10447303206427,0.227138456642425,0.9108336844318456,0.8872742740105439,0.6943156963837978,0.41817656959854776,0.706682574933914],[0.5580140444550347,0.5504097565218069,0.5364829290195445,0.22691230992790226,0.5576968085953862,0.22718610873817932,0.73563076194616,0.6459493626292319,0.5381024223387051,0.737282183903523,0.5444581714541554,0.1454155679620402,0.7474552667099207,0.650076067661651,0.7689108977567067,0.8268306449078662,0.2064906055235118,0.9723816112207091,0.7355864669826057,0.4580124399717222],[0.3546295630192723,0.8305661592998747,0.4109042629036789,0.4466906016902055,0.047129935446792524,0.17524134325529067,0.8148050900237808,0.42483487159259975,0.1464630595003754,0.5398026536594241,0.587650817677599,0.520871575373137,0.06132627774635459,0.8172169919217517,0.26554783095483186,0.620460436911164,0.953879109450452,0.6149813763594919,0.7875524053385186,0.8462358214149812],[0.1309601231405726,0.7825547395069786,0.9549751784677163,0.7388908349324333,0.5936691378582971,0.8009379933110042,0.46167580591658464,0.2042034763151894,0.027220937325964388,0.7521247582046313,0.8043526875512513,0.5601511674268441,0.9442010616255403,0.4734231880239373,0.0202571954304206,0.8452142677322119,0.49943472685417606,0.5228282233066488,0.6998526776774905,0.9263855921639769],[0.8350903919995479,0.08917036374424685,0.8384583066546134,0.10102900541332885,0.646165811304597,0.49728752362015954,0.8732226503411709,0.31113316076024894,0.4935513473543751,0.568424432881958,0.3033325617743106,0.7317704545727431,0.15654546579700745,0.35474842310122545,0.2515909875388035,0.403621397650974,0.8346421467811962,0.5520951739813724,0.7447072662548293,0.26883783734960853],[0.5364651263794392,0.38751411698100935,0.04675807730961052,0.5066252112620334,0.559005938925665,0.5962984362251681,0.3631888813332691,0.44018165943213095,0.6535217741360893,0.27048826499755263,0.5130102025902135,0.05244002266450404,0.5295001863264618,0.675059757838083,0.6780590600079107,0.7496266662681108,0.39438756469233016,0.7071712989766908,0.2777696304438918,0.3825805269872835],[0.6893702815788502,0.7840132740243463,0.8704196079978028,0.9080624902892706,0.45450581532525197,0.9661785518610716,0.41032203910784215,0.4807080238562845,0.3238114303280519,0.5149486091210158,0.37496403418026775,0.26676493572844995,0.6387733755297322,0.7691094169855908,0.9350801250341934,0.04974434385060956,0.28291522384441065,0.33990238897495767,0.3772736566139672,0.0850986434774769],[0.1705587370249876,0.39805780887299247,0.7169659231534589,0.675106593846143,0.7361164645348034,0.519057662709164,0.4908869832852424,0.9527471594803044,0.7482790149928206,0.19950078135744984,0.4309364586851117,0.126544533428874,0.7604623678789013,0.3684520569485792,0.835324645770097,0.5419516547039188,0.1562262139799371,0.21558330462043515,0.03988246811309552,0.8230703807026825],[0.5590433954620313,0.5310506145594762,0.8716683167578432,0.2303371348879938,0.8151273180652067,0.3783433458071797,0.33215438596938485,0.2673783301016341,0.6763345551189376,0.7381879224494787,0.45695724910154234,0.14373567659639805,0.1965460599333059,0.4299181369437556,0.04430923496971901,0.29572262060285803,0.3432021462882199,0.9849139344567545,0.6901469774729676,0.4514719435967934],[0.8670895859673744,0.7819477749843209,0.5377935591236379,0.05951717419033671,0.16839019995265803,0.6926541232535268,0.3289009436261749,0.622727605261507,0.6601065271652745,0.2945164228466953,0.49359051584230784,0.023173774836488574,0.5103803723886915,0.9208286786020592,0.6293858231181879,0.5963604653586916,0.06931862703369228,0.3500153482822556,0.0972595566487853,0.875725895949005],[0.04078939776855802,0.22127290214074577,0.6016218362464527,0.978010171078304,0.5761011765117227,0.8892416974730516,0.7575266016991296,0.09586247001035487,0.5585238319807339,0.14597404234460823,0.5649501384200607,0.5916852084670527,0.4273439633527594,0.12444766993596444,0.4932624703935749,0.5399966080977951,0.9587564318987012,0.4824937657012978,0.8256371442287017,0.45663218676521067],[0.529670472751093,0.759625398118812,0.10898733491591628,0.2963305872035227,0.628054300157586,0.5644134378744755,0.255663701831916,0.15287660440622336,0.452492151963758,0.05718900134086308,0.9162180730315038,0.4899974846987495,0.659958051468446,0.4533766864678727,0.2662657127227442,0.5739910621871022,0.4825235308085097,0.9569939825587234,0.18518785369110077,0.07999059087614625],[0.3711019321709091,0.03731841244917369,0.509247722043946,0.21670061216803868,0.24967153238611978,0.6501525486697088,0.8440130654203699,0.3904567616495245,0.58345806611019,0.7370804635137803,0.5911323484013332,0.22744003616164996,0.7108669706887372,0.2331304738114339,0.9866124668330454,0.2698977756064505,0.9662882124536813,0.8437757315023262,0.8497379946622314,0.7188364338608372],[0.3838376758247443,0.6793967281723878,0.2979563529646001,0.3813803414070492,0.7270225006535141,0.21648737959003234,0.1545768887209155,0.22092685848065602,0.2070087440604139,0.4505166725529668,0.3776913073681176,0.5977664295323947,0.010244281130213457,0.7532612040482308,0.8039709220772616,0.4613192943312781,0.8915833491933783,0.5911479075168992,0.47549280283535617,0.48418599769373544],[0.9227057532925917,0.27107900752870917,0.07601942689207318,0.1986765379989858,0.6398207643678874,0.6207048709274731,0.1681320720357126,0.6574723658602969,0.9296104011590954,0.5212154001204164,0.06444721770947066,0.6128586585725447,0.9165236158008747,0.29563274009760243,0.6643279039936059,0.31031800230500173,0.723012563029202,0.7710539700540674,0.7070351376595985,0.025542173228829124],[0.8922574772464492,0.14491377669099545,0.3972040952283503,0.4780317883856129,0.9656303928283335,0.576394027320605,0.5910645182365842,0.6896409455988758,0.670912824992401,0.8332361757575477,0.059551661338073415,0.5136797414944825,0.024731042065393005,0.3621233768637614,0.7121094414392699,0.823239799586078,0.2761186435528194,0.9873129182901282,0.9789138870645361,0.041362563338142484],[0.7317898696700307,0.6821934570205231,0.3657546695116645,0.4965919443332732,0.6798522253327896,0.4828587333182179,0.7439357673255483,0.825267926706834,0.18999474013777348,0.9881339623163327,0.9254419506820247,0.2654893668562243,0.1941680302281255,0.3041063560970711,0.33575462592318156,0.464543801560972,0.5637986946147144,0.926911478576643,0.956854016170519,0.8777345207126499],[0.27473512249131027,