{"n_weapon_types":50,"n_weapons":104,"n_targets":20,"weapon_quantities":[2,3,2,3,3,1,3,1,1,3,1,3,2,2,1,3,2,1,1,2,3,3,2,1,2,2,1,3,3,3,2,3,1,2,1,1,3,2,3,3,2,2,1,1,3,1,3,2,3,2],"target_values":[83,11,84,36,8,14,95,99,49,23,25,32,66,10,13,45,34,13,7,28],"kill_prob":[[0.6422216483927151,0.9077476051152539,0.02229344022828933,0.17845479882957294,0.5486901485405873,0.730169611495569,0.8756842331954987,0.8337593647194247,0.5317156045019001,0.9455558634765816,0.6092267750706828,0.6820007405469986,0.6182774061159724,0.12294892735553402,0.7937986895738154,0.7531938002455597,0.23115709968286072,0.5971593911229485,0.6118987067161928,0.23614105351171435],[0.22963823628565927,0.4954230403380954,0.21995880431958506,0.1044479716062967,0.509658517591121,0.4645009179395305,0.6053883068407978,0.927423212124371,0.7390687458296302,0.30566207352565106,0.7077077677840798,0.9179896418653698,0.6971978034133125,0.30151248847881196,0.14302933190020775,0.4685760163952566,0.6787939099357374,0.6416042933891524,0.7913394613636511,0.8630915222519809],[0.8942963230305718,0.4157530729844101,0.46946769682509676,0.7947188547154793,0.5145767567701569,0.5317451582621453,0.24171436858964948,0.6894693259608533,0.2652639365009911,0.970984431849718,0.5895327681516868,0.5649459697287739,0.393679169887642,0.32174003116033334,0.2543476017107921,0.2555778164774323,0.8351501982130655,0.80097176108618,0.8078620523537634,0.9864273552703895],[0.4979714345466166,0.38066780886355106,0.2354997243520974,0.5271246310192441,0.535718016012332,0.3130442110056945,0.43565419269644906,0.2339598902340777,0.24765113996590477,0.8275634218202542,0.06889382255435333,0.05585170316755707,0.987253737867589,0.9413960648641853,0.1842681971887421,0.2673421047173022,0.07816282340411303,0.9186815823087621,0.5168157212069733,0.8555136220861546],[0.6410856519626574,0.8610911629735873,0.8907585989079624,0.6359172106884614,0.9130631571409783,0.010090730224144298,0.44068332753824846,0.8630012172817536,0.5310122985366544,0.30565903195213084,0.8243124000289809,0.4880322728129188,0.18821054952815328,0.9458136738001244,0.5451469007636307,0.16470964708838218,0.2003123397177065,0.7787527306702148,0.9377612531051865,0.6619966823629667],[0.5791641067863625,0.8890768149482582,0.14641993330125533,0.15379266795599225,0.9427957416595135,0.027026427876982922,0.08516067449242692,0.48840037994830166,0.5118305234156871,0.310236407934824,0.6080745833672331,0.937147472352482,0.778259442924023,0.49903692026358654,0.43062422848723725,0.7013412796243933,0.41343255787616756,0.5318014268789076,0.258159975567026,0.8963090440550944],[0.9288351929517136,0.7239738601566574,0.46045056236222986,0.30288697169669526,0.5372689804365488,0.010002387931854602,0.34764059680171155,0.15721222789087808,0.6806890627911524,0.5212835862708958,0.9577788899699331,0.9400529849662965,0.6261687215677789,0.031689223552756746,0.6166423326796205,0.215502684175243,0.4371139627644652,0.17776735472718028,0.8850386032009075,0.656944724205238],[0.5070507100657394,0.5171007724416589,0.09893676121690405,0.15989562785689693,0.41237661273151055,0.7096471966419595,0.950879609350428,0.4195948211018878,0.12655269209238387,0.09275162274789148,0.9073326992359891,0.3138596990038448,0.08299928685314881,0.7890938101244964,0.37109469876774176,0.820182931256092,0.965687668613696,0.1541878215775812,0.435236364827701,0.09241552619382125],[0.41473984184696494,0.25370378488637113,0.2530641219169292,0.751770153586388,0.4789150581937846,0.9130030489798192,0.21422389104764897,0.15862679162626392,0.8840011187977379,0.5038802476309566,0.09800123213602481,0.3956259841087656,0.13323756617058577,0.36770227228768826,0.6328004959699011,0.38677044764176427,0.7995591988358078,0.4416125423988736,0.07482206906002284,0.3859273501343909],[0.037051518747932034,0.08663210339641025,0.1934149064652256,0.09878175075686021,0.7106281433977971,0.6088714244355092,0.3349955461622281,0.6213400594869897,0.6675914625881422,0.13015898703667692,0.5870492239412679,0.8274010190387088,0.2123422669688623,0.9808702650190739,0.4736792000483114,0.41298953563590285,0.8863611097753179,0.6300490437775672,0.33247352202952457,0.04305732381839732],[0.8485763935797448,0.7257195553282756,0.5967497755101767,0.8702711206440776,0.11209659945265843,0.4837452665993036,0.8988637264844862,0.9488468586253203,0.5549290815874829,0.2666329063586745,0.6451803759873396,0.5406502221955064,0.17255019998386567,0.9603178962037323,0.7241799580356035,0.6852222315108237,0.9423037218387277,0.051698578772269715,0.7046231638189485,0.7548715322989801],[0.26584979006546394,0.101586046210057,0.8347926517951945,0.0811107680669374,0.8675773775568135,0.39015232021717905,0.8934740111888198,0.561964769662354,0.33967588491451545,0.6977291045256487,0.7655142179211761,0.8253573756668853,0.9764544364549894,0.13948549424906184,0.5642663352881928,0.3567836455925626,0.16267034453494744,0.8271249440398278,0.7025245760017186,0.32910150473535893],[0.881320261587383,0.11533874294141405,0.08736347234227894,0.6650148465658123,0.9071236332384267,0.3449131352848921,0.49958082630965234,0.9624079964851223,0.3956898448125521,0.3068770189299054,0.7578944656116311,0.6176269521719895,0.6309280123540352,0.9344856031894568,0.1951953534504186,0.7486552503781924,0.6052775774055354,0.7914057051766873,0.5441783286880755,0.13493776217437903],[0.34593055319598204,0.36780739907267185,0.7126547399931711,0.4919547227127829,0.3305948504252194,0.5830001559961621,0.7973566369205478,0.6976076669124749,0.48110602434935046,0.550648675653034,0.3985291974313149,0.9705086218038175,0.14389504393106328,0.42640882109744344,0.7099265263967045,0.8804399687847148,0.15382526329341012,0.9836621399223612,0.839240237060415,0.8472052639081703],[0.2879252979213529,0.6554891407831397,0.2771495290264691,0.5098499425816266,0.47542927214504516,0.8622691325177069,0.22073506098774356,0.6877326792723821,0.7983482637049071,0.6775494190358916,0.1669913447660486,0.685421408761094,0.08658999272150651,0.04608199208855472,0.8812190679355623,0.8235940098073905,0.33718511885481733,0.22539216492936795,0.8019938252292622,0.3513590499537146],[0.14505970425971537,0.2090318931919873,0.8525175065062072,0.5079906127444691,0.7453883931292121,0.7308729426950381,0.20894317705865584,0.35753645788994104,0.34252341331704367,0.9534813386780294,0.06241491589941767,0.5641377956249785,0.21493539302614262,0.42849204657815243,0.5606216854046003,0.5939571566414761,0.6611593278005755,0.17600769608692612,0.3166707114652753,0.5685296736732388],[0.8223500876591988,0.7941561788124936,0.7706250655644751,0.7820931756443585,0.5221816293483207,0.24301586191667213,0.9099034204024085,0.8731136160248196,0.0843107328894264,0.6294226823575522,0.6676505468230012,0.3255516093435258,0.7792999667929478,0.5714390975504228,0.3234244877732658,0.9380114220075165,0.022794293684022887,0.9170504587965806,0.35432598803242515,0.4529466094242934],[0.626736836874591,0.314803109887993,0.3828862148994924,0.3328937243234728,0.9223524294270469,0.2201410848913853,0.17245763664862732,0.10580625456569717,0.8143614308643022,0.6225862944375117,0.5089701138302287,0.9058867158082236,0.34758524748515396,0.11579254476863308,0.5293835272054053,0.9508249143611311,0.6066665625993702,0.6224504613697772,0.5524837508029515,0.45087449492676196],[0.38601603609801305,0.18395450604767985,0.03928543417793489,0.8665347738990539,0.21530856758276803,0.9116560163444706,0.1970820563476717,0.13416169240100181,0.9727232595668448,0.2412652920545956,0.9630749563345234,0.575637516922358,0.9467490147313844,0.8526940781754179,0.8064878808101776,0.30004085148094034,0.6173576716480186,0.3187019784259912,0.24796857750690207,0.08732379883413499],[0.7924697527452771,0.101299656118497,0.21087350464677937,0.7886210494308039,0.5835225260420447,0.3752132992914374,0.32063175541686534,0.08668677352479161,0.024128822215028177,0.9888207300990763,0.9279129048825757,0.644621503436927,0.41009216841968676,0.9880352595558298,0.3839231960679475,0.8697976362905272,0.08635165127415813,0.5267902951438105,0.723894971782187,0.844460771913508],