{"n_weapon_types":50,"n_weapons":98,"n_targets":20,"weapon_quantities":[2,2,2,2,3,3,2,3,1,1,3,1,3,3,2,3,2,3,2,1,2,1,1,3,1,2,2,2,1,2,1,1,3,1,1,3,2,2,3,2,1,2,1,3,1,1,2,2,3,2],"target_values":[71,11,75,100,9,89,37,48,15,44,18,85,84,64,39,40,46,17,42,75],"kill_prob":[[0.7094167989254473,0.5240355912110122,0.4618503519731484,0.05894715156746418,0.9886330566533306,0.7819800695511342,0.23913817230642792,0.38685036534846234,0.9706559878369452,0.6764058505691314,0.8802184953773634,0.7562594932583122,0.06512814243104022,0.33787974091852596,0.6162338303468509,0.5490453907620425,0.04953980505267972,0.7882301492697535,0.6313586789729192,0.6374240689286796],[0.29957259952361104,0.14598203963275985,0.8554398338327752,0.38569609970486385,0.7870754590292705,0.3281136077927962,0.9494474288586803,0.7485955306952156,0.2390071656929321,0.5996416018401423,0.7966090922649856,0.8331496039283428,0.058152017919125186,0.6981799266835589,0.43908055695877724,0.7517788212843558,0.03048427863940499,0.8570791003415728,0.3915798213571949,0.9209485481423021],[0.5129306707948367,0.8375824889656078,0.5034261806538526,0.3998263758632224,0.8929904593457054,0.012309801204517318,0.9340624943671156,0.7872293467143398,0.06682525558051673,0.8790193913608547,0.21954091463864828,0.5124690403483456,0.3035711332056509,0.5078281662149539,0.08564166894151905,0.9457466815178733,0.9066849516417415,0.3166541651829929,0.050855333000537656,0.0404939810249718],[0.15918211914209413,0.9223274419026807,0.07414949834171954,0.8974028208392503,0.3195964817391995,0.4901734293870726,0.2670287384993258,0.697865535416002,0.27028081159283834,0.6809083765450674,0.38663354981747744,0.03810864499527868,0.41949730578947314,0.835406515638338,0.6000985658118053,0.358091142875299,0.440167959166042,0.0850349307340732,0.3278862651096889,0.8695128406141684],[0.2947799769067811,0.8388672851740447,0.6476785459424811,0.22506748587317527,0.977561714348526,0.7773667697007787,0.04199548731445244,0.3246275556756622,0.3350475562443285,0.5399574779891808,0.12636799424389328,0.6213445212491094,0.4691388270578899,0.34056103227982626,0.6528291793934693,0.39680039035152087,0.9404314748532719,0.48980358152658093,0.9858619291951616,0.8154106423100691],[0.05305142400880671,0.7395016360625523,0.23309539443850438,0.4685465083569269,0.05187001306926038,0.920735057146444,0.8024328127376971,0.3973586918634345,0.8159114787193098,0.7711831756527217,0.24461636937551642,0.08532760056226693,0.679387579631173,0.34599687023114284,0.5279455315394644,0.48264094521915546,0.9151174537739337,0.812264214386835,0.6261953570883094,0.808802612162487],[0.13928469233457808,0.6904354305024856,0.6940676424766237,0.7178188262375301,0.2822825389290868,0.31326913650535276,0.13364325589397757,0.9348146752287416,0.841232690672909,0.5446957306399944,0.26457546248004393,0.7637581506110472,0.24176843340095783,0.9133798336991226,0.6569808339525091,0.8444815225841826,0.5382605284620847,0.30950932329872266,0.26732742980361957,0.41420532482722],[0.6428170360841736,0.8101148497147457,0.21770512146897197,0.7889711561421467,0.013718048790664213,0.3281066683744521,0.23852841628015345,0.6865723543372744,0.580609867954275,0.39543922166663675,0.6995914261523334,0.5810692409032847,0.5285723230644359,0.1516668464055204,0.04577691036351551,0.30189854174576086,0.5491912034892747,0.2879154472146079,0.7723945940168774,0.19178098934633953],[0.6034682602038888,0.044320981789849036,0.20103386295907974,0.7654627009205685,0.8856542857052905,0.2662832238043508,0.12524978974299,0.18626654176599872,0.4562104774221631,0.7484055971110711,0.9579178138624943,0.4288023578139121,0.8084026258968485,0.7514854323841399,0.06949855221334302,0.3385803301669147,0.753871315278902,0.526079019150875,0.4078513735615084,0.8219603850536333],[0.7603156150116507,0.20947166157571137,0.7917086896678814,0.748823395040126,0.05600714601617597,0.63478268519228,0.8311885652020227,0.18134459995652302,0.16246357220410626,0.34312076887811205,0.9496986352864819,0.6770011135058276,0.36750009023169417,0.3838632693564831,0.5527332642617482,0.02476342603735205,0.22260964931140764,0.8595578699383528,0.3035581891657897,0.7837436202360363],[0.6476634648145043,0.8874267928817215,0.48186177217826504,0.5123779435574182,0.32473991063309326,0.14941779446818312,0.6726544535131832,0.07187162504371741,0.9134272684310266,0.9234587803569092,0.0439126176330805,0.4290117505749406,0.2436337643557652,0.4478447120061958,0.36802117128990397,0.9320181240078006,0.19507108749016125,0.03557879596511753,0.9212213482504462,0.03625631447390537],[0.5636655363146638,0.3989384370765049,0.132274051471161,0.6787782734631262,0.6443152972114712,0.6738345901797196,0.08233654225320786,0.27096019325793924,0.02957189130173401,0.8566447127015572,0.550947264545034,0.5950679539766478,0.5259745044581479,0.3328983131503039,0.9088299476610118,0.022348098207418336,0.9516059581917025,0.4497782208290878,0.9081514772232118,0.015719225807771877],[0.9470588551101041,0.3069814456997105,0.5146788051913461,0.06309946440248826,0.3620187784105064,0.7516188782419835,0.7683247471663641,0.27798006346708026,0.8926356701960884,0.37418157649889233,0.08359645151908905,0.31152611496238025,0.27161547010783843,0.770422475722051,0.7812217351032247,0.43869301308723857,0.5478869124822482,0.32802549464254305,0.4691278414702878,0.09190789983150702],[0.6133103609754949,0.5846161101637315,0.9221755926684045,0.5474184902149496,0.06441948526561968,0.8128230275838576,0.6178011983097933,0.21018649364727818,0.7197796057058194,0.8500723737172661,0.4276867717965296,0.15295810132822915,0.8128048772454063,0.7283332676414895,0.4623342479594961,0.7949955290355508,0.8152891942407245,0.4610730266299189,0.433290140310765,0.6494494137529395],[0.45917841155027656,0.03088901102703806,0.3080974049820488,0.8958338089247797,0.10593698970385014,0.04717073697017966,0.6642621274871308,0.06993864717760354,0.37617913759657096,0.6330977906583241,0.017199860899770512,0.39061674571683835,0.6266741942720415,0.8771006414323504,0.15763712202707877,0.9594130678669188,0.07911364832090055,0.731206729104411,0.6557113248093881,0.6335459081197146],[0.372944545833284,0.604017029880771,0.807645270557494,0.5805903663522796,0.9536878924771702,0.25860079864738206,0.6096154908314101,0.1750582558774727,0.9251234264784094,0.81965246895035,0.36491467067002337,0.2839243747460508,0.38715046460006225,0.9471758167341585,0.36477633992800107,0.20731231102696268,0.8809133076997498,0.08654143919775827,0.12616811721337887,0.23186128900916492],[0.4094880071097588,0.3562543523464403,0.89893388642435,0.4124744882284223,0.1025613134004145,0.5841226540326261,0.7644100225739567,0.5294503126767351,0.7823914641724191,0.8257737041783136,0.8185494701521874,0.8556000207748956,0.5211383860020926,0.060997361666061234,0.05823258632790688,0.9633895861875562,0.8453454350474268,0.4897939035915648,0.7092990935376791,0.8654122260650448],[0.40768104656037457,0.12601266400468952,0.7429798685191624,0.5932095087232354,0.6762622981355148,0.4676414494148016,0.6332022947497621,0.47684890495543375,0.36460287254622914,0.7870269333639054,0.221485639495375,0.49189943680732684,0.3935634818713831,0.3056943725048428,0.7923842520726153,0.2117458813208212,0.24589614534300933,0.8343533169895015,0.46737358789253947,0.07306974358067406],[0.45152779005681315,0.9148658184420255,0.12536610567944642,0.3885112220845116,0.6288462351911285,0.9825592162006082,0.38428783884991496,0.4593773092768379,0.8404135430406406,0.3790061483764728,0.18950385706915251,0.7065598441961337,0.6301907818993016,0.7945455867876483,0.2507503067342912,0.6533379727934131,0.9676809275368805,0.8721386994948575,0.4106426319700376,0.6033210808423449],[0.564715502199921,0.6356457525758799,0.8254114335421529,0.7369406670726827,0.6893919538700936,0.3175784848696134,0.031016095048540603,0.7753201892187203,0.41823079153778786,0.2949716690520977,0.1312780633025263,0.589465358472898,0.12891515992260408,0.01086500743155771,0.4383044256090538,0.8363328548717635,0.887683003528072,0.4801566695706334,0.4743159343499454,