{"n_weapon_types":50,"n_weapons":103,"n_targets":20,"weapon_quantities":[3,1,2,2,3,1,3,2,2,2,1,3,2,2,3,2,3,3,3,1,2,3,1,2,1,1,3,2,2,1,2,3,1,3,2,2,2,3,3,1,1,2,2,1,3,2,2,2,2,2],"target_values":[55,5,12,26,47,6,68,100,92,15,21,34,34,11,38,14,7,27,26,37],"kill_prob":[[0.43828022059168115,0.16426333974929866,0.2900977826986689,0.39550106614161035,0.670801845669217,0.8269657749371578,0.18619742385575996,0.053130703912372124,0.6004710660751148,0.8915664971154028,0.8663832623060053,0.8434187552513245,0.6213336134190406,0.13490701285738416,0.8285053767125723,0.373451770858116,0.015022359761657902,0.8626013734316419,0.02745012441339373,0.172026179131793],[0.4659406557454895,0.6054369742037086,0.03682456918830302,0.03084774036153381,0.5844045559434942,0.6992313583068245,0.07946900324625991,0.20673355407356914,0.9414722906130618,0.9056420710182448,0.6317473340844968,0.4450821648267605,0.7759527407987796,0.19143657870151298,0.9289822097029661,0.9315956319014453,0.35253297435700165,0.6155907906882117,0.6902032855666479,0.30289297913906826],[0.1934560989990332,0.2433779850567421,0.9446916015937327,0.6117813655998975,0.9029984034476226,0.5039643849825458,0.7791293933105757,0.42445562531809045,0.07702959218225962,0.515703344219478,0.2139013984039536,0.33836658671089404,0.084601218111341,0.7143458244158372,0.11761633651249712,0.8636455167865678,0.49905465705595287,0.6959218042337628,0.12167962772514873,0.5201420295086169],[0.2732317565329353,0.07547336811803577,0.1019640838292324,0.7189277574026571,0.15530289622768212,0.8462985361335761,0.7989147006700934,0.8284057318820227,0.9771962200548822,0.45396458388600314,0.09243626670336318,0.7491029655358131,0.30955006402666346,0.06799449843551272,0.9442698539834687,0.9332185743069404,0.9482980231179657,0.28253937265772827,0.2678771532253382,0.8071409249009757],[0.8097386421605938,0.8000932950748121,0.5633319829273102,0.37543144947653273,0.4301789970076131,0.4072386975713094,0.044601106422431744,0.5133387126155118,0.7986548433212795,0.3843548645259163,0.06353816357029422,0.9310063928927406,0.7283880164691393,0.020393897536983077,0.6227093602651534,0.3467884906172895,0.16711495515605718,0.5227994068355863,0.3538469977685706,0.8185452594564419],[0.5330302801007953,0.14970127223772478,0.6758797165706073,0.011347121353199291,0.6495542479185153,0.0652342798183268,0.2176449623050888,0.3442231462798323,0.014111603834067822,0.6412968060226355,0.10729515287201861,0.30909167025787737,0.5262820340551856,0.07124824727003112,0.27032703505383904,0.588793714804441,0.7273661664885201,0.38730581799673286,0.24788079752791167,0.38908618354975594],[0.8806768667691495,0.5705505868474748,0.8638885224588521,0.29846021878216294,0.15193379337849855,0.6815859499834731,0.29375965804060244,0.38724109942817936,0.273725312962711,0.12721513771714837,0.2029468445642992,0.9195672328512515,0.48079196528460805,0.4873404230387954,0.4298971045483206,0.7233838613197707,0.8838538031025484,0.5032311748556811,0.06212986978114121,0.05408781101899595],[0.3726024111971826,0.039335275071472296,0.462030102823599,0.9099879345607651,0.47886226251242886,0.9290330136366974,0.2235945614876642,0.2511248842524378,0.8114212820288014,0.31823011607061924,0.22225945641047046,0.535841816480039,0.25334876907796566,0.5793375819297131,0.3706778244973278,0.49125533347479117,0.44558731913194494,0.026841868933637346,0.4799756502421117,0.9799569367209473],[0.2934952761960674,0.5389901416622747,0.5889489706746677,0.11397420997270818,0.47924059575338773,0.4250064742251828,0.5595660450152483,0.012511376480667843,0.933272111877968,0.10296424971506277,0.6136342181135447,0.4614543578806253,0.48252259308893486,0.14837838198922418,0.21804068188013676,0.9842884503112128,0.5754415611857077,0.9816614805672244,0.2029379267483973,0.4721110072195759],[0.6284031127433426,0.07963704027940752,0.8399955337086898,0.25629819255029257,0.9354043918519793,0.8938412570742158,0.2279776247989886,0.34568322957865116,0.40969213569898694,0.45485715056150117,0.7065251201254715,0.7191725608182231,0.3449499335095041,0.05079115958526899,0.3626793832512584,0.1378272014344628,0.29256844288753214,0.20057697679906092,0.5304289227270355,0.8309993335864319],[0.3422176204468138,0.22108812453887544,0.8134899151273887,0.39661461986720564,0.3304791932486938,0.8037038816050992,0.507477288394355,0.6474069182279344,0.049028645130307316,0.031068192091801533,0.4563129049442013,0.5558482791332577,0.4372174383668848,0.25730784527270606,0.05950844832971197,0.40305626220866214,0.7849183633811465,0.38423636462130034,0.7427101305337044,0.9489849151536528],[0.45270919930237896,0.6375951472791387,0.38779642792912267,0.6827239023306849,0.11859576205237458,0.10464006216552259,0.5181300646764442,0.1834984156699455,0.8705110661585918,0.6968840165524631,0.27484485460126423,0.05413828427074189,0.51877617376318,0.2140389627421961,0.9580136624571305,0.8846714166117048,0.9267662566432955,0.2517246474596235,0.17579788071767777,0.02732194060829203],[0.6656094787529795,0.5753301692715992,0.12124120349552317,0.3274104744667333,0.2730475599713579,0.9252475318793502,0.09989386486882815,0.8098444225054002,0.8405289776779585,0.7375889453872491,0.013780061508529628,0.13985791726841296,0.5725274880487597,0.9410085555309093,0.7354288904493889,0.5106214258797885,0.48157483343182983,0.23072346167941715,0.7186482466293109,0.9052874928672834],[0.348402486650181,0.6850060038567624,0.9745969651386232,0.7873201213044101,0.3928457684998287,0.6166488807108486,0.8730124456914371,0.6574238936599826,0.6201362946288245,0.4291352595791223,0.4541945496634086,0.9126128029776038,0.5296517099206252,0.6488024934077709,0.19534119364145827,0.38478189837049837,0.6473641047718528,0.4215708143508788,0.6017113701420924,0.04572971912651475],[0.5899011847459602,0.8961955581810117,0.528014612558972,0.16889763424089313,0.33476114820673,0.5314382604141923,0.16871446982869157,0.18795410281263297,0.800968310908399,0.37118018118363855,0.1787051585236068,0.20812892022844506,0.5734327327699127,0.5129733662629293,0.9692769943450098,0.029656819416400894,0.7033362425869992,0.012726673309709145,0.2313856222020211,0.526958980191282],[0.8477176506236623,0.36571181316931056,0.7339165338203695,0.9862848575518607,0.5241530475406738,0.3432001759704265,0.6837102497685821,0.6532710855660614,0.8828234268600954,0.25375388779579416,0.038708627163970166,0.957218448307523,0.7748354181096321,0.19766298928407872,0.2526067216493267,0.5418437525891515,0.2708507499929055,0.813858595265479,0.836516586763781,0.24942202522306578],[0.8176585955327246,0.0795741065806952,0.9731850734176936,0.5461984893630523,0.8590811992790804,0.019565841908082235,0.1362218155649858,0.40154440077674897,0.5108523792256733,0.4499217423513244,0.6813023518369886,0.9220139700149991,0.987261790298256,0.4507254660922137,0.9614539006977758,0.6358548555250892,0.22346678185606636,0.022263294278632974,0.9366440147242329,0.015471999621693721],[0.21101547868579182,0.9354292345202769,0.8695989149316574,0.25629234320071986,0.7520352680027419,0.32307688537702145,0.8747028288837613,0.9755414545700793,0.9679395884137538,0.9098868386559271,0.8569842110011672,0.6009353189644204,0.5296867797294607,0.20823008330995105,0.5322006969763985,0.8039883075943448,0.7402786379041899,0.21258667242828913,0.30499688745929854,0.3374032468268932],[0.6923932547557883,0.6138971925218873,0.7533724112313946,0.9546381289702587,0.0301522846666928,0.24594448999956584,0.845617557574567,0.7604773643850333,0.4054869103140294,0.7759877917603116,0.842120279973774,0.1681946884316557,0.38392034220998306,0.5019707467846201,0.2547408034789973,0.6984123089521951,0.531186372016598,0.7209370128090131,0.17318792515740353,0.34279014613162373],[0.7170639861762951,0.8884165543866471,0.4209960697320503,0.6111308507165906,0.5056656774402373,0.1182488219639187,0.16521152010214152,0.3341735416295338,0.09750383557233837,0.9481012978662948,0.9264432524644285,0.7922872794313679,0.7172354032292634,0.41250427548451163,0.4006434228495491,0.9615578474458901,0.8603315429077538,0.04068793720233969,