{"n_weapon_types":50,"n_weapons":100,"n_targets":20,"weapon_quantities":[2,2,2,1,3,2,1,3,3,3,3,2,1,2,2,3,1,1,2,3,2,2,2,1,2,3,3,3,3,2,1,2,3,3,1,2,1,1,1,2,2,2,1,1,3,3,1,1,2,2],"target_values":[4,53,65,88,76,20,90,19,88,66,79,1,42,42,94,41,22,16,10,6],"kill_prob":[[0.06818888726187032,0.19116710164023404,0.9171475527118282,0.465604495254685,0.3273457029158621,0.48601545791505396,0.8078655817685318,0.2510845333217977,0.5844738772666095,0.17800816556024482,0.46078990133529324,0.6104023860910089,0.12829249076048807,0.7051318340719527,0.8532416401081804,0.6055193142496196,0.2364118780308539,0.4688666647147575,0.0796768637305296,0.5104886695216851],[0.3930754417450531,0.34337660275516446,0.9232053004999422,0.6637438137117593,0.018783921638509924,0.6519386468743291,0.7728935329609917,0.6897627032050185,0.4866665779434569,0.6965304331481001,0.704390704833555,0.27542613539105504,0.6577110325862033,0.8485598452835841,0.2113688112968785,0.815239407601972,0.4981521930462753,0.06296942180272494,0.7068704190788363,0.6340485510941668],[0.9001584394716217,0.4940254281477072,0.39838207191013353,0.4435698521558632,0.9575948496695582,0.5616734246253509,0.1738394555888149,0.19300444906221417,0.19435227006833952,0.7710891316798348,0.9846854694186203,0.4227045116198494,0.8603393670560913,0.5200096948744162,0.3113129314331979,0.7404824105520618,0.5560448207243701,0.9842324886827638,0.5728129824447257,0.24315235472509777],[0.29344554786996907,0.42667578597256234,0.29528507745747695,0.0493190284034109,0.023790786727527484,0.32309009260030963,0.4387416592552771,0.460576600574849,0.48225773627786633,0.5407690554972719,0.7043487658338515,0.534642992576861,0.38733270045939067,0.38124571243521943,0.36449644363429745,0.01877227688720044,0.46156396163034147,0.20389206507331747,0.4094547943383332,0.7372127367539423],[0.3246549079077898,0.8694822268045826,0.8485397474322437,0.9722188339562389,0.4267579788109157,0.07382266582264845,0.8477321307746297,0.27849453933563023,0.13867685954008982,0.9703032902685321,0.46602048716006156,0.47486864865980605,0.24404702303884568,0.47276707767383264,0.4851744531445647,0.7817017007103211,0.06934212728741965,0.9516312337702375,0.07106115882517167,0.3735803716007316],[0.5451576670576619,0.4703733154945469,0.3339068916281622,0.22180388642273052,0.8546875298634273,0.26786645034476414,0.025464931644834245,0.4019018651240452,0.21165809682477757,0.6204650241184444,0.7268247719021101,0.5351163247427936,0.0168570954158227,0.37559731954517356,0.4560037146747622,0.5795794681638567,0.7374880161314131,0.3444978819582574,0.46691981267887295,0.5262676621561725],[0.17819799583640047,0.7564385670788791,0.20940557882454977,0.23483312192982758,0.10799649457364947,0.06267444091165286,0.7947065348201349,0.07807440804983797,0.5978614354652456,0.17978260007638833,0.7329064230724387,0.5842137463637257,0.02392106478763851,0.8426983604873068,0.560098205868317,0.9409419825559024,0.6945522204804544,0.9636341968063766,0.6917711243318669,0.8844728744417203],[0.5222509472851885,0.9859246705120838,0.466802130293016,0.588463723253546,0.37343622412016503,0.6190610377312357,0.07388362451886867,0.5855787817441812,0.9687286641799118,0.4329837240933751,0.4631682691885811,0.06756879324118781,0.17027866901042063,0.7715788803786021,0.635408967033066,0.5087034176516861,0.9029897308074123,0.18101839987625282,0.5220412646063312,0.6765271497389664],[0.41868271970128873,0.8137324687391349,0.4054224689789644,0.2920674579091804,0.60296384990757,0.5339504004104804,0.5027709422727222,0.6216108810246777,0.45226964004006176,0.2585912669598872,0.21596782276264828,0.8999805024958778,0.020822460254450545,0.5355933989980637,0.6553396710966072,0.05459210266727378,0.625251814664701,0.6223180750304387,0.42148140308582727,0.6121037070657983],[0.7988214710612014,0.38398242980945196,0.6835735195649281,0.3419299850350234,0.655649870178084,0.2810068567337047,0.8914931710759755,0.46176032085240265,0.42401937427657443,0.21877029388339536,0.16746910714761346,0.43196617613331556,0.4456144836373194,0.5895737239547123,0.7296884843640687,0.5780689034724695,0.5721368441024207,0.9782361095606528,0.8576544823805632,0.7569763150516639],[0.3365332110083034,0.11432430121287261,0.180123001994571,0.9318898153414311,0.11871426330705258,0.9386712349462555,0.9888348847140378,0.38466831349500336,0.8494917364002584,0.1028897270295169,0.12947638594546712,0.6931865463800225,0.7921545733779631,0.9354737917129795,0.5663167411051105,0.847629169919108,0.47096128320254127,0.6550558739462032,0.7249937775908006,0.7489697459195862],[0.34283399784389623,0.6122616142185162,0.698529331395155,0.5488123555853887,0.3199693687158956,0.32250457900032,0.8707265813054582,0.49931406707870346,0.3880296604442942,0.2631048251825406,0.8706947941237634,0.728975489551983,0.35507321242049306,0.9234993855746473,0.06966899822820155,0.04339442772806865,0.21315060500888644,0.47150463262603415,0.656502440229908,0.9712015268571396],[0.12306279878283104,0.030039249000514613,0.9638224665049974,0.4591505674771169,0.4259740284713405,0.14486371510094603,0.4698074090380307,0.325585042441144,0.24672467971237963,0.6808027195402633,0.40775090865256386,0.02698353041234755,0.6426749371311344,0.5757553087145975,0.7756121529179212,0.9489100271432038,0.3383969109966238,0.3268051863533141,0.6922106596184366,0.4300550448922868],[0.5100524794949127,0.2873606093657484,0.7096963262954867,0.9824649018237878,0.6570085695325053,0.713574193066397,0.9625324673760429,0.3087677632772988,0.1074661906245049,0.3499578943500749,0.6727243232472777,0.023938443078918195,0.8895313638094342,0.7008718910759725,0.08531061901841938,0.3300041827034241,0.4941455410860414,0.4255829000566185,0.8070074879374621,0.10305603914559919],[0.011199217270770532,0.6393987820726554,0.4245705549154204,0.15874111127764717,0.3954049046564925,0.5086126175176144,0.9565582749858554,0.4844860626731111,0.33435655174465356,0.8702034156198625,0.43230590088569265,0.03894911700257261,0.8191042434312802,0.5661863123906488,0.12910870847600425,0.42646651347048337,0.298029279322206,0.9779577817721596,0.2817833463613243,0.04621051277522317],[0.5018440440136562,0.214791807351656,0.7489248961950161,0.33118345699517443,0.6710373504606642,0.5535753755179048,0.4757648557692772,0.10744585622836335,0.9527594000885483,0.38681524675189716,0.2674126069527957,0.3503927509275779,0.6193367227143473,0.662208529646051,0.11957966495856476,0.2093567616139102,0.2170691857830448,0.23161689440225813,0.46749835715243554,0.034715254457080874],[0.7831351847656095,0.20307681604748515,0.9877287838763668,0.8302787745683571,0.09273242600213277,0.865736747071989,0.6443602909791551,0.5247556002938983,0.9213128541248741,0.6788168374754252,0.48136038122329167,0.6807524155030883,0.4467438142014279,0.3933116074350124,0.9886024241408359,0.9840790829867735,0.8476476984023863,0.41447892557238547,0.016608435437742444,0.8928818946060368],[0.28035212386873815,0.9410245325223687,0.7782941346370865,0.8129630180352966,0.4042256278619455,0.8500356374425699,0.6276228736201839,0.4762786424653459,0.885398874455156,0.3358479791710896,0.23468120557203573,0.28525963251645947,0.6326258621286758,0.38020762858391194,0.5840903879970429,0.09063654139267345,0.12649872728187514,0.2381652306961446,0.20463683063474752,0.4811709227197437],[0.38236058580340065,0.6132977101340259,0.6460055751114938,0.18885230808892628,0.17515008427357395,0.6859354293166279,0.9581395214787152,0.8201574306619015,0.42543494170713403,0.6028191098805279,0.4182285271587092,0.6465215010808922,0.14769121680436223,0.6362973627818219,0.3368004915831649,0.8094107217346155,0.08646436993573176,0.9489518067560394,0.2390519309819405,0.6867160723334168],[0.5692333966720033,0.33916150940507234,0.3075725513377889,0.16519165456371088,0.40088974462989685,0.3405462837624931,0.018374064380820156,0.4068145463672025,0.3761361562539313,0.41532580525578144,0.33520569952388396,0.025819043100930444,0.5174439452256501,0.523557071511106,0.4200716383407192,0.47000450406739125,0.3322892183256982,0.18589705930124947,0.12653173084211777,