{"n_weapon_types":50,"n_weapons":107,"n_targets":20,"weapon_quantities":[2,3,3,2,2,2,1,3,1,2,2,2,3,2,3,3,3,2,3,3,2,2,3,2,1,2,3,3,2,1,3,3,3,3,2,2,2,1,2,3,1,1,1,1,2,1,2,3,2,1],"target_values":[64,57,12,57,45,83,24,95,71,51,46,29,40,15,34,4,37,32,57,45],"kill_prob":[[0.0457172009330077,0.6990383693675174,0.8197425963486108,0.9607423428264522,0.3170078999368293,0.5440477093718611,0.24620427100109157,0.45761695759587334,0.5658968856457486,0.08780276603903267,0.5067210765846355,0.23318726735798137,0.6002905367788042,0.5505207669421253,0.37525151554256375,0.42411543805101415,0.29915521762124225,0.2201169895042458,0.8055187693142596,0.30682059774030984],[0.44035624684579994,0.8493358383921791,0.4697295244227203,0.6798124146137662,0.5716271762766827,0.7268399758303365,0.20129415042923254,0.9583870001457336,0.4521576015167376,0.1987672444918118,0.8742654331528917,0.08657142411583915,0.26495278782199155,0.506736629605059,0.7503077414504806,0.3863801352048627,0.2676833643284073,0.4839819784433997,0.8587801172644846,0.9208168748156308],[0.5853686279419997,0.5971423752829341,0.24442700868814224,0.46505701447274556,0.7828950722227355,0.6058996335142017,0.34893026584794895,0.2956605683736264,0.6171637775531836,0.23093823589779638,0.197317765217133,0.7461275323808787,0.827461662330961,0.7144534252737577,0.2778620065771344,0.8491625724490164,0.8766354186688646,0.35852378873959245,0.9256358997474895,0.40734762058364676],[0.38092783399196484,0.43721372670957553,0.49691665036528015,0.5697935674225586,0.9200264878525745,0.252981378045718,0.5791228540533088,0.09042980560778015,0.4091362943166691,0.486621593088587,0.5663778742840038,0.9205330228580653,0.40972729089735993,0.3472358898814179,0.1531224729813845,0.5840088076920767,0.13199563998380098,0.9785188320333692,0.5866796348116232,0.017806607502407645],[0.09781027458191173,0.44952483211355554,0.8938459000298229,0.7925635717940335,0.4974099771775956,0.08268313967577194,0.2931222386805107,0.6191122425027341,0.9091171100727521,0.9354450155055942,0.8930699506716511,0.7815158118419439,0.2995884603349611,0.3250309041882143,0.24964787861349005,0.7901496906093217,0.3835736104899554,0.2626802680719106,0.4476852181847042,0.30716944033451754],[0.7426653021421294,0.10972026189794787,0.08503005630511838,0.503413756489535,0.18940725281235282,0.7545423607384962,0.11846074110653336,0.026454816709826662,0.49564334857312936,0.2869790492072312,0.5363567996527113,0.9023145472665557,0.9173383452648178,0.7888194832180362,0.02646568708073986,0.7072973083506057,0.5572030775357261,0.3715775752627573,0.07494722063235078,0.27926126122953027],[0.8108029146773047,0.4524108033928266,0.8274460478493373,0.023075790691084765,0.23755907568007983,0.6393195862176528,0.4762276977727837,0.7571152288831071,0.5318394343801199,0.5743442328247472,0.9464336679132173,0.8432030629647518,0.8716290206931364,0.11843501112103036,0.9350194258176368,0.43919247989104515,0.07779793246016264,0.33400506707563654,0.9502857195669269,0.12385723700643719],[0.6499103754588452,0.030305454937312133,0.04100197797075028,0.9583580146259162,0.8630175284008789,0.8575376106587048,0.6619204209056591,0.4648973608131726,0.09115988057366729,0.6767585411083618,0.6291453024024553,0.45684830109392927,0.7007587635233978,0.7979898282117187,0.03554755581831543,0.92415957328629,0.6281944144591399,0.956726063930956,0.6941409440106676,0.726444234734935],[0.22528839418389324,0.24029281832308141,0.7437821649305945,0.2398932276329132,0.5193021431620926,0.8594751080987821,0.2507206938407697,0.6907731982124862,0.1878273604203058,0.4516983310646255,0.8133983669168474,0.11016126897765394,0.7588174159528501,0.43238903763639425,0.5109893025285036,0.13116964493465014,0.3910773085369387,0.4297813256131381,0.12260713094002,0.5574650655612868],[0.11879053875300474,0.13264221038940982,0.8012533146365041,0.5743181366307128,0.08097363234429099,0.6579163492665171,0.4738610012948449,0.17325093169154038,0.692461743044639,0.7401084522453518,0.12935738788188664,0.4892169117072562,0.2240721714563771,0.350831162951746,0.20292612880908562,0.36429227528386643,0.6933687797104342,0.24739207841805322,0.6229133775730116,0.6020936523169598],[0.2627346835530258,0.7192175591337071,0.1588944592014082,0.5694844969199845,0.013354668843490056,0.6263724013921499,0.5913058784836847,0.920293547807857,0.24482770374355634,0.6581678094535706,0.08159714776718253,0.3980496248148203,0.30326092182632325,0.3748797976281519,0.9093925814847629,0.5614207810632862,0.16156175483904286,0.5011084667097803,0.04570065711176398,0.8334555798945794],[0.3645204017976986,0.5611541637424954,0.8046594686704774,0.3430863744598116,0.0975933863951859,0.505084551493194,0.2657140499821592,0.015441126403083188,0.5001849810673201,0.2140736077386909,0.33271386240029754,0.9693465123717009,0.7938470168989791,0.44603456023311633,0.06421063413268423,0.29146695493292396,0.44735162922016697,0.2612265132169444,0.988594461503523,0.8075366810044183],[0.123793573232239,0.1545009418792724,0.4399063635506149,0.4827646846491875,0.043803363227004795,0.20138200189111072,0.5594381225549664,0.6503667041780725,0.6763188834325877,0.7918385811411527,0.05452093371332947,0.07609157891046445,0.8185615799862304,0.41684622923286857,0.7118783039586878,0.891599188239038,0.6778273603290912,0.33122272893139454,0.41034477628186083,0.52430055726044],[0.2643454700361495,0.8585181548823613,0.19784342778571634,0.7371648738055256,0.578468102188254,0.7207328808107776,0.8089297110086456,0.23162987210526859,0.3827958940261622,0.9596869517360489,0.7457475413061214,0.5442804136324777,0.20430166526137455,0.675619546414871,0.3396973217754749,0.2531687207787958,0.06711972744977814,0.33432289240517304,0.2118083350887588,0.79016232622975],[0.33534889776964477,0.49477603106498735,0.05452013491376997,0.1795647025551061,0.14716363170317598,0.10548913941689407,0.4839225018752331,0.45161551234833,0.9587976378047084,0.3308013093763172,0.05107607785336232,0.8713707630956523,0.537116544634621,0.3812567764627055,0.3855748337034618,0.977672733076476,0.47916657528374546,0.9491268287192931,0.17858629529065417,0.2452537627405425],[0.8550014663818741,0.06417699693271071,0.7726513910187921,0.6087196715871672,0.7972568388262332,0.18314386896627763,0.658630539396756,0.3875158006506692,0.9423292427493903,0.5580425268107044,0.12342036600564828,0.21288518561868974,0.8096513534219318,0.5350751414279711,0.4614630191437568,0.845689671956854,0.12833058656623675,0.9640469856915869,0.5147497184596761,0.513137437019203],[0.08960083721782802,0.07160296518422041,0.24277325352230403,0.7763035554961927,0.8317481918455647,0.12391040672063756,0.3648230735084464,0.3742409183051357,0.2704341915760036,0.08770161928813999,0.7208640668281266,0.9138725260972839,0.650320974053396,0.46681756491554804,0.06206393446607691,0.41030065069779803,0.7362995649882833,0.7086751462549352,0.6439243534900093,0.3301801839645045],[0.6726337785918759,0.726205367632207,0.5934983146158936,0.6149864113405784,0.8578388311445617,0.3847084390470745,0.8116906524324982,0.6974374852491356,0.4717755445714357,0.4561289557940136,0.251683906451332,0.1725623480729845,0.9269681743483211,0.8295978281439985,0.2665628468159537,0.08309522181326524,0.5862121733597858,0.20908116667792165,0.7119855314945142,0.26525160025104966],[0.7622215740654872,0.013028635112812248,0.3057992509307993,0.8898512896435382,0.37423498166209096,0.7617098397506702,0.4587504563258398,0.6731511646016338,0.041476860828868825,0.08621930697387083,0.8957149344484698,0.15029898593607835,0.2668758041256652,0.4244164764852899,0.749268902529323,0.6622243160896298,0.24592064194510846,0.19228383176030064,0.40735072048825127,0.5935426500479998],[0.3113865040423121,0.6988191838531184,0.9454981529926205,0.7620667346718716,0.06076168033025512,0.5249028744935934,0.5542668682594568,0.24629378556277357,0.35093311724917914,0.4932966217211145,0.41369747967756004,0.6645410494221661,0.04356037121411326,0.03432167852251727,0.15249794322338506,0.4959853074558664,0.3651395337535322,0.1202605272454953,0.26545571297179715,