{"n_weapon_types":50,"n_weapons":105,"n_targets":20,"weapon_quantities":[3,1,2,3,2,2,2,2,2,3,3,3,3,3,1,1,3,2,3,3,3,2,2,2,3,2,2,3,1,1,2,1,1,2,3,3,3,1,2,2,2,2,3,1,2,1,3,1,1,1],"target_values":[8,53,81,89,54,55,100,62,60,38,7,49,77,20,71,61,3,86,100,36],"kill_prob":[[0.052818716902050894,0.7726750378465072,0.6193629132797419,0.8486350014948443,0.5293085326220697,0.2414300670410551,0.015431319681124912,0.4940153533740755,0.21635779743793634,0.4836291014556714,0.2163542519410771,0.829467484552559,0.8173613500875764,0.853536186120911,0.6314942601469532,0.04323442119693967,0.5503921524837545,0.19667986193047957,0.048408330706966714,0.6321014473469899],[0.6021302041530348,0.4457696394149415,0.5504097957843737,0.42649294454102543,0.44010043752346706,0.4218976915782015,0.5777068534894844,0.6969876486951697,0.7465448189458845,0.06869269351693695,0.3360134022941933,0.5222849762307364,0.16853029129872482,0.9891912094760494,0.42954381592644597,0.7837079086194566,0.9585653365993492,0.6713467463396384,0.7034462925594681,0.7355316629407678],[0.3308455784033041,0.39889087666915884,0.3206916909059227,0.23036199440661403,0.4339510545638363,0.38843445564226325,0.8946249977717838,0.28053773515856484,0.16212555311343418,0.07711682306016718,0.587238758713338,0.7367494959051915,0.8770445121502118,0.6076680591381345,0.368613237593939,0.03345422361539925,0.16953326016605555,0.2927456999654921,0.030900586773549565,0.7537528893013421],[0.6770960451898913,0.8082352051107368,0.6267165775535792,0.01956549816099028,0.28374649522371326,0.1851341459335773,0.4541591239297139,0.9566602908290109,0.9756431309510439,0.5302780366000557,0.3011435893838026,0.7006109927845079,0.339738233032633,0.268234751899867,0.2868887170631253,0.9154208792962659,0.1100763553437572,0.8943029319210375,0.48100422669058285,0.4486079538941056],[0.0326075453927912,0.5957022124631822,0.440275784499108,0.8095347536599136,0.35575687655113075,0.29893872588144155,0.8526438291087345,0.6546845590926381,0.9556206519905548,0.8465352651434709,0.05164532881783645,0.36185664671705464,0.6417540807614344,0.048410919863501156,0.6802380021676129,0.6253907746211449,0.19105434208488045,0.9343588630271673,0.6573728091547456,0.7409472828430629],[0.7040229929516937,0.137186173734917,0.6133664020319937,0.48630165979142564,0.574124624011331,0.7882241919420526,0.4797644910920666,0.5995686104967427,0.7506645969592914,0.3747567482631857,0.8817181576121029,0.5610120665477711,0.7322870480938771,0.6370664520396994,0.025240547019272246,0.9009543634821833,0.8026660844146055,0.21220339664553836,0.20634456076203317,0.07098426937590156],[0.4201923283072417,0.5786408785172029,0.24451664870919668,0.07420895975569888,0.1635967304710683,0.6313360095141238,0.3200488853345788,0.5671841874896651,0.6164150106321609,0.07735491745906631,0.9191265694349899,0.44286938691198985,0.5928137639493167,0.9769229298657768,0.360123357986486,0.16715600025895375,0.6797955951850897,0.46056148455045864,0.5728405182158578,0.24679952581316134],[0.6610918032276767,0.21906311332898581,0.10250101566143383,0.7173551879849965,0.016961196090464384,0.7616763846642859,0.1431629183936255,0.5902652015392937,0.10887262877523478,0.6786782419545292,0.3169566327862377,0.4669152465160928,0.3778688913688743,0.10464598587388575,0.4163670795913178,0.5599957136409616,0.44773733542995947,0.7869240654396301,0.5211039098591335,0.09946750576411426],[0.7990404221103699,0.11640746963747878,0.6049385422719529,0.9810809287934373,0.6527406342794382,0.2087913580460515,0.5639331039113918,0.5049650157295219,0.3131116375424436,0.5575991818513294,0.40102573787294227,0.23138231580680244,0.8852729062519247,0.8147571466143174,0.6382654912922523,0.2571126571085593,0.5768376236720015,0.8310737521513166,0.8579864539400335,0.4782362181935113],[0.06498643188910795,0.7659251087590939,0.7311842809033152,0.48555229451117304,0.6098606128683283,0.6954457799612196,0.7719849140800804,0.2400734451716339,0.9288968950634324,0.5029605784095231,0.6781677924454595,0.9270253038747499,0.4169961005261995,0.08852252205178704,0.6074064109772727,0.9700910510396265,0.2970115050569767,0.6799446885383282,0.9801457643997964,0.43089934736355856],[0.912024685744474,0.3467522711268973,0.4126130244165088,0.7073200606548813,0.6135515384389031,0.7071181468976384,0.8997112404342943,0.2108669141299137,0.30813649032826934,0.16433151374111568,0.37614696582955354,0.6195577947281941,0.6526146353355143,0.2484397334488671,0.2011087303203881,0.8645630441299227,0.8237904550896495,0.1918096944011344,0.14003657369552472,0.2487802579390714],[0.14708197055704925,0.01552129277777577,0.20102928637855993,0.7486577996279343,0.27137539908030195,0.11490773870885271,0.21757805261433158,0.4230984583596726,0.7165890877326517,0.07156859949713114,0.24718106506578033,0.46098574447039453,0.91555443726601,0.8011611975411683,0.5826366676353636,0.10732252428155227,0.8676570904496805,0.05901118871786442,0.3806345629000325,0.5258752905351587],[0.15950614883002326,0.39672762781504983,0.4721911873272853,0.16769491902609676,0.14997307061389378,0.572541314271424,0.8043657707116961,0.46258608092103926,0.03245294561830977,0.18801421818355837,0.5260955117022115,0.9827241853710765,0.8329800484459314,0.7735022562788857,0.5565201083560589,0.1291514340322576,0.1689000289623661,0.37196986436917384,0.9336580918833458,0.09929554997307465],[0.08406211851602431,0.2651262155119562,0.611235416638682,0.3151008886821662,0.6225486608491249,0.22314932341036772,0.2125574934641856,0.28451682453444377,0.43541183191035643,0.12771611274265937,0.8959317279245895,0.7631116857608418,0.6859990168682262,0.3311823750580461,0.5340100300548155,0.4061428140974389,0.8506928218212974,0.345027669221662,0.1780298095856811,0.7140267559195975],[0.6000779023577257,0.3642186542090642,0.840437639717914,0.36732009811099875,0.5855135500804857,0.07340587357596744,0.30578320055536645,0.7663702010315903,0.6942001526058373,0.28251251981843434,0.1217064105291686,0.9803340605038953,0.9725072000121612,0.2525198878971053,0.3687086668057212,0.5280546263493038,0.37876369238005064,0.20873384003634662,0.060272617226210905,0.5377928288372182],[0.9892498415700862,0.010292456055304173,0.702068055637341,0.11734438480453728,0.7945984855599254,0.5161871815566053,0.3775954606070222,0.7954120240618822,0.2387151302098765,0.5693791156037462,0.6053097447933847,0.9178544280784411,0.37676778584985043,0.04474856942736101,0.7292363035183098,0.5842612859593469,0.963352453289029,0.4706527057473704,0.2761258926851137,0.7742000114456936],[0.16264950437412512,0.9304172190424411,0.6415974498936461,0.151663545334761,0.9757534826632079,0.42046934381200535,0.29755936563070334,0.9369837071198961,0.5786460283358132,0.989553136866458,0.357784261254111,0.7636903713654277,0.40490626443279276,0.24302199866084429,0.93880275568578,0.46456672977362934,0.6944299030962098,0.8087900467003895,0.16516444047524653,0.14512710950217508],[0.265831119985355,0.587210004330266,0.662464703136601,0.8343844847173864,0.32622208852328183,0.1536397969999152,0.8346705420019949,0.9151017409278721,0.05225627449925552,0.8853033472676028,0.04874288669866924,0.6361485832784394,0.03963118193110317,0.21045845740141006,0.4178810960275082,0.9650825475723509,0.04981728033001031,0.8097439978200476,0.2684427802697311,0.5370637110983875],[0.11995391775315743,0.8891226864066633,0.260443204002264,0.7961906814018862,0.3954336444994675,0.08322389871196642,0.7063705681830905,0.5200457615662097,0.22025661191417523,0.14284560043757102,0.8534299725645923,0.3711722043407302,0.5249365642144769,0.3583296619672997,0.42188745769246133,0.8005272700279729,0.9445198737269369,0.8973765200305512,0.7083608367942932,0.9405689618354269],[0.1573916761999548,0.9891800638330073,0.015842432539720057,0.6430855166864565,0.1948393537449121,0.11247066670001768,0.5889691204733144,0.5490929946023899,0.8972454553918,0.7555617297326713,0.8466796508147385,0.6178084269377104,0.31470231600111803,0.3210593224197665,0.2235595874882208,0.6571434061816692,0.3750510722579186,0.8110193540199695,0.25144146767245373,