{"n_weapon_types":10,"n_weapons":25,"n_targets":10,"weapon_quantities":[2,2,3,1,3,3,3,3,2,3],"target_values":[33,2,98,44,80,71,15,81,56,61],"kill_prob":[[0.8399367190516344,0.4083721596917681,0.8417966433592671,0.5063438442884117,0.2285754054383294,0.9352627337272567,0.2794714563603742,0.03567745450403725,0.2478205620959264,0.3693538100322792],[0.3543226896234788,0.5241741592547002,0.875464344395205,0.2964914625675052,0.5203551957999855,0.3433361746147098,0.8153375981857365,0.16444948302270881,0.11144006294385732,0.5029353481728497],[0.6684498340501821,0.7896146970689512,0.58783235584721,0.7683727660926206,0.3948558573897053,0.042210316861139595,0.1237773217435254,0.04794814920441626,0.3323647774669628,0.49558151444330867],[0.3591911339838006,0.5593874855650643,0.4809969655229319,0.6743839458266615,0.6636229202921381,0.3217028641665059,0.3492901662538697,0.5834448652084773,0.5945038185330249,0.31840591536439045],[0.3337115280599167,0.6901641129224242,0.6444626064185481,0.14234978858617922,0.44222104208188556,0.8848519571363784,0.04557956258238571,0.8480606675545294,0.16991459392286076,0.5071036598124816],[0.4258497003445513,0.019926750594629644,0.9070889983478393,0.4558267227876195,0.9451829112254027,0.2910090229596335,0.8589502579476529,0.9139417825157179,0.555695768043365,0.20862423211036316],[0.6815424834636056,0.5479985051988709,0.9356390725355733,0.440486620574282,0.27314337468702554,0.14552126146422498,0.6946608973129459,0.9646274266009706,0.03777689515997051,0.7356364476825642],[0.9183917553084733,0.08328590354280235,0.11796664420401048,0.6881179564807145,0.6450041083778726,0.07745086700992078,0.8277342971081333,0.5229553708879945,0.8990534258698802,0.8704310633728503],[0.8062576136691624,0.5155809183195329,0.2566764289144436,0.5058559938329099,0.10879515024574446,0.6556692255039577,0.14129767484442748,0.5109495032507086,0.06329433468348142,0.303522240469153],[0.23743885145639207,0.6176309118574371,0.7810509777820586,0.06615689544971562,0.8432780114522765,0.8535523410555124,0.3454236928022623,0.6558239846509157,0.40456077106938054,0.1611070645458389]]}