{"n_weapon_types":10,"n_weapons":19,"n_targets":10,"weapon_quantities":[1,2,2,3,1,2,2,2,3,1],"target_values":[12,11,39,82,51,49,25,57,64,99],"kill_prob":[[0.6050672018841907,0.42647979795277935,0.37258468049025384,0.41926690680096473,0.1260311015150954,0.7888555472492204,0.8309625210233003,0.2887091918819407,0.30772068604174524,0.866847571208117],[0.033490948417396346,0.5200482948918831,0.464402200387871,0.6863242341868906,0.17012386614646538,0.6649641259792507,0.3791993277173789,0.6163404826062492,0.049293109675320405,0.4624926532408192],[0.5218058761027247,0.2200398747978869,0.1468311810955383,0.19470481695205538,0.3472582565020811,0.10487394631887201,0.9383733998150123,0.40689418026590096,0.802790210456614,0.9649287806466698],[0.08912057440268432,0.6486360785762941,0.8639809050063897,0.6315497452873937,0.43044559893026446,0.4324548304851795,0.04518090828721173,0.5339087362634898,0.9836721368511104,0.9495333754524954],[0.04959124426531992,0.7016810635568984,0.3057295693629922,0.894929370338014,0.054212450795092966,0.927156619970859,0.8307262289120213,0.12515429460754948,0.0686278505709532,0.8280135110403971],[0.1626425175550878,0.5342001899163531,0.9074299607211354,0.5660991512783369,0.3992886354433676,0.4461157337569124,0.07185482728979359,0.9593772749343669,0.31444110137946113,0.19557622183939674],[0.2903263558035874,0.9550857309936492,0.10240033241824686,0.8599569796911577,0.7036870165134188,0.8234187955758475,0.9663795895605384,0.8353115624065344,0.9345147042522958,0.13439655165510137],[0.7898727938636306,0.5447621801994268,0.5426256831782634,0.8909431447941033,0.9623677422737771,0.7007415565823173,0.4832796216823482,0.4572757807438084,0.38861462807871816,0.3643670489812094],[0.39367670485074274,0.09795817054617136,0.08588736355522944,0.7742724469948655,0.4471514350618216,0.9220707987737281,0.6099765884220734,0.04447246254073136,0.1643728744911299,0.2117033971527474],[0.9662213039018673,0.22433014162860218,0.5154405627622902,0.9274533930073922,0.9676488753160702,0.24163322667587367,0.058135290875039325,0.16052979588700333,0.07206190912850692,0.20122175627048966]]}