{"n_weapon_types":10,"n_weapons":16,"n_targets":10,"weapon_quantities":[2,1,1,2,1,1,1,2,3,2],"target_values":[16,99,48,33,41,9,32,25,81,6],"kill_prob":[[0.7842291737806375,0.5123018542902834,0.3402468864894649,0.6588086125389312,0.6280335954313138,0.9310746474430385,0.952035306413412,0.6770701001520971,0.8114596086992851,0.7865765983284749],[0.4914774620459018,0.7003691222727486,0.08669382752989878,0.7528606614873008,0.9525963470485203,0.09327525806322366,0.8293934689000174,0.9243204261162858,0.23166511200602086,0.5243149638570197],[0.9193010609537287,0.9510214844325086,0.13532473666527003,0.3520241410443416,0.6941817483278395,0.2271273293982117,0.3282752160617912,0.03282523880459941,0.16045124731257493,0.5610829045293889],[0.6500282649780991,0.6459335944739202,0.7727932613626524,0.41697578546401565,0.2780209019163324,0.025269086041674486,0.21249722953133915,0.31614005595799655,0.18464271935085622,0.029741582066670214],[0.16429865649188777,0.6627775624962209,0.6269937081431439,0.9269699666100816,0.7922049255693631,0.5664009945043674,0.1448052205433471,0.5627903825466538,0.07036315969589715,0.43226719946263575],[0.3924534563682515,0.4292575331756828,0.28422940002689145,0.6821138386713472,0.8341255779528038,0.763146652746998,0.6251970538750627,0.537577903346353,0.040462496407869766,0.7184753187180828],[0.5440832807869275,0.27532622965060916,0.3312851980763728,0.9268946507403465,0.6218750002148825,0.4763941859643777,0.6185033049142395,0.41546747848594384,0.4707786277389559,0.29450307157351696],[0.44105623457981163,0.6818803877891523,0.04914308658473983,0.7891268591502317,0.28731995004408656,0.6789085975638497,0.6398708083864588,0.6495754881584792,0.6059663379306869,0.9499198013081441],[0.508177279441483,0.7276727332050444,0.7013403446098861,0.24154222573276377,0.2876397224030891,0.4255367561938285,0.2821439718539451,0.3694082369513605,0.3931414016497398,0.6017872697195771],[0.2254922418803604,0.7982060285591536,0.4387856296360745,0.7021192294495819,0.08981363161600152,0.47056608624187957,0.037655141533781744,0.6723917919792535,0.3468358754571282,0.9402677578237121]]}