{"n_weapon_types":10,"n_weapons":19,"n_targets":10,"weapon_quantities":[2,1,2,1,2,1,2,3,3,2],"target_values":[7,17,43,80,79,27,43,16,76,25],"kill_prob":[[0.835228748736795,0.33359726968577674,0.6823288721157822,0.8492814380426245,0.08618977358654127,0.7597239170744821,0.3115121570514494,0.22228991690036184,0.6851234234039127,0.9016006902785692],[0.2991188245381475,0.5674571292766326,0.29403743157250173,0.5531998740118994,0.6194247900412537,0.6081286810143762,0.621075442249891,0.14237819637317362,0.6896696601949852,0.6712553492526189],[0.6789363597725455,0.0825891416839322,0.4479020655658696,0.41085442940481515,0.09497725397033514,0.2279205693388745,0.442143379162076,0.7380481836609206,0.24232083544496993,0.8231549119224133],[0.5448823200246742,0.7552132514809251,0.47310486367011995,0.4992103409137789,0.6173250015920474,0.9194111960025078,0.4919763297846518,0.5280843873461252,0.5999570242569789,0.7327648345517712],[0.08041332877650963,0.5153736897515326,0.48195975742192265,0.913251284552819,0.49363644882761426,0.4689541240004444,0.952955988764008,0.4515649343288639,0.18726674171564853,0.22257780034967256],[0.10328378757023464,0.010556766673765561,0.4333067477804723,0.763857729672257,0.7287971139438392,0.041506106046793195,0.5685832455221522,0.16119746290520648,0.9322547590694034,0.1740176996512957],[0.6241064333435319,0.3297135949207756,0.6387300994450652,0.4140134245347936,0.7544501912602668,0.23606554282130068,0.8976760158559749,0.500205456327085,0.7509712847585958,0.8427355875732025],[0.9888520387357088,0.22946675228207908,0.29115456529218575,0.2554244249972505,0.267613905516587,0.5807958467085899,0.9836520726829261,0.9804725253508993,0.5262377667350615,0.6362466660593803],[0.8527711328275739,0.9242747892844351,0.20978341478295304,0.5279708943636038,0.826180313568282,0.3071380351018998,0.44101286163085734,0.9759086794817678,0.9753457627864536,0.897984674549878],[0.7924793779314965,0.27374789070834965,0.3244330725858437,0.5463371843807772,0.559561827070772,0.5053927629699256,0.63393687431798,0.41015656218032903,0.7441906741692222,0.33687892794878826]]}