{"n_weapon_types":10,"n_weapons":14,"n_targets":10,"weapon_quantities":[3,1,1,1,1,2,2,1,1,1],"target_values":[61,80,93,83,15,31,92,55,87,57],"kill_prob":[[0.47342943851108327,0.6520116135962696,0.2158853813470629,0.9696583747950583,0.10611823054911378,0.8226367183790568,0.5922140672121641,0.2499576522498416,0.7407615006470938,0.09279127776353051],[0.7689294777598075,0.5881855177981533,0.11853531202847355,0.08791545183052281,0.7458196067677333,0.2970771883737604,0.8815158137518692,0.7568315606095726,0.6942264398233617,0.28303393158078194],[0.7047656286411855,0.9391847308245374,0.09972863768315753,0.3296393891634947,0.23997882015236227,0.3953851317126534,0.7374860017568675,0.4747577297968788,0.5693159939978414,0.3178717903167755],[0.14846348174535853,0.27159497595897397,0.8524866952171473,0.6003686229103422,0.380428899733289,0.7841078621008758,0.07316828380581057,0.25881326616393796,0.23550109097619248,0.9756572709248577],[0.701976610744905,0.6154302176607831,0.01488526598858344,0.19062380204806023,0.6328304671136167,0.3821249399520324,0.9157947760054796,0.7594297347589227,0.44843639134803753,0.744524677987505],[0.9658962373496971,0.4617612082074412,0.6396753701307627,0.9102913227600692,0.2537011687954498,0.8788267553929527,0.105593812637523,0.6454792071758936,0.7771813919546686,0.6123140948673775],[0.49562410806949214,0.6150001579271723,0.15863043460385567,0.221259296123614,0.2745013570772151,0.5958237538174374,0.44306305227016907,0.24958632563612274,0.8751531455016885,0.37644340348735894],[0.4471110848452933,0.41150705501801466,0.1883040961712176,0.7269944751216286,0.44948909702348083,0.025931967694864076,0.954733428312601,0.8094483393635054,0.7190881670099672,0.8617100331081584],[0.8986711085334392,0.3407399122567499,0.6087395048483646,0.6066316530214823,0.27195367543438503,0.22751320641812586,0.12162910972264164,0.6561279119981237,0.7753006112101642,0.7557339199266637],[0.31994986964127486,0.2111546534558982,0.4545418948855295,0.5458771910357004,0.9107053854091847,0.867326691188573,0.9077371646757911,0.84325713743326,0.955289580347585,0.4661899972256763]]}