{"n_weapon_types":10,"n_weapons":19,"n_targets":10,"weapon_quantities":[3,1,2,1,3,2,3,1,1,2],"target_values":[13,17,20,10,32,55,31,33,47,55],"kill_prob":[[0.22738683613118427,0.03374476700583317,0.9325395632448419,0.11614195876521413,0.13432157300248249,0.1536158899799377,0.9716509935134072,0.6153070353665961,0.6080841526697736,0.976964237488159],[0.09666999388916167,0.9650108746914433,0.2099328836229601,0.6206100734907948,0.42168189399673583,0.38627277720763464,0.9226184619098733,0.1562431738714513,0.9871276308547187,0.3815425598697176],[0.6457994058107833,0.958548596853693,0.06644902937139528,0.9144070756666868,0.5664551576472564,0.7003089413979032,0.1562005002086214,0.5327196822144116,0.6700434404307388,0.45712236123992817],[0.1618854745439356,0.2492366935838651,0.8473049351736286,0.043781572976107526,0.7046848368719961,0.9894022357842363,0.017333336184631284,0.16782476916354114,0.6706614148752718,0.0687910178936413],[0.5879941841787417,0.680320101489835,0.5863834211517888,0.36788100896064585,0.6933366500669061,0.5924085394535441,0.21348442865204134,0.5618728327134076,0.874269072796149,0.663496619976641],[0.47235567724597016,0.32515242081206214,0.09416848524882139,0.24973459010384813,0.02096301802513935,0.9768933991744652,0.22803260708616516,0.8085784238316652,0.17527198416887904,0.2879291266134624],[0.41991177284379944,0.327917550858773,0.7923837965046638,0.9485395398551146,0.8677885939778315,0.1605063096088014,0.7711549028223045,0.15498797503861722,0.9051134844308594,0.5175210041552069],[0.33965346629557264,0.16388498738750895,0.02157290641542452,0.25298805182766704,0.9057396620156857,0.7913169484267829,0.9603978335957051,0.10874629069894558,0.590335168635556,0.2620074645501611],[0.5420828716569592,0.324045787852186,0.28779623923849035,0.5723683959841055,0.1896517986321495,0.46975076823267453,0.647796019743154,0.13561843171914797,0.921982385459366,0.5056102054650423],[0.8131374124466554,0.650827322008642,0.7058009223980947,0.7118083221729813,0.8675978991202432,0.6113333263459856,0.2826528086869618,0.10751945000814801,0.6041256070611386,0.07502574769516943]]}