{"n_weapon_types":10,"n_weapons":25,"n_targets":10,"weapon_quantities":[3,3,3,1,3,2,3,3,2,2],"target_values":[35,22,48,59,47,20,31,68,3,22],"kill_prob":[[0.10717383118683804,0.21284545644802297,0.424279353586621,0.1826155331896183,0.14199818442488038,0.853076248494562,0.3239892595253617,0.36354351278788855,0.06416500131120308,0.36022223103201306],[0.26951103377514807,0.6082753659949528,0.21128249171895855,0.8805981440015838,0.921073288501164,0.10783443603325438,0.11525489716280567,0.1230199093487682,0.6171778711841057,0.12952958492543043],[0.845334671571661,0.7491860846391346,0.8134126810732636,0.5255393163483004,0.9867436672887704,0.05329160088527805,0.4032396649023911,0.3274579355588835,0.9396725887383882,0.575323739327641],[0.8000671461358307,0.1769343697853485,0.9690614610224301,0.4986667559387889,0.4937986347452329,0.961467033974823,0.38311771399280214,0.3995745240638931,0.5830576487488379,0.1354915583368312],[0.3246639138836178,0.19934415599622793,0.1112178095249086,0.8588217142043997,0.5875445428049265,0.361499335697353,0.41049598981937857,0.4328886236136075,0.6304861985018152,0.9182340036592134],[0.9241240272638429,0.3936621399400501,0.33267721040581416,0.45202557018154993,0.5665755458199228,0.4625815532207533,0.6555783416203669,0.5533110429121684,0.3243012357601946,0.3488161896473799],[0.3810209318085363,0.1027469728844009,0.17274137976569368,0.7186515261024784,0.39131477729163844,0.22024819310894078,0.5614189623633601,0.7504287516239587,0.262273915098464,0.8202540842852696],[0.9189547624325486,0.5954466384923639,0.665568705811748,0.06152447051659427,0.9366094932014684,0.3946350395796449,0.9154223925345213,0.5773979742552378,0.014526422866461056,0.047771159336967],[0.6768104295565235,0.5614146535552944,0.03600178846195286,0.7385907619979376,0.8451024303277981,0.4964891327905221,0.46644229155010986,0.015363646657934934,0.7809167182437273,0.3341017454111833],[0.8711883473868888,0.375599375806892,0.5637763524180914,0.274934952435341,0.1673765463332203,0.7694097453137014,0.496658669269356,0.5357581652772058,0.9561076344121008,0.9543083139777105]]}