{"n_weapon_types":10,"n_weapons":20,"n_targets":10,"weapon_quantities":[3,3,1,2,2,2,2,1,3,1],"target_values":[56,55,25,50,11,65,76,96,33,29],"kill_prob":[[0.6889161378698966,0.034539398945079944,0.26714070327895206,0.46444533343666095,0.04037489271151177,0.6153160713425662,0.674744396233674,0.7417970805412858,0.516243014746152,0.6018657716790541],[0.3981439462529175,0.05042797185643129,0.10795281865902277,0.6518960057174349,0.9856441935940607,0.025487174380030255,0.556431826889855,0.7459885778249067,0.8202393314536011,0.5443008031981873],[0.617517660580423,0.6927904463690624,0.851786924699562,0.1298437464587623,0.9176585523493661,0.03549705548053861,0.8294757559386198,0.08520561802850331,0.20073564737282384,0.013816263453509961],[0.4463515714253199,0.3376720421830444,0.1726730532572868,0.45206835758782815,0.40432346550874015,0.7623078120447667,0.8852676999486317,0.6495159067317402,0.1319221809519934,0.2994829788156536],[0.9050519308956342,0.09695980314773137,0.40871872260300995,0.9336545268488117,0.941651544640096,0.41297911350791455,0.6640489503368214,0.457610686386919,0.7483913286476149,0.04094970407913854],[0.15127400594293128,0.6119148274727273,0.23790121719420232,0.6627312532837656,0.3541984689120724,0.8789126469652649,0.8128741978487867,0.49298104406740656,0.7674371853529606,0.2757151285103886],[0.4943745812756254,0.20353241082601262,0.8536684451505739,0.8166062642370465,0.8941066750408212,0.8699274415997742,0.9504043368183048,0.23376950699928745,0.9231878049794091,0.5697889275249577],[0.4240451822397891,0.5591664180485155,0.34575030951727226,0.2927819468217331,0.2464880512179782,0.09077942966798427,0.49663359920424366,0.8800064421996097,0.627548929888897,0.5205561201006581],[0.43002105988589817,0.4651135937908481,0.21509180062051192,0.8164771596492353,0.2044153040158975,0.7122903015927667,0.7547853112662295,0.5733716611871795,0.8556678474557319,0.29522934540163703],[0.873984876818006,0.7248222504073181,0.7927748312065255,0.6612881153367679,0.83941615665017,0.9832368854632832,0.42175959743414587,0.8076373700353789,0.7396881643276729,0.4538127623977776]]}