{"n_weapon_types":10,"n_weapons":22,"n_targets":10,"weapon_quantities":[2,2,3,3,2,2,3,2,1,2],"target_values":[55,31,10,62,54,76,61,13,13,79],"kill_prob":[[0.9297412297818445,0.7238074664314809,0.44239829351094695,0.8691445759766688,0.5269084774711078,0.739875509260419,0.814095824981432,0.7443658044650259,0.2920977785271909,0.12548702288771446],[0.24357175877481893,0.5028174382407461,0.5051713838472339,0.5809914623282468,0.39719980079693307,0.7811535538210271,0.9048906753402637,0.25179055240988185,0.7317927533478502,0.6744124154941438],[0.5226286892937286,0.19475962919667703,0.7893276134110553,0.951413759916256,0.7173996055889411,0.9095027966932193,0.9745015596490397,0.35500966075445345,0.6354590818678102,0.47445408288531643],[0.9768961719259655,0.10193166752757041,0.4141274160112801,0.8680282636366915,0.28837028431598516,0.7820369936260952,0.3851274995246506,0.9703789690923551,0.8758592396952334,0.30529395050936303],[0.7647892512670981,0.3401194129566033,0.6042355834112244,0.6553111530254261,0.8230035009039909,0.033961824064374584,0.22575473332925367,0.7076794543768071,0.5622527722301466,0.4956929766371202],[0.06410575757382085,0.3513103657922271,0.8577982272724354,0.04027498029531154,0.39850751065751583,0.9362453219173572,0.059863119854114334,0.744711636023744,0.2624603638583957,0.859276655510599],[0.7411466193801778,0.8779910674411956,0.2216062946226407,0.5306668997222328,0.7736845447033047,0.25078574813508137,0.23613137916187263,0.036638490827633326,0.9493449880959433,0.7058165424535309],[0.6328491469299812,0.7391148282410911,0.5309806603215306,0.47661114466860216,0.45054159630105045,0.6376304278615684,0.20750427588453552,0.8802975211145723,0.8055173237948798,0.3525723392229932],[0.5770371108762739,0.14820675395101432,0.9628993229749261,0.8948348338776778,0.9134595563692164,0.3355197867493826,0.17575201323519862,0.21753672019698414,0.09820136322418806,0.12770841749935666],[0.07987844350114848,0.980026607820776,0.08257652970169212,0.13989123933238534,0.8207095036789217,0.5786354124080842,0.7689288604779457,0.6282937676172019,0.874531568922369,0.6356981772094458]]}