{"n_weapon_types":10,"n_weapons":16,"n_targets":10,"weapon_quantities":[2,3,1,1,1,1,1,2,2,2],"target_values":[33,36,69,46,74,42,31,20,56,90],"kill_prob":[[0.2582414486915309,0.7011669612880985,0.07581256418027342,0.04797630489786088,0.6506558631253823,0.34223554042179516,0.6523502048656012,0.10214077812545375,0.9408543523175461,0.7435441775552335],[0.8687418883652832,0.1437411429636207,0.323757749515012,0.3709772809222172,0.5364291953602822,0.300931115797266,0.06941812734561702,0.37150081312272126,0.2594583283347365,0.38820286563395057],[0.20302035176762573,0.2666584470734408,0.6244132936236234,0.3903907578865038,0.3484757253061022,0.5332275200679254,0.7664233300270472,0.38129059722099806,0.5857691027047237,0.9568785728608127],[0.5215405118356896,0.9016016249871935,0.7877991717712984,0.06754430801714671,0.4305168940398717,0.6943520397112164,0.9769776741992359,0.4592087653382823,0.10092974504420464,0.5607689912186105],[0.13403251628148108,0.7464891690738055,0.5075234575125422,0.7189627410097408,0.8619745903409533,0.6263690568195216,0.6101905426681179,0.7494788895308386,0.835605901423614,0.8616727105514627],[0.04570159176922564,0.5550664908618336,0.22194392360160042,0.8531389729661477,0.645429731499294,0.42181802945178937,0.1943421435589243,0.34224315340142997,0.69970214064942,0.210272354307406],[0.10171128643160529,0.880268183063,0.7589261425885144,0.20579903204496994,0.29646531256139186,0.962628773588268,0.704020797023935,0.6083115641295482,0.31147591571564776,0.3031426412831918],[0.048733146316425856,0.7239122295638928,0.05231172055574684,0.014760191021733454,0.7249051861037595,0.9398962820061428,0.7513729867727642,0.4722073868118911,0.48632434456965556,0.43741369419612325],[0.328150793768127,0.5212799299021234,0.43252793799829276,0.5962045224399593,0.8901576788910726,0.9851092289773341,0.08716842408525877,0.38698980320811455,0.18709207185147328,0.355078064447023],[0.29172355817745454,0.18104638899425254,0.7587945323528646,0.4963629679726511,0.9108606705728812,0.0419405943820742,0.07563845286935011,0.4052081112717372,0.08867177399595637,0.2674750044865368]]}