{"n_weapon_types":10,"n_weapons":21,"n_targets":10,"weapon_quantities":[2,3,1,3,2,2,2,2,1,3],"target_values":[51,81,87,62,66,87,63,95,13,35],"kill_prob":[[0.09876747736473056,0.23141037875844683,0.4390847343623205,0.9367797787879838,0.38074362592594696,0.7653577493920626,0.5396671583273399,0.189152595022357,0.32431943657438256,0.6501280473223623],[0.6693963267911957,0.43606455187286525,0.23407269060887237,0.7174686439224228,0.1754955807804605,0.9279362980278241,0.19414550745574716,0.11516611557587002,0.49769474831807126,0.5191586061475002],[0.5080290564826798,0.4379341395520627,0.9849185949730161,0.48655500041717026,0.47838764912503434,0.42333074146027005,0.07548923960743364,0.5910974985266237,0.2334084167787188,0.6348568006244689],[0.05981679270950761,0.9717593592279417,0.46962497743241877,0.8888202641588844,0.4760499497682761,0.0691242022027373,0.8157692751719308,0.6452200550737917,0.7761219066224663,0.42960646623869586],[0.635178009361712,0.8491044237206753,0.6284441340144498,0.3507201621391852,0.6592790024788758,0.668417104841786,0.9513752232564925,0.3734940751108358,0.42658013216384855,0.805880501963318],[0.5056470684478864,0.7318416312534184,0.46051527516452023,0.22118523897644646,0.7402997659253906,0.13853206580101574,0.20461199026068191,0.6242884831285245,0.7423244041882284,0.8867941291304586],[0.2771347674675739,0.11850977342854326,0.9469257263321765,0.1613346262616996,0.20371364260954675,0.2955028644872964,0.5288035269457617,0.8751690547133965,0.7553351022752696,0.7039944027657824],[0.1816769564988836,0.36052897889545477,0.4788368275649444,0.15447743441587414,0.27796110808413904,0.31216653987378734,0.13473067436245847,0.5492348980700924,0.700927632593709,0.07853299884732398],[0.48150063972788676,0.7765669713624391,0.7430303263733979,0.808771634294379,0.4492758205071949,0.8141459409870635,0.2459380097899841,0.363594350189165,0.1828284648894453,0.4681348486400004],[0.39421882196713437,0.24610857408602596,0.7467450950461659,0.31756983666941363,0.277348243542919,0.13827252423348516,0.4400452677659097,0.306905336260556,0.3718873845141492,0.2412773173681416]]}