{"n_weapon_types":10,"n_weapons":18,"n_targets":10,"weapon_quantities":[1,3,2,1,3,2,3,1,1,1],"target_values":[73,57,18,56,91,99,45,25,75,8],"kill_prob":[[0.5607021051291542,0.33220988585390127,0.32589199735188334,0.016943647086549083,0.5943146213569743,0.2687530282301018,0.1941013772288274,0.04962329276514364,0.3670743449460991,0.8713894949387282],[0.3399373914454249,0.6754927259172018,0.7514160241338691,0.3315387930063956,0.8152079203118004,0.6880420664736101,0.5580573841269325,0.010972614769616338,0.04438895060435197,0.9810485272239421],[0.7766382450334881,0.9288139535974881,0.894257140819667,0.03003412347989582,0.7860103439952524,0.4521228291309315,0.7837670399206426,0.016581468480117437,0.29243531517655297,0.7462973002754761],[0.787160372829558,0.6173203091903314,0.3052310656573385,0.31415533946210566,0.957428684369192,0.44042793564952043,0.4481830392389603,0.5512860952358855,0.41131229012710097,0.5516181333054659],[0.43368871431220674,0.8201806212101429,0.9008699994023183,0.9234680546190545,0.5630102817127989,0.44330558631520545,0.7011352576160012,0.8315571194699884,0.5617225972250496,0.6959814013858161],[0.744734763706823,0.672865901182941,0.7412108846147233,0.21447242590487842,0.49840705608136154,0.5865031835129855,0.012428372239882619,0.8488432586374083,0.6078240182760138,0.13655360506423922],[0.8100299311243105,0.7127158271117338,0.7531335525943643,0.39420161262461906,0.8471184565610922,0.415747030489715,0.5690989698866795,0.01062945762587625,0.641975652384305,0.7138122762853779],[0.5657671781790165,0.49662764070274373,0.8037377442374741,0.677745262821937,0.28251255892562255,0.9498918713183861,0.7031218503114339,0.9781801503341762,0.961836089943491,0.9105315283538881],[0.7502641104008014,0.6072407811270281,0.17872725040926574,0.5424843890752825,0.7600689919464407,0.5204400155314565,0.8608743458375446,0.1174627812078643,0.3833215410876614,0.5058451302217841],[0.43367878995172593,0.116414816865122,0.16045772816373793,0.8308649469983774,0.484696574017422,0.05774797821767309,0.026161433798096913,0.47400589395444004,0.17109115140595482,0.7010234270792374]]}