{"n_weapon_types":10,"n_weapons":20,"n_targets":10,"weapon_quantities":[1,3,1,2,1,2,2,2,3,3],"target_values":[84,59,16,38,32,83,31,14,74,43],"kill_prob":[[0.6859666114752053,0.8608717114772417,0.3721801742296225,0.5663906871118777,0.07775714610711627,0.17691270634959236,0.07775539921679218,0.7233232741585515,0.2922987693476979,0.719270384388001],[0.07507031346240906,0.855296844400159,0.8288195941488699,0.09715016818927698,0.03328137632804279,0.06516303672235135,0.8465575696837992,0.24000941927085784,0.5473078515010249,0.4277193191164556],[0.78961501570403,0.48912033544125716,0.5006476238480443,0.9793101007099043,0.15712696561427197,0.8240898599710128,0.060714750691807096,0.4780957941815113,0.878608127454363,0.6619096862920388],[0.6815103269788103,0.2680509366113558,0.4202032955342252,0.3692494422290695,0.5210143459548343,0.4629833715407948,0.3303603848394496,0.3093710001237467,0.2558358338220197,0.36774630194706326],[0.15694264837537944,0.8646622159635023,0.6000770039967588,0.14111069708197835,0.6899821475248213,0.8407131386380137,0.2427849586112137,0.15758858245051865,0.018444911991077013,0.056305332079355404],[0.7570063213374414,0.9774426054008599,0.053982716026751074,0.7431095398982948,0.08042492252414085,0.5902901684055935,0.7509537767796731,0.36202030932238294,0.020716026688450462,0.5932855650829174],[0.9814197355772272,0.26246507438172584,0.1957014516434715,0.13144737489844466,0.554150507502055,0.5945161973730678,0.7864254204269943,0.7480118081480995,0.8846906648991854,0.7996572443754554],[0.25232174141785557,0.5547598567782459,0.3014637199117084,0.3331896719604724,0.9233054818453964,0.678257986965732,0.9650986049860837,0.41857428598436963,0.536688821886897,0.48737311151809326],[0.11514131637325237,0.2419679546360713,0.5270836333923925,0.07602681903034611,0.9228326907227115,0.1313668083045034,0.20402113148856896,0.7600147994598638,0.10499585095352743,0.8922725376231012],[0.7211869513080849,0.07724843996668172,0.6880101200599398,0.6289959713278914,0.7522024440851203,0.8216338954395491,0.713983551909692,0.5844527693655525,0.3260140522101421,0.6933281885933306]]}