{"n_weapon_types":10,"n_weapons":15,"n_targets":10,"weapon_quantities":[2,2,2,1,1,1,1,3,1,1],"target_values":[77,30,95,22,92,31,55,21,77,32],"kill_prob":[[0.09127749841080957,0.1653594285370692,0.4187118257282249,0.8718775184780788,0.06614493178784013,0.21842121262483002,0.9001787620307643,0.8822143806767232,0.6758618166300224,0.2456640830133332],[0.42141434983467,0.21699657454920576,0.1360167389426992,0.3823984266236137,0.5743051729689432,0.36273402195550913,0.6086080594566503,0.30032964067171936,0.3489335172055745,0.7848601198117174],[0.8707484362759809,0.325593399900431,0.5700854853183707,0.28259903821442267,0.062267948873278973,0.7331000377331999,0.17758341357142735,0.4271982732719788,0.4873045835115737,0.1907821524955238],[0.10266424365012833,0.3510527543776492,0.943240189399312,0.6128328781886531,0.38378202383484444,0.04813260435873063,0.5982678157632602,0.10041248811666513,0.5416931896265758,0.7469114981063081],[0.4251136413288906,0.30342326492019395,0.05643654914124663,0.03428231765836486,0.4314260382526108,0.8756783652889085,0.2491815232173266,0.5725743956661848,0.6806197032861665,0.0696132701513342],[0.16003836828730955,0.3346512575511757,0.6666913106655991,0.44025440998353493,0.7295111668538804,0.8602459082617286,0.753204831066572,0.9824022631669841,0.7492738473570166,0.8451356111073015],[0.8257190312957009,0.7256604470344457,0.7957657803227728,0.925989563310062,0.4757032309557667,0.6355212834342927,0.5146409271413173,0.8440162474482316,0.43273241081407715,0.8133322357218382],[0.7933674835559961,0.9526483793412187,0.2539422852722704,0.705427119688194,0.7517811076945365,0.9275529229485724,0.8987643696944204,0.5720553444742793,0.5775701221467002,0.1739454038361448],[0.9654634483752957,0.2599171134493583,0.7202414940822662,0.7898791047092063,0.44239119451915343,0.21696984562847685,0.19518117653529302,0.8493660808835599,0.5105413570135445,0.09833424239750135],[0.7126790833076309,0.255167631748929,0.8688668557358616,0.3133803503093758,0.20626541348834027,0.09316127468383563,0.5113005139048945,0.4517228360619216,0.74628590171108,0.46531053544917567]]}