{"n_weapon_types":10,"n_weapons":21,"n_targets":10,"weapon_quantities":[3,1,3,1,2,3,2,3,2,1],"target_values":[12,52,83,54,79,18,45,62,35,2],"kill_prob":[[0.9191150344051371,0.2692827922648364,0.048769004222387974,0.1160844526453599,0.24544396931404888,0.27842804523392434,0.0421537995077741,0.28376771594985456,0.19908290176361249,0.3810485088858282],[0.3874643826088498,0.3422275857908215,0.33136540586008995,0.09793665218642619,0.03470084818363892,0.20807201415333726,0.751516438868283,0.9809935702400997,0.9199556515561824,0.5041349684270132],[0.5311873786623755,0.3182899376551257,0.7684606498649031,0.7594615541739956,0.8373869104307957,0.8875944856529466,0.43566226326078983,0.7615380567450536,0.800270754219961,0.31229043004779516],[0.920657399126027,0.10245467258686235,0.9843837955800172,0.764688903795692,0.10140548721784069,0.6531050551429006,0.04349582270969495,0.7647832104552992,0.7932384632258742,0.6003620480296188],[0.8497231840782391,0.1059256146105625,0.280405365199997,0.4158939711608171,0.051608793771536314,0.44925176581974285,0.26990918699031463,0.39488031185971795,0.4266005793524603,0.8718234988179314],[0.2749341511170863,0.8858682661419466,0.42745154551659226,0.33125156628010627,0.5024618083484431,0.41938842063558285,0.26222486679404317,0.5026257383001456,0.15876569841725466,0.3548913441625068],[0.5644744149866088,0.4151400795020614,0.8174341138297805,0.2615873263044629,0.9603761472543898,0.7790275804343243,0.9582411654775228,0.8313738237336981,0.14926184733460982,0.5259308888223134],[0.17657895077187,0.8118628055747121,0.5824789061996299,0.26818032806976766,0.9210069925670279,0.12288233224797546,0.5625851554018877,0.716619743573391,0.06767156658578315,0.5958989125420795],[0.8095831911538323,0.0761767681296923,0.5119981116844945,0.2633860345857652,0.6596659625061824,0.126303819737268,0.9283104020570967,0.8868340100804372,0.192254931478195,0.32680056667780255],[0.5858822751599821,0.7137010899015654,0.44380289485705304,0.16316549552175558,0.11206846392681415,0.989770030176057,0.4562450790146175,0.8650811141655282,0.48272848453653217,0.9139104857750832]]}