{"n_weapon_types":10,"n_weapons":15,"n_targets":10,"weapon_quantities":[3,2,1,1,1,1,1,1,3,1],"target_values":[94,96,23,20,6,96,71,77,30,65],"kill_prob":[[0.6724985808875907,0.3348448371859415,0.6434984972971165,0.19295827591564,0.9289513238852599,0.3057574731613817,0.2600827820476713,0.7069395422302743,0.6533197437048582,0.45227293997643914],[0.6297973099969706,0.16630321032563902,0.669861741253916,0.27519848129129,0.27737925714292816,0.1689363362449089,0.3357295923354413,0.3346260391051016,0.4550954314682239,0.19661111457302252],[0.199147385435591,0.5409038002299638,0.13629985657706564,0.6851190678290584,0.9350681833453446,0.4282597092310907,0.8930832068876632,0.10635025930334714,0.05209847482813168,0.7169414999635632],[0.7558011415218666,0.8361970761464363,0.06568132483198179,0.7713689138576938,0.37900795814065014,0.3072708800285546,0.17956344291643098,0.9860954400004764,0.07239031753248634,0.8204678543158395],[0.636704546780717,0.7303788353766298,0.7074827775233605,0.8512657953717189,0.19011622845898613,0.01080812449799167,0.5965579192624009,0.35678146653686726,0.13131158449479494,0.1924159790221541],[0.33511432621003845,0.07882870346896916,0.06577493808588183,0.9077057297357952,0.3158606943666223,0.9725860835241132,0.9550796681637919,0.14971985668057153,0.7106258168382671,0.5987887913445278],[0.6868341316430505,0.10426718001418528,0.19478887706186687,0.08510588822186387,0.6020515211127297,0.9768592543321093,0.6685448469047826,0.706546304321491,0.9748933407124154,0.6744513230883602],[0.04937794117590093,0.8596654888394657,0.36738472457122034,0.014276349084421058,0.5070894940096041,0.9282747008587384,0.2621840734510835,0.4916829095917831,0.18030135002674294,0.0665388182331113],[0.08893404777885092,0.7224706878421283,0.8567929813273061,0.15043286246744128,0.29255219645425934,0.20112887829193077,0.036318661387899374,0.5523627424892439,0.6959237267348947,0.644919931267369],[0.3902924763562027,0.5539100410211072,0.10221732050350017,0.16121764434823077,0.9231587271619237,0.7562775928634989,0.9142843139086639,0.9083466788093799,0.6464047647655858,0.9196738751499218]]}