{"n_weapon_types":10,"n_weapons":19,"n_targets":10,"weapon_quantities":[3,3,1,2,1,2,1,1,2,3],"target_values":[35,89,74,55,55,89,45,23,14,34],"kill_prob":[[0.4715330956876807,0.480478473690652,0.9876950078400264,0.12215641259170748,0.8449257348895589,0.8564083986334328,0.5521346589070316,0.3471564248939707,0.5188415822025303,0.2966183507104325],[0.7931252994711407,0.49831357553612354,0.9173253352999016,0.6202375174689229,0.5140329464523897,0.7068479668980993,0.5038543051416295,0.8964162234110582,0.19075704166910445,0.9638817100709876],[0.8059467408141682,0.8535186946275722,0.48324967572364974,0.8304575183508455,0.31063860190566106,0.7567092149928917,0.1476411552212422,0.31091087764325853,0.4468180100925382,0.32587332378055345],[0.38927677331169996,0.813702649888024,0.2615423742993242,0.7403755487114808,0.0822378277294188,0.7604243253647596,0.7861827779731775,0.4036647999924324,0.718028266704121,0.9068356356701971],[0.7946987140834363,0.3926375801890207,0.4845292439944631,0.7737703938900893,0.2967426980521411,0.797805085502696,0.3315097197097223,0.7998707707378273,0.09506443448370887,0.053509350972378335],[0.9877219384224258,0.8620679807699952,0.8751905533968798,0.9422543486544851,0.4395499832261981,0.29109884358654914,0.13742449511754493,0.5011849508676952,0.22564735406707567,0.9268398396045333],[0.013923099193923514,0.15033280298825916,0.25154633602175824,0.20497757736133115,0.23126286784811612,0.6529266529599549,0.33096183674688623,0.6127238942653058,0.8824527749733654,0.600505630215188],[0.6906421354606538,0.3681932322569302,0.16654369827025498,0.324172381200908,0.9549969957300259,0.6193751567640744,0.2819608970453349,0.45189696181886174,0.8288027766823745,0.6650746992916581],[0.5594397839145848,0.8774596191011642,0.6689907807724544,0.6398751361752735,0.19597277446655278,0.11426090935215961,0.9558392747162511,0.5968812026983457,0.4173697409635005,0.5872404044920132],[0.07057572185028108,0.8156847284260247,0.22231262485304926,0.7984550861915881,0.5336908743983384,0.2810405733837647,0.039605749277229055,0.8095166882200736,0.18293093863992055,0.060769013327075974]]}