{"n_weapon_types":10,"n_weapons":21,"n_targets":10,"weapon_quantities":[2,2,1,3,2,1,2,3,3,2],"target_values":[6,47,46,26,13,5,1,49,9,96],"kill_prob":[[0.6494688167376099,0.49559642549604604,0.11847823254902379,0.25738756473859553,0.2988784705830519,0.7595074815550896,0.869176581319327,0.8936090164951097,0.974877236085739,0.9727193494424418],[0.9439391501126217,0.08038569769282669,0.1450376652092491,0.30837719594651225,0.5518402889831723,0.1050383309313697,0.8388810186460997,0.6144210554957629,0.5415171142561609,0.17200509689994534],[0.2581903649121934,0.1671057844826129,0.8448944946389026,0.5825433028599938,0.7304268389692408,0.3001122056518252,0.37382758434651164,0.4067578651380031,0.7548146723091542,0.7669059279210767],[0.2126772569637511,0.932708079603337,0.12824223069481266,0.8881996407751577,0.1083877327368131,0.26924901492828485,0.8395489653465978,0.1859022308991657,0.41529657268377046,0.45086211394524367],[0.25035379356274545,0.7060402973092669,0.8443079564141598,0.8670836370584604,0.3425357028218297,0.5302333864020582,0.25343827578833844,0.24990057151914252,0.16802898159488563,0.9312186305913644],[0.8802290520334684,0.7718115390611384,0.5173082908619744,0.49079575720163443,0.529150752858848,0.5358366533055475,0.43587182300373656,0.13911973623422613,0.13315057581116527,0.9432047215287697],[0.4823901443946235,0.9441414144070852,0.1703053401559078,0.5533282209991349,0.21356290828450844,0.2581209140040695,0.03945348718595521,0.12657424452540708,0.9085114394766118,0.3251023316526851],[0.6059666276762997,0.4657138493494875,0.40244222034037275,0.5312483695191468,0.19349416572303468,0.9788318205491849,0.8119417113297857,0.736782340076885,0.4693841110736734,0.15981957968380925],[0.9122525411080965,0.34455932603409306,0.0591045559029951,0.3455556032744161,0.7885678898859666,0.620254570088444,0.7458218130499624,0.7877626761851299,0.21771551885893173,0.9153076497713166],[0.43922981086196516,0.6362333762788813,0.012262597135007164,0.9835011284429545,0.285278458244872,0.07082184440935213,0.4590968007057837,0.13644945603840092,0.1592801759544242,0.629637156769606]]}