{"n_weapon_types":10,"n_weapons":21,"n_targets":10,"weapon_quantities":[3,3,1,1,2,2,1,3,3,2],"target_values":[6,23,11,76,99,56,18,3,98,32],"kill_prob":[[0.18346138289891423,0.6527554037631838,0.2795304198176478,0.07364784362574475,0.06383628941371587,0.5800927519995406,0.03128898659000783,0.841816270873367,0.16228917687213013,0.6044350084915212],[0.4457942674505308,0.4439944908072645,0.08036119951284494,0.7966972052079713,0.8851914350581875,0.020796334036543893,0.18503209218317537,0.8958261050195693,0.548503740544057,0.15703878668324592],[0.20873464355697569,0.6567865193523719,0.7203204858019356,0.5974382724083366,0.9440854123142752,0.4941823315885415,0.30426647389967615,0.47768825177628055,0.36247296779327876,0.22992757482119258],[0.055043984353337266,0.3551682436938217,0.7071811607555475,0.02806904681768993,0.440394942941816,0.641129213420871,0.6081960269908211,0.7711154671709416,0.8043093213466016,0.707471704501],[0.11074174222185443,0.47552199512427346,0.6013378383378565,0.25065471803326256,0.05170078129384098,0.229118514458526,0.45579651369798607,0.41565171267350887,0.1831336417006184,0.817927231829823],[0.9171729353619901,0.2073213526716609,0.9209814572558772,0.027503739991677205,0.9164632232528065,0.9428902142792898,0.021810825755606698,0.757758910841213,0.9607975411184465,0.8977841744414228],[0.9612959579722887,0.5493170355836865,0.08659301708768051,0.8427934138489355,0.6115516906928313,0.6124420093045233,0.4189085376615125,0.570405136990687,0.16050818350439225,0.7349746260348273],[0.08351696120451148,0.7251851517029162,0.841998854172357,0.4730193040131984,0.5096337587359083,0.3159699874636367,0.9600694120510758,0.7284619850683545,0.3716087822343381,0.18131123850834496],[0.2251880003580495,0.46464384038784906,0.9337170323080511,0.7294634188456998,0.22093887321556682,0.85236991075052,0.3806365125494875,0.8446877390974683,0.24686560602150834,0.6162873996975913],[0.9181370783196563,0.2627361289648383,0.6890680587741378,0.977566367558001,0.15758632149814344,0.0966342448866609,0.6707112885959199,0.34294122879404976,0.0798195878192593,0.4757995055259321]]}