{"n_weapon_types":10,"n_weapons":22,"n_targets":10,"weapon_quantities":[1,3,2,3,3,3,2,2,2,1],"target_values":[32,85,4,45,81,96,26,66,19,12],"kill_prob":[[0.8773911284622647,0.4894798870141818,0.14880618861344688,0.1596363311645923,0.6837832564076743,0.05642505659489999,0.290861889615537,0.14699183866047075,0.44225588102493857,0.4160666965544741],[0.5214389059950788,0.2840436025204796,0.041402717590613654,0.612098384404482,0.37624364282470435,0.6483082987652454,0.11649363138818308,0.023501808188169326,0.25332836292758687,0.45741637653417117],[0.39619053468509796,0.804096504167997,0.3802808913089675,0.5298323560110173,0.5916452805933483,0.031394763812895375,0.5148307093092652,0.34793463421086107,0.42285452512958954,0.10828165052534525],[0.7771641543356723,0.9335561657923521,0.03182344421700801,0.5993453075551209,0.7585671859425909,0.2891114368768916,0.7818044731659524,0.6297079497509752,0.9205793796256486,0.9713847151266973],[0.05149919171873071,0.4460390058064661,0.5460480318266538,0.15380836854349944,0.33956011381881446,0.9778944988013325,0.025905847215622016,0.4534577728938964,0.8358015292838322,0.32742323746490265],[0.48020253270005026,0.9684848308722204,0.4753792997461898,0.13830288590356907,0.060687061833063244,0.9365082409911495,0.27049322500956435,0.5039826284332599,0.09888773076816923,0.42518201813959294],[0.9215034088651216,0.5023647337583196,0.9617124487662814,0.26365892449265166,0.5044543349098584,0.8523401759731387,0.44928730746266893,0.2838976260987858,0.848365856149524,0.39209167949515683],[0.5301088252390294,0.9669965250868428,0.19275362886074662,0.30537262398578197,0.040448208068443146,0.3940009557118517,0.20617976197316237,0.6764342366997336,0.18769502959053533,0.6713164973577523],[0.2682059196255313,0.3581134774387758,0.35188343900546953,0.7124167151603372,0.4671790778755762,0.3640729208756294,0.8455702646586608,0.5705116131283786,0.21955420485243785,0.892089452580809],[0.3457972901129678,0.04819978998657399,0.49470821949496385,0.13145929335206025,0.2436971148414277,0.7421686552336628,0.1381367771087922,0.800805339866955,0.9281691423683346,0.6044014583997858]]}