{"n_weapon_types":10,"n_weapons":17,"n_targets":10,"weapon_quantities":[2,1,1,3,3,1,1,1,3,1],"target_values":[63,36,18,71,98,80,98,60,68,15],"kill_prob":[[0.7429435701052117,0.357705880754847,0.02273348169836032,0.2849768481220944,0.33398854305815834,0.27876062451374084,0.8056327501238338,0.7547278696422085,0.6916409898043886,0.14622497694202],[0.8016772315121563,0.6736324424300573,0.20094093275176406,0.645132051675886,0.48384140818360744,0.44056306061910055,0.11988070020294103,0.517938190328262,0.10793317279291637,0.17096831950918132],[0.13989538798926746,0.9450261134886074,0.2891673966350123,0.35810023712408756,0.3256389941701154,0.8902854362745809,0.5617065931081907,0.9107767009546455,0.30392640771133766,0.12253798094330996],[0.555094083669691,0.34862625195421715,0.7958686968209333,0.8718349407334254,0.4731220406889303,0.9619318436037981,0.5519527462175178,0.27550198551858623,0.489196005037389,0.04656408655486905],[0.7979211370578062,0.10940634983733252,0.31257351873294487,0.5640102160648445,0.0521156231339609,0.08773056119781927,0.6921940304607526,0.08034155119955336,0.47754120892242896,0.34192172075233535],[0.23351781979728814,0.1950033199063921,0.7581430678579278,0.9425113492872769,0.1473761473592651,0.9504875947906444,0.5928672534056016,0.6388271972559919,0.7057278505797302,0.7000365125474893],[0.8134148860219745,0.4837992783207435,0.532691415764407,0.32735046241414756,0.1131524419074547,0.6613473871076947,0.0429377698025259,0.28012235006170094,0.10234526715717825,0.1969126141762637],[0.6359562946394332,0.6259070976008199,0.4226338147357978,0.09836853695970132,0.4347064381302202,0.35568997442112754,0.7160499697988307,0.5774460760350707,0.491734451990259,0.48724244065889527],[0.9569709495152104,0.7511683372693815,0.49703996925092525,0.4796381606311981,0.03594951927886418,0.9336590780534105,0.32279049233198304,0.2608203002431289,0.9894207468799179,0.714315878074434],[0.05641649783330222,0.07064776748506492,0.03499153268099391,0.5976265215226116,0.08013321006071276,0.924720589708032,0.9281684092222243,0.5451329854131182,0.6143061527680318,0.2960565134947448]]}