{"n_weapon_types":10,"n_weapons":20,"n_targets":10,"weapon_quantities":[2,1,3,1,2,1,3,2,3,2],"target_values":[15,38,85,21,17,12,82,12,59,100],"kill_prob":[[0.41406451232009,0.01189111371587267,0.943870214813494,0.0295803257452164,0.420214403043443,0.7131280342512428,0.9063072594843264,0.708628565603459,0.46435323980201154,0.9649531982044214],[0.04853299537260502,0.9771543584872479,0.8424037206742702,0.9203514167838319,0.2596769756155859,0.14960891083858438,0.6600489737852461,0.5155422492263976,0.5227046015294918,0.9161267949135533],[0.6176792885201969,0.3148425584024981,0.4020652252895185,0.14082591839001424,0.19846775947017553,0.15048306880534773,0.8040855143871274,0.7007759986126765,0.5297381172586348,0.37688047695501936],[0.6651244045178635,0.8066472407418457,0.8736085513582748,0.5460759036422069,0.8134874193833068,0.5110798343444412,0.47503948740413304,0.8581232185096582,0.3886464575393707,0.3979944254598882],[0.3088131183792178,0.5183276937287243,0.5439530330156715,0.6572519224042478,0.4318922639073791,0.22348054604592738,0.8595052211655984,0.3490808498932541,0.9144845514433712,0.21320626636592666],[0.5588563267115059,0.5358827916588632,0.8220748909684554,0.14607435901581317,0.9017384294591121,0.5307996087286287,0.584387196236079,0.5099629674318117,0.04530440869954114,0.49714884857046615],[0.26827866942345074,0.3458344167702748,0.6461195672033971,0.4977431868846238,0.10135384841411123,0.08158044926652373,0.19194454170502293,0.1970674436407792,0.6061347418319376,0.18425817476463194],[0.8740850348092751,0.2155654474011449,0.09930881651785498,0.868231096032454,0.2994210245551983,0.4269141772370611,0.9498458563321934,0.9354818347746183,0.7106185514796195,0.0775601726979036],[0.5914733229031696,0.9792963763414126,0.9379779038555008,0.113882442669544,0.3980479570285613,0.31922601098478254,0.13713354476680745,0.6909023450237857,0.278371397073032,0.3479684870627918],[0.0985516991673896,0.4980082076030923,0.16500450637901537,0.43344861510789934,0.15047537766123548,0.9447728921511428,0.15208288253319976,0.5214494107736205,0.20304022881260775,0.08483456740315705]]}