{"n_weapon_types":10,"n_weapons":19,"n_targets":10,"weapon_quantities":[2,1,3,1,2,3,1,1,2,3],"target_values":[31,66,66,60,8,48,62,96,53,35],"kill_prob":[[0.1836907912242871,0.6745321796622317,0.8390874100817506,0.04944866514112529,0.450640034654227,0.8846379358935798,0.7446262465444101,0.9819715621676757,0.5307855353652989,0.6567958044251282],[0.30643067551516956,0.9385848876726725,0.36900877878540556,0.733740498432896,0.4050774000367003,0.5605825514617393,0.7153868843211153,0.5087554687163272,0.8989446003713183,0.42091496816925406],[0.6441303621804586,0.345515184634053,0.4099935348663928,0.44124910606888135,0.13329087794603955,0.09988920547782655,0.6641401246838228,0.6524073835761912,0.6596515199258933,0.02937111643583784],[0.33001590581834434,0.20385365031401298,0.7725883940931321,0.8534177933682076,0.25174676968162435,0.6644921756710266,0.13677554738910896,0.2796494750896791,0.14588140630875113,0.2878503512672446],[0.6712418164022923,0.9021203719815474,0.20847195976570226,0.5412374542517048,0.6973632792185637,0.9438640191158544,0.6078592732294303,0.2600047924068331,0.6229685937756575,0.32408133844445586],[0.9666058228778736,0.40168261246036413,0.6817191663457939,0.03276303069982331,0.40206021721206026,0.8676054610560614,0.6080228955445809,0.44506402866805683,0.9272187494470113,0.8469046886242845],[0.32577136034647947,0.5436574340005128,0.49002777097061345,0.6295584501125651,0.3374290416195805,0.24932090075057048,0.9044183985504254,0.9153970095085362,0.8364564280467394,0.9686403421492701],[0.7400916952640948,0.7593738839907597,0.7573382901233879,0.4809954783234604,0.4573231506239862,0.2454217506260231,0.6419228104721046,0.2935337333802879,0.26265224150830735,0.5842421466141337],[0.4117827404605423,0.22447947661873957,0.8097348964177745,0.8533585209084884,0.17434552928422534,0.017356892143999873,0.3394073691587862,0.7915606189671375,0.8323903889096379,0.14556248871372823],[0.7688491831593901,0.12339008396324086,0.39226133835339866,0.9886373247116775,0.1987390067662916,0.16088431092607391,0.42434432589585763,0.6172751554504642,0.9242427667649882,0.9712047226223736]]}