{"n_weapon_types":10,"n_weapons":21,"n_targets":10,"weapon_quantities":[3,2,3,1,1,3,3,1,3,1],"target_values":[48,11,75,77,58,84,44,19,16,22],"kill_prob":[[0.32674314370292723,0.5892560646147588,0.619360269924019,0.6830188793706284,0.8970889010891934,0.2991393376866074,0.6555838094226402,0.5585283888621383,0.30972049560431575,0.8992668828617999],[0.10357374372003314,0.7077610062954104,0.7233162387621499,0.9070199971361623,0.5182089805043265,0.325189891454861,0.82118585646282,0.7653940761957447,0.5003093021310809,0.7625002281211348],[0.2725180900357156,0.5877162037953986,0.857879785692118,0.32162481452418223,0.4838789827821283,0.9420239570894317,0.792247605132302,0.8792982399239416,0.3875421196726374,0.9865751544418676],[0.15951429259013672,0.5183951715519828,0.4796879146503244,0.7924635469841318,0.9004454170647117,0.7265165893698986,0.6242799114076968,0.42888060703153363,0.5101193987342195,0.5091143069603253],[0.029961104210690113,0.5029848887311241,0.8488513841706423,0.7050885309194033,0.7897944496825047,0.39267528997315054,0.5283937721746989,0.04281389761715847,0.3853379833259567,0.4749277239947911],[0.2601047216071,0.040616159410836815,0.6865999466033731,0.4363859958318663,0.4173646292499895,0.2549870189479387,0.5370737910180567,0.43926624564531686,0.47450478356850917,0.5792539214676543],[0.01619815429494065,0.8995419854676541,0.07966564900617963,0.45190625236967463,0.2132254177345938,0.5233067219824779,0.28462550662119507,0.8528063681013518,0.39843263728317185,0.6359804446530686],[0.25390213358492136,0.029018027484137156,0.40607144490101055,0.5357567597671243,0.4603562082365153,0.9527740765424828,0.7027023903691078,0.9857564046128873,0.2991588885076925,0.7832722140150036],[0.5544472981956816,0.6095251473595295,0.9761361364334812,0.6509074557560947,0.8908405544901795,0.7212352300248621,0.13483839929025507,0.6954352361158663,0.4846292769117723,0.9104220331226955],[0.800697758246646,0.1120519938550807,0.1412373307804873,0.07821878176263346,0.4933799772497251,0.08915632402320596,0.7192047698432001,0.551311409821424,0.8291673172020795,0.28419987289788995]]}