{"n_weapon_types":10,"n_weapons":20,"n_targets":10,"weapon_quantities":[2,3,1,3,1,1,2,1,3,3],"target_values":[63,100,48,62,45,89,84,91,51,80],"kill_prob":[[0.461712763251648,0.08953092041542132,0.025489444331331167,0.4776566206172661,0.4944282428639254,0.40921514010571286,0.5668040042655372,0.5511194492383386,0.8298807802120391,0.11648396119701715],[0.23067411278343455,0.7871448793804378,0.8408801298791815,0.9849277293484504,0.8654537760593425,0.8821010269308844,0.31806098377730674,0.40362840132918887,0.27272340272414003,0.6041734102288613],[0.9300292471228976,0.34774806878138537,0.5558617462438212,0.30037363784441534,0.17640397429725335,0.20128181922228255,0.06678643764736734,0.9403076525490722,0.404822016337477,0.827438474162066],[0.6777028832358973,0.1980827381828637,0.18195300164750608,0.805748437480334,0.26941747640714664,0.9050194800279362,0.14725429659570083,0.6741544421653801,0.8081843985103152,0.2405512606473321],[0.28068321618743475,0.9552285084164176,0.2693056532392351,0.43135790890204684,0.4338652813775188,0.2579740549310899,0.7702752647083487,0.7664123563645721,0.38075165393930993,0.8284232752591191],[0.21881343571102232,0.014219660154325074,0.5697440148146262,0.9841962170033309,0.04787142363034692,0.21383811223429136,0.5185363496373425,0.8037419217159733,0.09726116497355215,0.39732996068371645],[0.7421342846172886,0.37411234423823436,0.1950596920661262,0.2015859108486556,0.4118478111766944,0.4798287333097733,0.8545781294596937,0.6394073701966336,0.6865939154251914,0.9733274281051888],[0.4136065714949543,0.40528731518414574,0.914880028371296,0.25095807526495745,0.7252189413768093,0.749481675453772,0.10583223749653421,0.46886677757971235,0.20655122189512296,0.19166776734643595],[0.46455154825361866,0.29364111335790366,0.7901392386733535,0.8994527935626727,0.7966661931825983,0.270710255169232,0.2786517058148362,0.25963378311511803,0.14233733413511135,0.934922400741637],[0.40400684219392796,0.23019568505495627,0.8397376294980786,0.4012113966046347,0.04441447488747325,0.16870273884463857,0.6364653335490466,0.7772471686882895,0.21671570071893867,0.9090476774808193]]}