{"n_weapon_types":10,"n_weapons":15,"n_targets":10,"weapon_quantities":[3,1,1,1,1,2,1,2,2,1],"target_values":[29,17,30,80,22,89,16,5,22,76],"kill_prob":[[0.3576308147726193,0.6456248556410233,0.5137672321180875,0.2645474070449042,0.14251693476390634,0.12460828842742412,0.11125640055432186,0.6350342393318862,0.3543826343715473,0.222300769441755],[0.688047390851785,0.6831125744511375,0.5383849265098577,0.9262586605285339,0.38770594681259285,0.8291457118439072,0.08363661977355238,0.7350344721577343,0.9786784655552914,0.8396662519620605],[0.5780714249238582,0.6242307430406174,0.35622375844820786,0.6758955138929419,0.7649874755177005,0.9882639114954969,0.49261365866042434,0.07007798445797342,0.5939407917163655,0.12664366698252522],[0.24986974268498788,0.3322043130796225,0.7264092756854424,0.19013196140093053,0.1724378879055055,0.05406495764885092,0.8657751376268032,0.6896353158689394,0.049147536305273964,0.037726459525352286],[0.5575008105455549,0.28688371326097684,0.5947918234232902,0.435912092167346,0.9148463110640495,0.29205283466214055,0.6755624610701156,0.06297322538622721,0.9467433235051469,0.9711423185501851],[0.7342931364360842,0.4659082221323017,0.22559357054071613,0.8062660134430054,0.7316270152040818,0.22751495876973007,0.45219098827412035,0.46354295906044934,0.8198823389732549,0.680167790647395],[0.640304192669254,0.6468308741120128,0.27506067779482934,0.3742770346329433,0.054749039727972015,0.7812023130958813,0.4343382508664176,0.43947358994582203,0.2504491396349542,0.21523873583024034],[0.5860654909776486,0.23790195489960225,0.07292467453415512,0.7621572676612803,0.37894004571823864,0.38263087222131836,0.4326919158854755,0.8087439269399319,0.3244201580210208,0.7528754870326794],[0.9307539439639524,0.6576508320063034,0.43304745955348417,0.7428339286837314,0.4587394223563578,0.416138725685978,0.5247775003012296,0.3213678881131079,0.11216521195440117,0.4165549654156419],[0.13137974350671588,0.41223264408433774,0.5557950467891813,0.9220969575815339,0.04549788442439752,0.6190292383719053,0.45858048291707576,0.029855905640056385,0.25455721241994594,0.12611554730770552]]}