{"n_weapon_types":10,"n_weapons":18,"n_targets":10,"weapon_quantities":[3,3,1,2,1,2,1,1,3,1],"target_values":[38,9,60,45,6,59,21,24,1,38],"kill_prob":[[0.08039817233893647,0.22572845862843302,0.46741786740056124,0.9806333353468158,0.9863397616803508,0.9700292475018022,0.424624658574321,0.08906677084637171,0.32710196850434686,0.24296008786355774],[0.02384404341165749,0.10332893808260789,0.45412809634808476,0.34286921452821106,0.18674664720179338,0.7117779712455722,0.3599732839786862,0.8448304986316134,0.246157617057855,0.5376256202848922],[0.1904564328061988,0.49539460405812513,0.15941717879881848,0.1683470518840915,0.6099789095011754,0.2685103213322514,0.17891988203296236,0.9211728851323717,0.05214318572525005,0.5638451504419694],[0.5472985649966,0.2555966969149986,0.45371631021056147,0.09598302742098275,0.7168447430054079,0.22726320540928674,0.1995176526300248,0.318580908711953,0.8943225218578792,0.7905373153178717],[0.9379544453110824,0.6489230991124237,0.6596630808114459,0.4804303794376926,0.897082596899636,0.5106596062849225,0.3579588693791242,0.6375675097193119,0.5452167035329442,0.13153941900369756],[0.394870905634181,0.31705890287259036,0.8398970995109092,0.3812657058336466,0.8151241279861148,0.44354180202292665,0.7484305521766978,0.14257628994096613,0.9161572152652931,0.4809486929829399],[0.2646022807137803,0.24665981423751074,0.2697757428034725,0.3693896894596083,0.7131691420221044,0.9406109820427777,0.6656566815211595,0.5462229455252188,0.449625851856792,0.8216305776968641],[0.8426640583971485,0.2971769209441622,0.9443518436803615,0.3972130559422544,0.7940765078076972,0.9574834805205886,0.6995849388384989,0.16831971192216985,0.5844142160704522,0.12640158063366685],[0.7833591990715477,0.2856888703964053,0.6913105265988182,0.901887880647595,0.18738965365676893,0.3950006818291434,0.6441764123120949,0.4212654209533111,0.18132256279222092,0.03849018188542106],[0.40846618082792363,0.646224846050282,0.5725045239894389,0.16311641496542958,0.4516795749900389,0.3720816252576278,0.2787183542475319,0.7246858189831814,0.31345898942664063,0.5393391132863686]]}