{"n_weapon_types":10,"n_weapons":23,"n_targets":10,"weapon_quantities":[3,3,1,2,3,2,3,3,2,1],"target_values":[23,67,46,12,72,84,58,18,16,43],"kill_prob":[[0.5511412299881434,0.5007508260986727,0.6824396573028474,0.6496330001718701,0.9822011654174938,0.989433471039704,0.5161302145829281,0.1032951052216467,0.723286432989344,0.9671307966522574],[0.32195985987643994,0.4619847081208223,0.4262813863191468,0.06039077146579077,0.6688191425989759,0.35627094116709845,0.7817145971388721,0.8254776737763463,0.8148061708658885,0.41833267807908253],[0.3251147685960815,0.7438443640737138,0.7953616451658685,0.49143229746353884,0.8851703991455769,0.15103052215698712,0.871487404065781,0.10417332831244364,0.16045501161352163,0.5331632130084811],[0.07616811058366671,0.06175095937210815,0.01050836928239141,0.4375903265003779,0.7691314036663852,0.04414158327431735,0.6492124543365383,0.8166647710678627,0.1746408316063137,0.15392646012497616],[0.8535849541481254,0.8166621177510929,0.5381629309389031,0.8128158817081007,0.10090095587600487,0.3965918875799793,0.7330416049842454,0.2623029201374841,0.7472823361448817,0.5040950323029976],[0.7452606681892684,0.465386045100183,0.3705462534173813,0.22480543214905968,0.21421175460631472,0.746460994359968,0.12653214107328128,0.09426270310872621,0.18276553772168758,0.18183958122484345],[0.8166454703507617,0.40053649100472816,0.9805806882132727,0.14446703263480015,0.6504690291797705,0.4497549170572256,0.3950598131631325,0.8675825150730007,0.9660837329118316,0.8654017795986951],[0.19845466545443038,0.22638196278475536,0.652952401513162,0.2933019100054279,0.7300306281649683,0.5650922377934517,0.5498905931205949,0.8219759863420101,0.7063221163078243,0.036046209697345864],[0.058469954403095374,0.5995272834068954,0.48646823410983,0.2649809622361316,0.4202829655685056,0.7527521123582033,0.8200792549647714,0.5599986065322433,0.3876620912399609,0.2752828262652049],[0.5214801013538684,0.3184546261930934,0.5628132343062785,0.6731193348594449,0.07475762670100694,0.011046115722292294,0.2180315960639281,0.8866212677644054,0.643364947963988,0.1785211448982824]]}