{"n_weapon_types":10,"n_weapons":19,"n_targets":10,"weapon_quantities":[3,2,1,3,2,1,2,1,3,1],"target_values":[39,100,50,17,1,21,70,54,34,49],"kill_prob":[[0.5701383888165844,0.05809256676978758,0.40619092720384,0.5813186968242496,0.5834875242788634,0.6541872825330061,0.7158117084226105,0.6387162592740394,0.7844382922816463,0.6222654219908998],[0.5367575092864604,0.6040725003100547,0.10916949941826569,0.2776934099110096,0.5268517850449685,0.8655274710936729,0.6754705251622332,0.09859991690245962,0.5904294514355163,0.22730322788435697],[0.7293362285929484,0.8208920354585723,0.5915871471381738,0.5895353575566755,0.34181961434659774,0.4473250207380832,0.8568261867390385,0.7188539243478134,0.5193585865019262,0.37086773852340355],[0.05937214352278327,0.15014725329985742,0.19916468574858323,0.3759158723935012,0.9352607741347492,0.5050503269615737,0.24014335999404646,0.11363513471228379,0.34153941411090477,0.8094160228400357],[0.3856759375422978,0.7670556899019652,0.7966508766043413,0.11860435430473004,0.6064865575742481,0.9499141421036885,0.4040953134054828,0.05992520722296183,0.9148366364527211,0.8759929559410333],[0.5216986182648218,0.5512080579371295,0.2175062807206024,0.8130617404337446,0.49862803762428387,0.04320023923970538,0.6793546573200179,0.9414863444066519,0.8225674805388352,0.281654177406329],[0.062258583234673835,0.9315443842874169,0.9283214703821074,0.531767013318612,0.6394710634381044,0.46334805949659214,0.4213700597567835,0.12705946721012634,0.1048178403938741,0.23807750374266373],[0.8299079314784134,0.15291565472096638,0.2321646788764165,0.5476417781357634,0.2208285937167089,0.16994255102343137,0.562049916864003,0.37073140557668316,0.6236361001236598,0.9039612336005027],[0.1579732688063663,0.9051649866168027,0.8944401680744603,0.8225058316691848,0.6286601989599635,0.6177437243162365,0.6364284067377716,0.6866856401934569,0.026152556584233877,0.9489307275774367],[0.5838916862362682,0.7758365226143732,0.3797362022801359,0.02214926963748004,0.509539966678915,0.5070463169296103,0.43824950254522277,0.3429227130788352,0.2548295660535276,0.5269939770072392]]}