{"n_weapon_types":10,"n_weapons":23,"n_targets":10,"weapon_quantities":[2,3,2,2,1,3,1,3,3,3],"target_values":[32,85,69,40,92,40,57,25,19,50],"kill_prob":[[0.7997006221236099,0.8872608354182648,0.0787121434033002,0.5733243166153131,0.46792790053448785,0.6119962134621468,0.44833017317010376,0.4006719244363468,0.4724430981808996,0.5803591461812858],[0.5009635468111412,0.4727015620002332,0.8114786037589191,0.7407350314131006,0.34455092429756895,0.794565575165014,0.8465776556244101,0.1604223612667067,0.5810288124961436,0.2896057537272295],[0.7343888754881881,0.2440096227715096,0.6679754536895712,0.2600221629364812,0.5109208881613443,0.9396735385578683,0.3836813876873058,0.8682237162439436,0.9772056895798167,0.86735383182906],[0.17254870912887602,0.8132650551444598,0.041506407198550026,0.3954358460253217,0.8633187058515065,0.6849771685047215,0.5320856187911205,0.3901067445809681,0.8060510075408803,0.7053672358692564],[0.46903721322335984,0.8846346504654666,0.23534905746225976,0.1769836789754524,0.6399476890469099,0.9625544558477349,0.2523114418406349,0.25467697135514994,0.14670887100294613,0.8533522841681596],[0.2318695896031074,0.50311495619039,0.9810550284421605,0.021898082903602692,0.5553563687005783,0.5120432618508469,0.8012984288819517,0.35817590876172145,0.41213453172106074,0.1745792209868864],[0.7359989270030709,0.7790147310043853,0.14393005436325365,0.39558793250855534,0.8850468954554294,0.012653128202271414,0.3027838892101797,0.5539414393514968,0.33741198246675425,0.276604285394116],[0.46083673520514834,0.18789264594749988,0.5290327361402941,0.7025620028869614,0.5737890535759321,0.10124714424136028,0.8375204418822617,0.18147828073773842,0.759515760598906,0.3633538085603334],[0.7771061210949802,0.21214744533723887,0.1929288616215212,0.4970853292931326,0.04227729440439328,0.23079139200668672,0.7195320071406613,0.830635808739317,0.08916965665905423,0.8744361552493423],[0.7915668599721155,0.862290609792826,0.6944599834872631,0.6706700059480855,0.5245913686779665,0.6497314800014887,0.910727471275273,0.10851156138837424,0.31944918828916935,0.0810058741239544]]}