{"n_weapon_types":5,"n_weapons":10,"n_targets":10,"weapon_quantities":[1,1,3,2,3],"target_values":[69,72,72,69,77,21,34,48,48,41],"kill_prob":[[0.14089934067817345,0.19111223791308124,0.19361882561673566,0.5971937359722223,0.494595077959278,0.8518730432241228,0.8352812217968331,0.05017983420719332,0.09621463573525123,0.8209350966319301],[0.7144246349895735,0.3934761539078843,0.37175282769320367,0.880839814268339,0.20552373763292572,0.11518328935112558,0.07410076359352928,0.34153825876154703,0.1689159801992076,0.9703174746244289],[0.29127332073245343,0.5186436185171058,0.2975910684634045,0.21455049751812144,0.3323550531684835,0.7193703795145637,0.38266518136420763,0.12376390824791211,0.8307906505974784,0.3260869904603253],[0.8068230342756024,0.24843685634684615,0.6995642841862729,0.45512610922920327,0.7581771131349341,0.7357398155734151,0.48084946027567377,0.030471672625659488,0.36484623276029343,0.6907727920868215],[0.7815024521188697,0.39086565828603276,0.10253668311430192,0.6635236715054313,0.7827821516722766,0.3527059419226656,0.7706543947422555,0.5427418126909465,0.6965119169628207,0.11724580137238748]]}