{"n_weapon_types":5,"n_weapons":12,"n_targets":10,"weapon_quantities":[3,3,2,3,1],"target_values":[36,7,88,55,85,25,26,11,65,37],"kill_prob":[[0.8130147602920855,0.22208885465636222,0.2205695822212132,0.18018125081810477,0.6113758665859731,0.6074192445929686,0.44200886391913047,0.7222316831402859,0.12508955329084995,0.3252687331945904],[0.2141946823118184,0.8065430663592272,0.30218731436994273,0.2286717554426737,0.8180494321730228,0.4140901613998683,0.4031850410714527,0.033725111856982265,0.31047779162526234,0.2863410583818303],[0.9521841620713002,0.8269240825161699,0.9315279996542682,0.3419228377422857,0.6262334283420762,0.26509771407304566,0.4404007626493102,0.4007950891094751,0.46632296079356134,0.3265232815473762],[0.4639857683042694,0.5441525955621576,0.5861725333682763,0.4541528832035654,0.38959179009400324,0.6122703173047535,0.15603370438386713,0.3591374332610513,0.02234617731878903,0.4841221308017759],[0.5731049536647678,0.044685549243551455,0.43475490131149036,0.5622369908806928,0.1656028867582052,0.8022846046643333,0.5273250659950749,0.15877592631911921,0.2807082154293401,0.02246385954210571]]}