{"n_weapon_types":5,"n_weapons":10,"n_targets":10,"weapon_quantities":[3,3,2,1,1],"target_values":[59,80,13,50,45,72,82,51,21,14],"kill_prob":[[0.49290404722856107,0.2441883577422985,0.6923947315366019,0.3046269394055152,0.8292220989837653,0.7882789238813169,0.7839258452210638,0.5543272070722463,0.22356212123345393,0.9798934868825117],[0.8927409635359955,0.2799585455308301,0.402974330484671,0.7062059663490818,0.7880058416810755,0.12322680298995457,0.2638650127074807,0.9054451025436024,0.6779409612880112,0.3391552223120869],[0.213778127744706,0.4929955263943942,0.27535603803856645,0.04883521065366186,0.6818992403885326,0.4444324831376646,0.821851342429056,0.42294915111402664,0.15047572892003622,0.10487063339335644],[0.5259413896755879,0.15761135865052073,0.1611207225030585,0.33037771724670034,0.33916259933134285,0.9081799152106355,0.6040045472060621,0.34372306103561484,0.5267136931652913,0.042284690037930533],[0.15708568792387229,0.2136795847010547,0.3416186917828034,0.30554204834014126,0.12232601721022127,0.5408526901715449,0.4935608009612545,0.9684908411207416,0.5971664428972242,0.571138038323405]]}