{"n_weapon_types":5,"n_weapons":8,"n_targets":10,"weapon_quantities":[1,1,2,1,3],"target_values":[16,96,63,3,47,11,25,70,72,38],"kill_prob":[[0.9601782678237277,0.44260825351624417,0.7860575749281403,0.4727921181083809,0.804706376431071,0.841327983580823,0.5105101082061796,0.15037896654479702,0.6600043498752128,0.3441207727268908],[0.33533187364814326,0.24308991403026617,0.5939011194948187,0.1142871000636701,0.6134173508711424,0.17265890845956094,0.08723196925767307,0.8067752527873743,0.794785991065581,0.7701069550635508],[0.8912292740806289,0.8341382581819532,0.08254957853149021,0.7666506328092553,0.9897073539565929,0.6708807585672958,0.9740337008272741,0.3030535088052822,0.2614597787149109,0.7355015222511937],[0.41489763340989927,0.9313652829326933,0.7264734841965693,0.9130240569747029,0.34881520266080723,0.9449716140391445,0.10874901697080795,0.29871158648032814,0.5623553660958537,0.543685761341339],[0.3742106105867079,0.2616930975120172,0.5824443936124624,0.055387049358469616,0.07938274251396893,0.5605159539919495,0.8239096553367852,0.4097521005154534,0.7953914294828258,0.5810677012036877]]}