{"n_weapon_types":5,"n_weapons":11,"n_targets":10,"weapon_quantities":[2,3,3,1,2],"target_values":[57,41,88,63,41,37,70,66,32,93],"kill_prob":[[0.03864025844866635,0.5624509107620802,0.3397629035605279,0.4538234776373395,0.2439784162400284,0.08772611377942688,0.2529950872006012,0.46324607239553256,0.30733164298630283,0.6398187658772244],[0.14836649152320092,0.06303763529459831,0.2560342811002677,0.2122321894870544,0.2202618982177456,0.2287454643519987,0.9588087076257167,0.7835150011783306,0.9260005014431777,0.767708185627201],[0.7368235861132212,0.06605034001982013,0.6017014893949852,0.2824762442441713,0.1347716728482421,0.38097386809398126,0.39536050125747685,0.2827212595445188,0.27521747362987603,0.9500897651957239],[0.7734431664155438,0.14970017238637034,0.6141346207465977,0.6164485719000962,0.7501793529572762,0.580487850189696,0.510673710006079,0.2751772135215659,0.24728233389491133,0.4541592468098884],[0.6192937001283736,0.07099535928238658,0.3404508656742742,0.39674430918242093,0.7637395703177849,0.2887056218196635,0.4409920856904582,0.5105460452973187,0.3651621043455098,0.8542767296670185]]}