{"n_weapon_types":5,"n_weapons":11,"n_targets":10,"weapon_quantities":[3,2,3,1,2],"target_values":[95,31,49,37,2,27,55,45,57,59],"kill_prob":[[0.2691086528512468,0.6768700012543064,0.4835930776396802,0.13261077904736385,0.6751603451403662,0.9625817709041,0.12784952253944828,0.6978357543866652,0.418335908313216,0.41077533345307343],[0.1258249704032325,0.7851738388546895,0.8809687955108656,0.3156614768167218,0.19605931972703586,0.2296692283685867,0.6217743534526308,0.545589671554137,0.5667713516110006,0.0204648176089474],[0.2804303241976697,0.5390200879677021,0.240262380748448,0.03621225380771263,0.2663831098049695,0.34220672128471435,0.8435541086017454,0.5517632457985592,0.6826600624999776,0.7543553855198771],[0.6848995183398742,0.6930780262977425,0.4471956223624094,0.5364425944583595,0.9753835769370645,0.7803095506271692,0.7113109261260486,0.4441578551562028,0.8592625574321703,0.812502330748303],[0.47949206801022987,0.28413725900531367,0.5078209150603026,0.9853786306430838,0.8940646442291743,0.8086520206514002,0.4232763111451281,0.42302520658529436,0.484570626417326,0.7078116969882108]]}