{"n_weapon_types":5,"n_weapons":13,"n_targets":10,"weapon_quantities":[3,3,2,2,3],"target_values":[58,74,40,36,56,20,95,60,16,81],"kill_prob":[[0.2870813723056118,0.1726643538200498,0.7971434795147897,0.20413006813701745,0.6583185591118371,0.19900580598934606,0.8799318973022153,0.6323707474753731,0.5486851280215732,0.4660365233599731],[0.3898124988159356,0.5654253674166612,0.0962098047778194,0.2083120171143908,0.21295906866519984,0.8810228317564632,0.884297053778094,0.8559683908621976,0.2049729305583255,0.7119807305407923],[0.7794239601487291,0.7583783433198489,0.940489065437196,0.7940755476747823,0.2611013355882723,0.43821821688083934,0.020125970823762246,0.42830876851826727,0.5556059466520855,0.23225886106313973],[0.832171142932036,0.6935425883248226,0.9050464758091483,0.7124076019217411,0.0899061117421599,0.2053747571856371,0.12367868296888178,0.5522735201569472,0.8280559231230451,0.13244898449512144],[0.04070402321372919,0.47259512386758523,0.8953179747250848,0.5634564055737167,0.029443326400285526,0.8568366263235666,0.021540831118847286,0.8134533479723527,0.7999582953002757,0.4310276325423206]]}