{"n_weapon_types":5,"n_weapons":9,"n_targets":10,"weapon_quantities":[2,1,1,3,2],"target_values":[91,16,48,12,15,21,32,99,54,30],"kill_prob":[[0.6591227741303614,0.3601957720402735,0.5367837641961554,0.2042458167863902,0.7385474155842827,0.2680306905766192,0.7389776424405065,0.4487391692794206,0.25623924784576285,0.7495137317576591],[0.23779715406388774,0.4063942023260051,0.2986344007050049,0.7795089530222494,0.5726684617900907,0.9291025905366239,0.11833594933679456,0.9041306938200627,0.5315643399376205,0.8911217117940364],[0.7914234826044543,0.6652082079151987,0.27581920525675413,0.4065359349163212,0.6165421023201617,0.08801566242414602,0.5932128619780292,0.5729590096950157,0.8745113496738595,0.060342066330984614],[0.8255747601274228,0.32679643644927425,0.8849558983872577,0.21868288643408038,0.615595997729786,0.24337983969031948,0.1406735218530501,0.6586260160245871,0.7994892944960801,0.34588640357478523],[0.9889380582509053,0.9316538427731997,0.4212048876408917,0.6713305777180898,0.015272560755124686,0.8245793979431221,0.5910381510598994,0.4053325998987563,0.4911999531174584,0.5108857827275951]]}