{"n_weapon_types":5,"n_weapons":11,"n_targets":10,"weapon_quantities":[3,3,2,2,1],"target_values":[54,40,4,41,29,96,97,97,75,21],"kill_prob":[[0.20169032564774556,0.0498688823106727,0.35555369894515526,0.9508722642557251,0.5420343268548262,0.2331735282529264,0.05694453313459474,0.5188530473681101,0.06224160489227217,0.8355151363658576],[0.3049723489852675,0.7570317722018212,0.35535092404236346,0.07566587914571404,0.3780609206077847,0.087549088020657,0.09479457807787821,0.06614254776152434,0.5981376510041728,0.8521172471792398],[0.38544114550916636,0.5288758807748996,0.2626694627884478,0.7879717600177096,0.877606811635315,0.7223922178476918,0.6192889791834284,0.9776239289719484,0.4533575346323205,0.9105214828194781],[0.11094735078125893,0.7194421564755311,0.4109657559136421,0.4738986199519045,0.7723598125689884,0.5655276196960882,0.4446856656427439,0.26181218830041025,0.8748122944564631,0.3549621490063713],[0.8557203353113149,0.4125143554122461,0.6211341792837116,0.6990701919902798,0.9199746761467615,0.5851833506784001,0.5915897651659877,0.6825383981145229,0.4449234526718807,0.04199283504343232]]}