{"n_weapon_types":5,"n_weapons":11,"n_targets":10,"weapon_quantities":[3,2,1,3,2],"target_values":[54,44,95,69,58,25,43,23,75,59],"kill_prob":[[0.8119509790302432,0.2517396794781958,0.8588357856638282,0.2456625925851915,0.7810046895868872,0.5142500664886392,0.4661646828071106,0.8092160808765059,0.6401406952706392,0.02251662432093856],[0.6363133401892308,0.7899610631441775,0.34518480132663626,0.27840944637029574,0.3442739426564959,0.47935293800256495,0.8745027743761417,0.8428208267892293,0.28322299884780633,0.23364832115044898],[0.3632482281332967,0.18399998468295128,0.16706759220471126,0.29819902574030266,0.762331891657631,0.4037050762064929,0.5942846199171729,0.5393798757789303,0.5025046828047236,0.4686282105532294],[0.9404849114136848,0.22797399172160862,0.6346490695769703,0.9442873737800785,0.7514447294570414,0.9001870503586187,0.3995470861281712,0.5418096003107524,0.28080461656019784,0.16495640345968346],[0.23399784058772508,0.9556026757635144,0.6792460302177308,0.3147721022890829,0.049875931036328425,0.9447357129697233,0.40408312859476414,0.4332281557269634,0.027404463189606626,0.7945746859937967]]}