{"n_weapon_types":5,
"n_weapons":9,
"n_targets":10,
"weapon_quantities":[1,3,1,2,2],"target_values":[66,97,90,29,49,31,84,92,79,53],"kill_prob":[[0.6425059025651371,0.2577328309095107,0.12616975742469924,0.3837313898863002,0.12504211842309693,0.7269035154604534,0.5162263438091469,0.42110889233656207,0.05754737713899752,0.9459785737984524],[0.591500050718462,0.23797650505188006,0.3880519748313272,0.13988229351408796,0.49757769348477876,0.9784395253289957,0.486682438607664,0.3264848539988022,0.5393864421805943,0.7432755293996677],[0.3388479828637766,0.9484887978621044,0.8206161537325645,0.24790075932562655,0.3564447278403679,0.6665858031809604,0.9858002241936344,0.5266895434581265,0.0467866253837856,0.4789586843274151],[0.17090968703182052,0.9285309847746324,0.21593873873387068,0.4389850443810118,0.7940011618556438,0.6637376334572462,0.40880515330177974,0.4706311645483361,0.9059223992224704,0.8873884036466791],[0.32464906888570266,0.44540883751137433,0.8666809203559029,0.3627849079311516,0.14663764649524721,0.13697984490811077,0.5610332561883385,0.4902980452210504,0.3942024710693391,0.024623508863123887]]}