{"n_weapon_types":5,"n_weapons":8,"n_targets":10,"weapon_quantities":[1,2,1,3,1],"target_values":[51,42,43,66,57,46,55,88,99,60],"kill_prob":[[0.3097274809262225,0.6312534590087168,0.4173738111840291,0.7838851818813789,0.60670917767335,0.5551904453259011,0.5210060252314453,0.8643081339686698,0.8700901899175095,0.40093939786110494],[0.9790174617724869,0.7082666063713483,0.6595887832221536,0.6071822615916131,0.45649249044175466,0.5158346173485155,0.40915136004656977,0.5861071575603533,0.39317555627238965,0.8129492495012953],[0.4069126454242663,0.20870432839358202,0.5272604851490204,0.1354322816278969,0.6215079666177004,0.8230893224077862,0.3597525584984013,0.03475943605972263,0.863492840214733,0.80900363418443],[0.3316520190787618,0.7701179890931138,0.7401107432736507,0.8620836997730803,0.2815495396388184,0.19102845652047035,0.15727136672884132,0.49084687261841553,0.4646514359691855,0.8446782128053725],[0.021639410861827624,0.7069614454974081,0.7900574939917027,0.7076591367942819,0.6367519971111303,0.3425580696975768,0.7615874470697256,0.159679284051537,0.3298101268313424,0.6039992523438393]]}