{"n_weapon_types":5,"n_weapons":11,"n_targets":10,"weapon_quantities":[3,3,1,1,3],"target_values":[51,20,41,78,57,7,76,97,75,79],"kill_prob":[[0.8492958013067932,0.26875772731245123,0.8371742267432077,0.32205103674365315,0.6264502720042429,0.6740846318155513,0.3622356275134986,0.9373075320018809,0.2770791333044086,0.2686586061812275],[0.3805154451543193,0.5916097817310902,0.48966512385674327,0.6080374395188322,0.416719958857015,0.9261500595773424,0.4656610115934066,0.8764945794417264,0.6055424120933666,0.6851980928562709],[0.6139207967423292,0.633613562570769,0.17974256222875004,0.8279610883717177,0.6006543370314388,0.7884445230890696,0.31638050119901046,0.11081046111005857,0.478235043049032,0.29179293674705004],[0.15630034619012542,0.8016397540061138,0.38859948543779965,0.5407640958162885,0.9806984070849633,0.28723528801151804,0.509181330163494,0.9783274317291091,0.34817662492443646,0.7259362864509178],[0.4363603326853951,0.22626897308808014,0.8236087911002091,0.5596009511046982,0.8653801779671885,0.2460052356719789,0.28287138781616356,0.7413999642269893,0.2569778054278687,0.04170901036188741]]}