{"n_weapon_types":5,"n_weapons":6,"n_targets":10,"weapon_quantities":[1,1,1,2,1],"target_values":[8,67,97,86,74,19,6,87,10,25],"kill_prob":[[0.9525162200621631,0.9062280060694289,0.7260776420324105,0.04099966393896565,0.8397805898434578,0.9013454812169971,0.9120786495013807,0.6473011240917894,0.44316390335110845,0.4760470701406245],[0.9225355433509435,0.9048346048284417,0.6594738438470245,0.6018652718345066,0.27268872649797954,0.17769367461091767,0.8695924649123614,0.1501567213422146,0.6366737512537192,0.4974375851218744],[0.6133499239025832,0.7811678096446512,0.11697069248305612,0.8887319857146068,0.15024927713125466,0.2318187516948505,0.21956898945026318,0.3711709523431759,0.2440516171999126,0.08292374726402856],[0.024282590478629643,0.4379613856232218,0.7920027190885998,0.9662952372645137,0.05659675587382219,0.8304938990678957,0.8695138082189728,0.4134344748107123,0.1469709800013718,0.18725048164951708],[0.33278568165055566,0.9769964678884583,0.46949876268014207,0.3356330405937428,0.3827319108476823,0.6846082750498256,0.19068620711437656,0.6669920867173351,0.08966466866480237,0.23223537923478677]]}