{"n_weapon_types":5,"n_weapons":10,"n_targets":10,"weapon_quantities":[2,1,3,3,1],"target_values":[15,27,91,77,54,1,54,41,41,61],"kill_prob":[[0.952958351743701,0.72115347289188,0.5994971795137926,0.09959528049651727,0.06258855559017192,0.7572334164145632,0.3253864169289567,0.3563397122445347,0.3045281619293892,0.23901858602128873],[0.8921957360892306,0.5929205382946717,0.3287794484517783,0.06297277049460036,0.6140132532201901,0.9807463206578286,0.22538838158636088,0.40767567211608563,0.2924353043985178,0.6288123902181939],[0.26019150394166324,0.6672820877941678,0.6370948036273584,0.7465795734272458,0.7396002104633993,0.7812094867415117,0.4274200303903003,0.5047017866974889,0.10165349499790954,0.9518437683854047],[0.43025217591333703,0.7808853405287037,0.16415659872291494,0.9367695633680756,0.11774057317288249,0.2940665809097973,0.6878061112049522,0.8614022517570255,0.9440325864332731,0.15610041622567075],[0.6731080124027106,0.4715039213779653,0.10654393706187075,0.524548211951202,0.14036987254857114,0.32135679573449694,0.914760750640515,0.2516426560602542,0.5184677618526385,0.35626611411075054]]}