{"n_weapon_types":5,"n_weapons":9,"n_targets":10,"weapon_quantities":[3,1,2,1,2],"target_values":[33,5,51,16,34,78,92,80,31,11],"kill_prob":[[0.6294375481542788,0.3180666715425355,0.63314518857966,0.6449358239832568,0.5915515342031089,0.7943263273440613,0.19329640557498703,0.43781214122794126,0.5184643562607801,0.40053752339130166],[0.782589834761937,0.09084672845489777,0.3924833233549453,0.1806085502643488,0.4547052590363613,0.10883212464701421,0.483484966805614,0.23046026335877925,0.08140012217213301,0.21075320301330902],[0.8221473399530652,0.8421566974740728,0.6393144662079396,0.9107865661302915,0.12573315778517127,0.3740898166970411,0.3298454379353415,0.87010965080835,0.9724486795987436,0.9474964441827051],[0.3230088284722083,0.9568450277510618,0.502164028581356,0.4068881809972948,0.332842257646462,0.7515494361837576,0.17618390028510147,0.2799865005428471,0.9829369618460291,0.28748082188905416],[0.5751974930351179,0.4066020941690568,0.31007999235526706,0.03531325751185635,0.03227236951103573,0.07322871005886056,0.29366827975032755,0.5723017565994916,0.32984659552519136,0.5478674286223089]]}