{"n_weapon_types":5,"n_weapons":14,"n_targets":10,"weapon_quantities":[3,2,3,3,3],"target_values":[81,41,35,88,49,86,41,3,29,32],"kill_prob":[[0.950644475001885,0.7161347328832245,0.20409546919191546,0.3957425731376534,0.35941699731029797,0.2711875434776876,0.848872900316055,0.9610579490286598,0.20901355339409913,0.14446630225884532],[0.24114608517884675,0.7471041818228694,0.31133168349733176,0.8504377185208486,0.1669724406601991,0.6358860278398851,0.8781705057485694,0.5302924805618221,0.13913939615763934,0.2316763281347632],[0.3302727169119956,0.2851769032779871,0.07561024755825202,0.7997066084339267,0.18188654649239178,0.7005940338472432,0.8389826634647591,0.03232397473249654,0.18208997001864002,0.47225159391163124],[0.6920460014097359,0.08329086215732598,0.4768322227771405,0.8809556178353526,0.514879590842269,0.20443416879374926,0.1345219826482585,0.36172644756624467,0.6169002731408497,0.16763553825033878],[0.12904432172304847,0.9739276046455542,0.7235755020968184,0.18989878596326923,0.20182874489138236,0.27079000455241575,0.1521614879219525,0.9570490867996799,0.936347675748775,0.380328287249687]]}