{"n_weapon_types":5,"n_weapons":9,"n_targets":10,"weapon_quantities":[3,1,3,1,1],"target_values":[83,47,39,91,42,70,68,92,64,48],"kill_prob":[[0.34816750695219617,0.11572169065983273,0.3702872140091382,0.8167236343186804,0.8309967912265943,0.24008275641353222,0.836797327746443,0.15550823753564552,0.24668674864561052,0.1963387228466472],[0.21894161860509945,0.5672788503948097,0.5289163988624073,0.5960096823067274,0.9380786867760244,0.7059205013583373,0.626936765091138,0.17168839782077353,0.07562799033069532,0.4125938320406742],[0.8502174964016231,0.11648989034801312,0.40505459202106986,0.8962865354594344,0.7349691678982301,0.03826406917572239,0.6950413740745528,0.9025262735388655,0.04868631995877816,0.30077488997301643],[0.941613622277238,0.5663259062668105,0.7903585513946657,0.7178199432293382,0.6538282070004322,0.6678840717271373,0.0884793124697758,0.9197730142016719,0.47438456227303755,0.25613957841993173],[0.467036849843097,0.020093083349514183,0.3807124026588532,0.04480190000109631,0.2358202560145871,0.40598750617772433,0.4574260974778084,0.6855596525055248,0.09753320486188229,0.49053775166076674]]}