{"n_weapon_types":5,"n_weapons":10,"n_targets":10,"weapon_quantities":[1,3,2,3,1],"target_values":[16,5,25,60,45,42,91,12,97,94],"kill_prob":[[0.6120897134542215,0.5572320929101188,0.9340625732681115,0.028040539805162905,0.12798859091026343,0.03195077931936365,0.5265482371869639,0.4977433096137512,0.878809057673407,0.07931758489550696],[0.026739097912355944,0.04460770841113506,0.9167723731519251,0.43793170509370394,0.27355560017253056,0.9536099347564191,0.35511688729268426,0.32619588258910026,0.988131988526496,0.8701134690348533],[0.15419130791482466,0.04527996852803522,0.22561466847529638,0.024894394011922737,0.23911302365918952,0.5094831826305946,0.35039714845198716,0.1590004408619225,0.05221595679210657,0.48101544093488663],[0.974872588017115,0.06290835819206834,0.25131336320569847,0.9439081616478439,0.6518325579315348,0.8923222161804767,0.4347482564351142,0.09921178898637986,0.3079100488941932,0.7995604051857849],[0.7822197575090137,0.3665025167629968,0.3106112026247883,0.6984435820638412,0.4764088551832244,0.2910084938497274,0.540565633048309,0.7977478534068321,0.9412763308468738,0.8475712436152734]]}