{"n_weapon_types":5,"n_weapons":9,"n_targets":10,"weapon_quantities":[2,1,1,2,3],"target_values":[76,6,43,22,100,74,56,74,28,80],"kill_prob":[[0.6173104468208503,0.09108060418273295,0.0168269209487872,0.6083756150538561,0.059519048004210706,0.010929789260824644,0.7428323126053158,0.9761925971128094,0.43643775885891345,0.3190771165098624],[0.035937725200188786,0.5258918790496032,0.4960600041410984,0.45848380811390993,0.8803401522470332,0.21867925215102993,0.5138619909801097,0.20537698316361358,0.7306933856979472,0.26042763668172525],[0.731643696240311,0.020748786882230974,0.8736543791759126,0.682272032626786,0.28516289684773677,0.5731266270498205,0.6717059367902952,0.029053044585042244,0.8755862663305786,0.28683122410261536],[0.1520710230912969,0.9116480139580839,0.23098653470231656,0.33540613116458784,0.8066134256771776,0.22149025121002133,0.7088554022599179,0.6749581878272086,0.33080813016882965,0.6890148738432305],[0.8217124531057631,0.4688913194914319,0.6418328792265945,0.6204348056545987,0.7229007816319578,0.41724812315380133,0.080381290363879,0.5155459238697426,0.8136405608575538,0.42628900863992986]]}