{"n_weapon_types":10,"n_weapons":20,"n_targets":5,"weapon_quantities":[1,1,3,2,2,2,1,3,2,3],"target_values":[76,37,55,38,82],"kill_prob":[[0.3506303395304453,0.2515143092368054,0.8667585196818273,0.6158488433061249,0.40346935141034673],[0.843851924803544,0.5261342831880204,0.9702267804212812,0.16945422316739478,0.3484314529072989],[0.46575932886355437,0.8617699210968492,0.2579347266630604,0.46731688471958494,0.3279044893136129],[0.6430239118501244,0.7639806735102476,0.8862471436719996,0.5339483310529184,0.6670330115682507],[0.2371373790887729,0.11810121693701234,0.7547281752588353,0.39703330977351575,0.37043823804570364],[0.7611842904778682,0.41103842763470794,0.9654190013119467,0.5593506038121082,0.5963881680206357],[0.829103019356591,0.630469196685058,0.8570837258599083,0.6125154764183353,0.113128260939044],[0.2949066071078521,0.4402533669802535,0.9239312347123997,0.11948842670264587,0.9503050433778221],[0.15724404319190655,0.9125275969601361,0.6555115417646455,0.9209028101017089,0.2906427374155488],[0.813119801766944,0.7350973240357587,0.13231841616988008,0.890103282611054,0.37174911991097165]]}