{"n_weapon_types":10,"n_weapons":26,"n_targets":5,"weapon_quantities":[2,3,2,2,2,3,3,3,3,3],"target_values":[99,63,43,10,2],"kill_prob":[[0.49247117421812825,0.7242330601530056,0.1928385549620605,0.595485172065719,0.05433840849586911],[0.6566117223624083,0.7677491228914,0.11895467017115315,0.11571917469177495,0.054822458712047877],[0.28058526076559276,0.9817918937660711,0.42199094530691006,0.12717881095661132,0.8783849436586763],[0.28438775230506946,0.863863979340102,0.21590999628815963,0.15280422050586068,0.9862174516730177],[0.751146480366191,0.805506430941973,0.30810288958069326,0.5344398418321944,0.296547731156506],[0.09479097176688382,0.4375824296860924,0.3140709120561632,0.27070178590178906,0.17091520780847294],[0.2864287239044203,0.2631184869414436,0.12921316030517882,0.2229154158719337,0.4658327884846798],[0.03448264883340938,0.15720048689085617,0.08138725382495994,0.5382345521860178,0.4675314812948105],[0.9547437771369666,0.6939951311463166,0.6191006019249612,0.16032184069147568,0.05169974561215909],[0.22696075757573747,0.7766967367393829,0.4526188504910343,0.45323173063183,0.2832940459961937]]}