{"n_weapon_types":10,"n_weapons":20,"n_targets":5,"weapon_quantities":[1,1,2,1,3,2,3,3,2,2],"target_values":[74,30,31,1,70],"kill_prob":[[0.04119752019466085,0.8035273558592743,0.32810056450260855,0.18369162753219545,0.298461828433182],[0.22044153474516345,0.2862509494432409,0.9794754645974264,0.9173326518633537,0.8809648493747069],[0.02450137190700123,0.20877146501960664,0.7233518125839319,0.34643183405939226,0.32291312412991985],[0.21190747044892588,0.7372017910096451,0.30997637218486956,0.6152590882651878,0.9888224309300999],[0.6837341417573004,0.5415307505506013,0.8344165705444133,0.5676780128490543,0.35236247471185594],[0.17700299151669024,0.9211996348951135,0.15168845407589773,0.9127159303913576,0.5869952580754342],[0.36043960253020685,0.41322910694831205,0.5682898520085626,0.5501690053642014,0.5222155987304954],[0.44189777336498415,0.10150414487178928,0.9687876341485568,0.5814718846174034,0.44858376660540517],[0.663527184609534,0.27106667064529566,0.5847419605783377,0.8221515133431943,0.29894982739872494],[0.9228493995149867,0.4038129142826064,0.9103719633886526,0.5930861437894845,0.6936625588976656]]}