{"n_weapon_types":10,"n_weapons":17,"n_targets":5,"weapon_quantities":[3,3,1,1,1,1,2,1,1,3],"target_values":[14,17,97,28,50],"kill_prob":[[0.879079138907832,0.5759004465864138,0.3095323013473065,0.5651216428389157,0.7569835302227557],[0.07169287027968217,0.42221762190468226,0.7977358032496333,0.2653620707531679,0.7824125663850655],[0.3686739634759152,0.6626763541692693,0.3168000880391309,0.5457781181680618,0.15334690528587852],[0.8297647548002114,0.9850957416748153,0.9581912508098774,0.3202327752544212,0.4992069662376673],[0.9054761915177896,0.5467252669623525,0.48480936376872896,0.16459070539310255,0.3405334277559921],[0.07408408262631686,0.39532878589439024,0.029935686702407927,0.31419409460518943,0.17584886568513625],[0.7873504287586403,0.6098613061159902,0.8046535623246985,0.2391741595706598,0.6288920436879155],[0.2608768315824337,0.7536922639053953,0.3981569246802619,0.017740509391379847,0.26140315526969493],[0.06946704314870528,0.6020968484688796,0.39984953194512124,0.1152101254845413,0.6496306950131718],[0.7877750397297603,0.12218415612188521,0.41303294206611724,0.37687964519317885,0.9653161601726755]]}