{"n_weapon_types":10,"n_weapons":24,"n_targets":5,"weapon_quantities":[3,2,3,3,2,3,3,2,2,1],"target_values":[1,12,100,100,66],"kill_prob":[[0.6672199520271762,0.5023136607968981,0.8827117933496512,0.8353540281629157,0.33445767580177327],[0.3916078939704838,0.6657424115551406,0.5806383035910162,0.9712053937529354,0.3779879088218013],[0.9825487989651746,0.7180121883621225,0.9466585615724743,0.5332209749252208,0.3189404111461652],[0.034577874047183405,0.7665144408626053,0.9775508583999788,0.41230897992764365,0.9718192186862868],[0.21523148907854117,0.39064880731418844,0.9432287031602642,0.8681564423134143,0.4311576287683162],[0.1195969381707419,0.7046548174460676,0.5374287734579708,0.8438267479737414,0.35131476403882883],[0.5628789993745513,0.6132881000382548,0.21506344177137005,0.08906885323375763,0.9827716359823057],[0.6703264340166282,0.30349322002533247,0.2228801477062823,0.27172465033105875,0.8217701158294086],[0.17295402052240036,0.8657357699480586,0.01630674206623938,0.0757757368113178,0.17826574550027963],[0.9023736622548556,0.7235457147697074,0.08313815425051947,0.5074183666018894,0.04717570202193019]]}