{"n_weapon_types":10,"n_weapons":21,"n_targets":5,"weapon_quantities":[2,3,3,2,1,1,2,3,1,3],"target_values":[99,5,37,49,51],"kill_prob":[[0.08813902041179848,0.3838281899115558,0.777571848586697,0.5940998996577348,0.5052419487551894],[0.5828616261803651,0.16660913101999453,0.23412535336242465,0.5042018350284998,0.8218591507776426],[0.0875091637895183,0.15593534369117862,0.2916815850785746,0.9101879336154572,0.19648294257795573],[0.7012638044227668,0.6434685371510878,0.85968622238661,0.1519697772791153,0.3894245675874087],[0.25657614464312956,0.6111952109053042,0.5344289120072362,0.7431624186345238,0.5668177939654827],[0.6560512684473052,0.7615028550061099,0.030523085612246835,0.5298306432704808,0.6570365051325864],[0.2158013554957796,0.843570235144101,0.5307211274598022,0.6178724247606244,0.18155335312281073],[0.986881395787723,0.7785520494849052,0.2391292652370826,0.19050955300569392,0.34443261304665124],[0.5226034500772799,0.7381659124304584,0.9349618356108794,0.09531399051638934,0.7619157626782375],[0.05801661396882484,0.755708859181464,0.7387711929577928,0.3740991902901551,0.5635015498678815]]}