{"n_weapon_types":10,"n_weapons":18,"n_targets":5,"weapon_quantities":[1,2,1,1,3,2,3,1,1,3],"target_values":[52,64,87,43,57],"kill_prob":[[0.28119414108843466,0.37195721964950756,0.2530759796727504,0.6644364488726431,0.8764395268800643],[0.0477067892774388,0.42627677942451303,0.5236762878835065,0.7035010575605402,0.9779822888497895],[0.331198598123739,0.6408756184119215,0.2858739112480708,0.3424230856024194,0.5933514211823525],[0.3980466356245679,0.5843263601442794,0.3434081029368827,0.4315891684979907,0.9473054506056345],[0.7227451705119764,0.29252088591298725,0.2902936606924127,0.8923934908115059,0.021461471059735244],[0.13821987296908086,0.9219045362980028,0.07585027558123097,0.7301054192189907,0.4884392271002487],[0.8537940978989071,0.7966708600327779,0.8871557246723375,0.8657746230672031,0.2764348414258852],[0.636417775374232,0.1421210272193266,0.8101350517053281,0.5138032799265911,0.3806823365144399],[0.21924894728894948,0.5047886016107279,0.6201004788785016,0.18238495381892805,0.08804438765681998],[0.6411532145846337,0.18451503151821902,0.5813524390361241,0.19307509521167723,0.07581215153724856]]}