{"n_weapon_types":10,"n_weapons":17,"n_targets":5,"weapon_quantities":[1,3,3,2,1,1,2,1,2,1],"target_values":[85,54,65,26,45],"kill_prob":[[0.8629272507779672,0.07295625652821916,0.04302968437807758,0.19527451455475403,0.29897069476043764],[0.599875492588077,0.6094529860116994,0.29007316620238544,0.6786937540128132,0.4911726512027897],[0.2929256984609537,0.468132193968753,0.743084612305758,0.6465122764514581,0.3155993743775468],[0.4919558740220962,0.8980671413796794,0.899770098445385,0.42128387307804677,0.3459323925326005],[0.5210778116746212,0.17594605962561086,0.12278659954233963,0.37326563619701514,0.5862287283926852],[0.7626698762567328,0.5446844327629984,0.5760679302234312,0.8615019322371212,0.5257413084748064],[0.7698780707145622,0.4248990835920957,0.7569840990292022,0.12357567717279327,0.3628059818059815],[0.7838584729895577,0.6204026376390277,0.4828007513216247,0.5184044382244821,0.8208948829906533],[0.14502232999481024,0.6286792014099299,0.2400655497071696,0.9349875303929321,0.9757220928369699],[0.7880389241077869,0.3518728821970314,0.1607631735895924,0.6526120076607763,0.7391769203022001]]}