{"n_weapon_types":10,"n_weapons":22,"n_targets":5,"weapon_quantities":[1,1,3,3,3,2,2,3,1,3],"target_values":[11,47,79,64,52],"kill_prob":[[0.947180713969695,0.6592129617981926,0.4751509260038675,0.5890617387054419,0.44049986760875687],[0.3797258648980955,0.7898340525835859,0.29334186475434665,0.33047886539478133,0.34215281118914287],[0.03438613722953783,0.2131789069625387,0.37728531882374367,0.85766144135682,0.8334855277452451],[0.019717642463177656,0.6334395102513167,0.12047220382867199,0.7681755351408179,0.6790744768155652],[0.5894814924987095,0.5107487823808262,0.49984673265063845,0.10805964642415058,0.28995950483526584],[0.11572728406654369,0.5202039171797974,0.4539626396485565,0.11547132512149584,0.09911705760065365],[0.02332845265912771,0.9567308484831332,0.43637533381414034,0.5591557161596075,0.5175375166530746],[0.9729145343919406,0.5909876970317186,0.12193244389692524,0.6975549201331253,0.48435327260734423],[0.8233635207255641,0.0844854197849254,0.5157023801689954,0.7421761098901427,0.38813800388112074],[0.1555155558978763,0.48109420053984947,0.5758637580045414,0.9195310206120731,0.7738898608522008]]}