{"n_weapon_types":10,"n_weapons":13,"n_targets":5,"weapon_quantities":[2,1,2,1,1,1,1,1,1,2],"target_values":[36,13,58,64,38],"kill_prob":[[0.6016917931566801,0.5743935782009872,0.10576298921628866,0.8363794530460823,0.4123820639001161],[0.7439679667893108,0.08439338821529327,0.044307493616915786,0.19083244172438396,0.7944827945747336],[0.5476778668282895,0.9623551996214097,0.4238736669709989,0.8130266488832801,0.5790975443651228],[0.8321122884510603,0.9594213981655427,0.4779086111112601,0.7691574457071451,0.2439577995204501],[0.07382927577527412,0.7774070208959357,0.7805544945408576,0.40428439001916944,0.015809536301248102],[0.3007298466741144,0.13419661108582626,0.4142160574735007,0.7445098085290238,0.9221770523296973],[0.20030536045973985,0.30688463960773416,0.44326874257241133,0.3603002137973803,0.01881404258115881],[0.2709497198120285,0.724549468947496,0.4145949962135025,0.9319833352292136,0.19852879890083977],[0.05111361233068427,0.6249143373652138,0.07954430689887267,0.3171706799773399,0.6837237179915076],[0.557552547102875,0.8276343069646961,0.18387426375530744,0.642972579266846,0.816149753639006]]}