{"n_weapon_types":10,"n_weapons":21,"n_targets":5,"weapon_quantities":[1,3,2,3,3,3,1,2,1,2],"target_values":[46,46,41,77,66],"kill_prob":[[0.4112491345457936,0.39799893793508084,0.39221279629544015,0.6007930833297579,0.6615385334757501],[0.39424674059925224,0.8860641741949188,0.8509009424113672,0.9488445746291789,0.2785737994422949],[0.6725897943361834,0.6669798959819776,0.2180934821834321,0.4359116317982848,0.5972648925756586],[0.39083488894575863,0.6556031037479534,0.37714767814272726,0.8341255470274579,0.8683715827441875],[0.024472762217077004,0.6673326550822842,0.32469574495318104,0.14328422856947323,0.14432940646438996],[0.6858951670483664,0.14561777260107228,0.1712562924586283,0.7702528409949712,0.9656454937718525],[0.763027815403827,0.9368660861467344,0.6776693521135775,0.1505250891942023,0.15528129540127122],[0.7463368701002469,0.6221652941585815,0.2781344710969807,0.3583174066212669,0.7747082179202566],[0.49285535145375114,0.9736657189131941,0.7960573082532433,0.16755280844713336,0.36329499675294175],[0.11214244967057954,0.9151822143565672,0.3148335832386253,0.0842255724567031,0.8809083368244608]]}