{"n_weapon_types":10,"n_weapons":19,"n_targets":5,"weapon_quantities":[1,2,3,2,1,1,2,3,3,1],"target_values":[66,52,95,21,53],"kill_prob":[[0.19195373268700208,0.4339214444678645,0.483846407238869,0.2389846563184697,0.11001213363606843],[0.3499768683144094,0.22091560327872434,0.23031566983013327,0.33777743811184574,0.3207161118508825],[0.06078829555537373,0.4044430101046515,0.8555994344250551,0.6077070156692869,0.39670562109337715],[0.19755344696095425,0.9603486726637791,0.10874968225004544,0.6755979193432822,0.04217397010575454],[0.272625579548826,0.4519079664214915,0.1244518763692343,0.17447823564265216,0.7080125562000268],[0.5108006488346026,0.040594350322719346,0.4590078665726558,0.26975405772865363,0.5383438170191509],[0.5930833720604329,0.9211239923088241,0.5644255150490455,0.9241884560312942,0.6418600927326746],[0.37555300286234095,0.7707732234058229,0.02673550671171225,0.5708855958559494,0.43901072763531224],[0.1730479840825396,0.8726282338432528,0.8517284364912859,0.6612876822797957,0.11236264241836695],[0.5249559151901723,0.23327742287495448,0.5441263241079578,0.3906141687589637,0.11047344623687985]]}