{"n_weapon_types":10,"n_weapons":20,"n_targets":5,"weapon_quantities":[2,3,2,1,2,1,3,3,1,2],"target_values":[37,28,85,42,36],"kill_prob":[[0.21182095015292407,0.4695944068340005,0.6793510404687801,0.5166389868650765,0.3672662995980656],[0.8177799802328527,0.9552263560457934,0.9644707540394444,0.48429640012276814,0.4652969395229099],[0.43397158064240265,0.9337403918880887,0.6009355019690686,0.17556077313122717,0.19449516695494834],[0.25839507283149404,0.39256847965637703,0.7002745868856847,0.7463365711794766,0.7936961819681634],[0.28596151048471796,0.4437451792625179,0.7806040765994975,0.4247925943937716,0.8834158950581221],[0.5370558483113669,0.5868523760939508,0.7519425860830856,0.24572129946829235,0.5978241786734294],[0.873860588548271,0.32376266351531446,0.5242762963378208,0.39344326114181827,0.3810557037618277],[0.27005617335887877,0.4158104309387465,0.9447830010669851,0.17343249740462116,0.6956315939731124],[0.577107306394726,0.31973256950902446,0.5524290449373609,0.4750221750595305,0.37594585628268845],[0.825010144910716,0.04044620461097946,0.8861496047456398,0.29666169744000415,0.49113795049084985]]}