{"n_weapon_types":10,"n_weapons":22,"n_targets":5,"weapon_quantities":[1,3,2,2,2,2,2,3,3,2],"target_values":[72,62,80,91,81],"kill_prob":[[0.1459546835764703,0.5503643436893473,0.6349053469501018,0.35526181111435223,0.7909291703514072],[0.3884392061553782,0.5894142710696559,0.6388846897555523,0.8128245656801766,0.1731333065966802],[0.5998123875051787,0.39376900009755816,0.09273803091550797,0.7563231238889546,0.17644476747548077],[0.15691941247223865,0.7134264692506773,0.6438099447790242,0.3140156695043486,0.28599602155338316],[0.8108243871739342,0.4840897820079178,0.9462789834525996,0.748708894548328,0.7108852264423072],[0.33209660013919456,0.24911285377077533,0.45916321677930944,0.23894110010115324,0.35922826223069154],[0.08817754216122482,0.6975210393887449,0.8161208822128134,0.38334919315650307,0.6276468367960062],[0.9762110693860596,0.25132911445067163,0.8411509187822126,0.4030920548282656,0.4688507393202711],[0.7741314167180198,0.1983800747351593,0.1902363643343713,0.33076960746259154,0.14993488066503594],[0.8196372600508259,0.12013351401314476,0.8441398350570803,0.9406929816050904,0.9620828529434563]]}