{"n_weapon_types":10,"n_weapons":22,"n_targets":5,"weapon_quantities":[3,3,3,3,1,2,2,3,1,1],"target_values":[34,91,87,93,80],"kill_prob":[[0.8024349740599578,0.8838478972069517,0.7414607238259248,0.9079281217348297,0.638500374726224],[0.9258630566050653,0.8335374862179658,0.2925002206426313,0.7348540005803919,0.9476302668511015],[0.3081967125722653,0.14698784998385497,0.18490879499907575,0.1645155031463628,0.9429578679890571],[0.6699661839978773,0.4044602592229291,0.4521472058124797,0.059880801617627676,0.14804898808926953],[0.8917239564592471,0.9272392831593959,0.15030516667953625,0.4905006844560933,0.7261670441514839],[0.6040858637680824,0.5388982867319697,0.34162237720658295,0.3795109116909055,0.8550510656185739],[0.4953762525668356,0.16880587679967468,0.6029897276453505,0.5930838884060082,0.4703504805979224],[0.6948064703225598,0.44054692421249486,0.6051201113445605,0.6552080811401766,0.33124781420290483],[0.5575575122664492,0.5717403035128608,0.5386863891838876,0.5197622332827246,0.7134803885869304],[0.017042799582890397,0.08825327505555157,0.38388329905202934,0.5949945194820324,0.27935882503465553]]}