{"n_weapon_types":10,"n_weapons":22,"n_targets":5,"weapon_quantities":[2,3,3,3,2,1,3,1,3,1],"target_values":[25,67,6,52,9],"kill_prob":[[0.7350658551253183,0.8016137735155752,0.9868913716533991,0.3939737103664983,0.5072572170776645],[0.6112616981736402,0.024641894683919013,0.36724992312753496,0.16036253737370612,0.25429250988813934],[0.20247590303504967,0.9799564612631981,0.5110862584980348,0.7905159812786777,0.010686139850149122],[0.2614890369771801,0.08321117344221474,0.5367057024542515,0.7089408204887692,0.9875033847209341],[0.846353762516245,0.06669340114708888,0.02333279744932637,0.6490151218395148,0.3198967947374129],[0.09013821549222543,0.05454720481695306,0.2227992644535808,0.69512103314423,0.8645873558195293],[0.0574362330444951,0.7180967990427467,0.20681815171901885,0.8060398345124751,0.2787072047315272],[0.21983239324879833,0.17913206679855811,0.4420377543265278,0.03142614091619656,0.06909261131602139],[0.6699476916866909,0.7734374040532854,0.8707879838441174,0.3861802397808834,0.5375422250913036],[0.12106865051047914,0.24611936085999384,0.2586608586022085,0.30914383232977233,0.6601964540666783]]}