{"n_weapon_types":10,"n_weapons":18,"n_targets":5,"weapon_quantities":[2,2,3,1,2,1,2,1,2,2],"target_values":[7,11,44,60,10],"kill_prob":[[0.5853037088716555,0.9112827374271394,0.6134285641209212,0.6889815116645649,0.13961072975434222],[0.896791535763147,0.03527869316418219,0.7909497912106567,0.14590195349649102,0.4918930428548091],[0.30357252962160014,0.8734346120626467,0.1003533196987687,0.8632019898168655,0.4892460893995782],[0.11610292196202811,0.8549906176490306,0.6080975877290483,0.03658222625353836,0.5578162736964019],[0.5899886648698661,0.4031366486871206,0.9718355791901123,0.32552734376761,0.918224441619034],[0.6781756102758298,0.24812717850750102,0.7988484894190618,0.3525067506467874,0.32339841066910646],[0.5121774103552825,0.8685826379539721,0.4414036772108457,0.16103278528067758,0.1531450883835026],[0.45518184996011907,0.4337226851270312,0.9705012925220621,0.8442154216788296,0.8795223535808575],[0.27381953068525133,0.2619011192808687,0.8508455268726375,0.9084158177511046,0.3173601531916156],[0.753914043302088,0.6806154536139275,0.10302656529438922,0.5320206769108563,0.08842077888977493]]}