{"n_weapon_types":10,"n_weapons":18,"n_targets":5,"weapon_quantities":[1,1,2,1,1,2,3,3,3,1],"target_values":[72,70,58,55,2],"kill_prob":[[0.05305459004396815,0.4112821464947874,0.6661356045049065,0.36794247332621216,0.039565589668933844],[0.47049523801925264,0.2138235354822366,0.3765530238154132,0.25805001385589865,0.8870329455834137],[0.507188932307362,0.09756448701278392,0.45217510518254495,0.043572486681138285,0.2134920618440265],[0.3366912101915078,0.38148313929555133,0.13282445520868807,0.7074749157809623,0.304773126349931],[0.20098620885000124,0.6295793843999071,0.9127199035347631,0.6996886561821648,0.10181230371517326],[0.22883150874773994,0.06646807150819323,0.7320100362395656,0.24045733483664716,0.13538102659684567],[0.2988656558218288,0.9899343824118975,0.5597204356261303,0.6049829766990207,0.03885969710703771],[0.36115864525195857,0.165938399319133,0.06167287483151956,0.25472652949979696,0.7747290236685985],[0.1713141996160474,0.5697455219441063,0.6635006275930041,0.39399930127657457,0.3904742252811047],[0.03479770858881696,0.1732172333147798,0.615555353075628,0.5710757357977624,0.6920394044861073]]}