{"n_weapon_types":10,"n_weapons":17,"n_targets":5,"weapon_quantities":[2,1,2,3,1,3,1,2,1,1],"target_values":[30,38,78,23,55],"kill_prob":[[0.6820726629821378,0.4617998977263569,0.42817954910824185,0.5389507378494622,0.5242526505929963],[0.34124605744684083,0.8384482523129585,0.9735537998042573,0.8636655286560488,0.5161958359351295],[0.6812098336254566,0.8261880898711492,0.8149891951606489,0.886534674586352,0.23324764193930209],[0.6695853768559634,0.4051662424894552,0.8720401933272909,0.8862697646138378,0.3299893627008996],[0.5406452806842122,0.9620559368833,0.06602099751248258,0.47500272316631553,0.6959748013800376],[0.17988825996593633,0.8199974696758232,0.7978071324287841,0.42955756198203815,0.6329418795336325],[0.15641999495042025,0.31710722675765945,0.8853103774665619,0.23537253376583409,0.47820197898475725],[0.8505285502294508,0.10955680505767196,0.8088638471028976,0.022557339340390926,0.7704251533181765],[0.9062589134505393,0.25123903344088666,0.24378433839742142,0.28767338282042054,0.5357867683195466],[0.25221445083483407,0.06805041328226576,0.12447744673868912,0.7340385441620069,0.28754237743793765]]}