{"n_weapon_types":10,"n_weapons":23,"n_targets":5,"weapon_quantities":[3,3,2,2,2,1,2,3,3,2],"target_values":[26,8,72,14,25],"kill_prob":[[0.2698599831761329,0.03274840555566156,0.7607948705535642,0.08255001591813774,0.36968729027483604],[0.5810804961232904,0.6845302638153413,0.7417912051004681,0.4889247867959022,0.46340237252585476],[0.7052316300105884,0.8013782057395619,0.9347858834366672,0.7821687191726251,0.5588961068618006],[0.8674325425101086,0.060828688338125436,0.8229442720635909,0.8829644205997179,0.4405332571755157],[0.17200011024370818,0.20930302273662982,0.6145834321665188,0.39318936439564195,0.26957203819490017],[0.277144443177109,0.6745751181954315,0.40124171945144055,0.14921432552645053,0.39556430359344247],[0.3849807314785079,0.5211314823382581,0.8058901557739953,0.06598481687036793,0.22961495363381185],[0.3081119324314789,0.9188450524937678,0.062081219044541044,0.7323675392896823,0.6624411215688075],[0.5225255410418731,0.21909020349184458,0.9178290711741998,0.3301610412227352,0.03306708565166185],[0.38107013182922717,0.31402196251131886,0.8824056482305589,0.32356813808277224,0.9113283337981299]]}