{"n_weapon_types":20,"n_weapons":44,"n_targets":50,"weapon_quantities":[2,2,3,3,2,2,3,3,3,3,2,1,3,1,1,1,3,2,3,1],"target_values":[99,76,13,47,76,20,55,57,4,76,71,24,45,90,4,32,81,49,52,12,12,11,22,37,42,97,19,87,81,70,62,35,8,26,36,59,37,62,99,75,85,41,69,52,59,80,51,12,32,28],"kill_prob":[[0.039043867667788994,0.06040531332341181,0.14041223471609296,0.2511026578167305,0.7244737077068822,0.3162725980806751,0.7925615138332168,0.4195292471926785,0.05721874855072075,0.8277602425926772,0.3304047614796556,0.7765127446093254,0.5514528058559983,0.045066211533160795,0.8761575501921206,0.4111604305687609,0.04594086171428713,0.8373124125168434,0.18531990613040183,0.5747426796110403,0.8363355357351684,0.5122653216655428,0.011640822256873674,0.1867419348946278,0.6027010974195088,0.36774859637162194,0.09146846291904791,0.46636750603491905,0.9463183041827554,0.5931349565570794,0.5871404093436033,0.4855827172532289,0.06349443861633683,0.974814438510547,0.12991932757994998,0.9394563768106887,0.4004656826958011,0.9651709789440827,0.7193751528609417,0.6213842223688878,0.12002463723062216,0.010797081436321417,0.5064166258889281,0.8687223423413658,0.3437888014308605,0.03640435712471401,0.35475785231264506,0.9145923155708392,0.8760692482748965,0.18835767311241447],[0.7896801518553191,0.9893127764299893,0.9487709684586393,0.6592099683715755,0.6789366264187512,0.3453089350117528,0.8935630466676425,0.2086813499462012,0.3074153525905019,0.2273907103243067,0.8320387226969489,0.29407770238799014,0.9899090310776741,0.04848647889239444,0.11551771437772379,0.3508887741280363,0.06661716368034648,0.8613251886483021,0.7281582368372468,0.45291621813023025,0.534805953670462,0.4851337500042491,0.5649528039193523,0.205069317378586,0.7224544653082696,0.5455918231130199,0.7908257929247758,0.07086184741498178,0.8966688305727504,0.6760206904353571,0.8720455693069292,0.7403492593991265,0.6592094744641183,0.33652570902143275,0.7953487859026116,0.6023488498676837,0.060970174764881487,0.03333074879177545,0.889405881609575,0.15983316862973218,0.2450451264281909,0.20836084228361787,0.6953932007184733,0.8787315628280515,0.49518672799576824,0.4891399713652394,0.16808322665714423,0.5763236043783939,0.10453030501718379,0.9688830729419992],[0.7642473017545293,0.4014449286018386,0.39232423542840444,0.9521570556586609,0.47997403806413763,0.6552479658742169,0.6686962114295986,0.927726651754066,0.21210614437038147,0.9448735512666687,0.6244709202202233,0.6505845508195206,0.8058016102974843,0.9065308053392732,0.4044763527358748,0.12453489781826736,0.3429067567068389,0.8019197492066841,0.15098869668299073,0.6109856530121524,0.29149423300886,0.5541430405460229,0.9126702250897534,0.4458876012383986,0.44246073196748587,0.9450001682530041,0.511118132415688,0.770455395455314,0.613579483169777,0.3922703196817473,0.5470800803958062,0.6902917032601272,0.35320591274457513,0.4863006765664089,0.26387393435958995,0.12003975341901317,0.1462520121460948,0.42533912057164586,0.45051530880645635,0.9303418679345169,0.5666870958580673,0.38107711663825955,0.01929357207219002,0.910717883661119,0.8778618365419365,0.9000636871641727,0.7297038602333682,0.47313025251082563,0.9209235454245337,0.5250309654361806],[0.2527666669752667,0.5929540748613905,0.7514228049626333,0.6652634389880383,0.3557693559045397,0.1932115631565401,0.541294707837507,0.5368598902935185,0.4363919774069396,0.6714217468018484,0.8150165009561329,0.704903415068463,0.1456925178461587,0.7185309213927616,0.4719129995257779,0.390978166722155,0.30417559318204584,0.968020290142722,0.8895002925409591,0.6204821569406905,0.5101205460896275,0.674868499237036,0.35126888108870863,0.7861179509797952,0.810901972782858,0.7898255125387165,0.9729107752614554,0.293864315394054,0.9215843459126112,0.8286688688145625,0.16047748780997811,0.21360120608237718,0.23911652841525913,0.12641670281101558,0.547528896825216,0.866758522299073,0.10347873081865196,0.7823892690250043,0.8138386819705133,0.7808142386144045,0.11013608681476768,0.7474598191453392,0.10015890438840473,0.8979450228526046,0.9017393694544571,0.48718101761327537,0.37609901234613446,0.39039287038262804,0.8011814651345426,0.6647275011144766],[0.7608965425047457,0.29877503151710805,0.6255127386263127,0.3320393573310091,0.9423202409910317,0.43046240385737355,0.08787268533508544,0.15883945306414088,0.10548202372983705,0.6697755255894569,0.4298022842811596,0.6072530970627097,0.9525008882766641,0.7038442381264155,0.4694455459926383,0.20095998192514994,0.30426804866712265,0.4092363445822808,0.6668304331032738,0.07621171790604998,0.07426531171414986,0.348324520497148,0.5622324714760459,0.5961930436653977,0.621513191254211,0.7350176999819903,0.8931779471014575,0.5150724627136518,0.17010635416398961,0.2533869468085396,0.5224037311328561,0.2707545024198761,0.43373445098544855,0.5546444801806628,0.7985491912473622,0.7263193686801351,0.7729236243501524,0.3872468364450652,0.8768276562904331,0.6893536396651933,0.20546563855503203,0.7055917171946848,0.2575691806980439,0.3375655592941533,0.8338162934898041,0.8528201211999569,0.37765277485613535,0.6114753091057554,0.5403714357116622,0.5589744134741412],[0.28851384878140135,0.9031296637535563,0.16944887553168905,0.2771896442573537,0.9669586197298115,0.9150442333853465,0.9278955333155172,0.30927148069523924,0.6245228572978365,0.8911293020709921,0.04170957110899138,0.39322628852538716,0.8064294461035503,0.619315964774989,0.06883670095154786,0.4384746440368963,0.8447757305444016,0.4194083342788395,0.5713814391314885,0.943967583140426,0.5805960986280858,0.07255205873462738,0.07967943672874192,0.14361815069800538,0.983814939864917,0.637623739994923,0.5807046302178477,0.0760570177101797,0.6327000491088012,0.09644166308215917,0.05741368929721032,0.5260107607075861,0.05885645500728002,0.2554062146174153,0.07866010603074078,0.45905827314229297,0.19789493817707893,0.4324728255028485,0.572659596134903,0.9383057858490729,0.7547787585326686,0.7204238887528602,0.31233627202465797,0.273657305805996,0.673373200276086,0.3089409346685244,0.06505658527471057,0.6557019341962084,0.8789064040654042,0.9842268924941875],[0.06756249655690497,0.12093142832784065,0.8219264144910724,0.660542658879805,0.814139978506894,0.21987180322134778,0.9002534207689994,0.3717630666824851,0.20644577876343112,0.7260159708679578,0.975410066368872,0.10615054272464236,0.4924544446697324,0.19260118492869666,0.3462971105415899,0.5268968627960008,0.7291466475508837,0.14245409795440556,0.6620332895291571,0.1144370965642133,0.8030856960677955,0.8891316758161989,0.1610265684620846,0.22596643074126205,0.23632583117072184,0.10660679548988183,0.763119573878256,0.3088873547602752,0.02891074100229895,0.8618165466852522,0.4126576722609922,0.014250309744743004,0.5186823882924014,0.3613767789015983,0.3515781783467296,0.8051143638682617,0.8769194955346353,0.38087141900396115,0.5304134801539453,0.18603946953279493,0.34094937893075694,0.9178096334243493,0.24496103768251765,0.39230855992045216,0.6961758815629021,0.046741472554897016,0.6053995420926577,0.5457326053342163,0.056202668421751686,0.6518542707127404],[0.8415542201211943,0.8987352677209621,0.2122951475468437,0.15251105632058537,0.757271617299166,0.32076902301194565,0.8566290470889163,0.9730383000298652,0.6750056566969984,0.44950742986396686,0.1316022933455743,0.8751731395742754,0.5475880740097613,0.709463563815773,0.16831748724183135,0.9527996105567629,0.5600064649070401,0.9364542805706353,0.6099573673183634,0.7692455033199969,0.33159647960861355,0.7916537485445881,0.41919650280839255,0.15135820034735017,0.4787135456538432,0.6788293619225061,0.17764393659614294,0.38383337361318776,0.9077465627711078,0.6630458812384964,0.7329967865083485,0.07227091339079786,0.4462649595340816,0.4991346363721652,0.7095340899974112,0.890913517201209,0.6399326764937437,0.10313432246275883,0.06571188478519181,0.6989204511022569,0.3906210019122784,0.4642673191007852,0.5252707816069178,0.3798802741238168,0.5969449072001007,0.15183797673714225,0.6154503052760907,0.6546666437564205,0.605318342068192,0.6782196850147839],