{"n_weapon_types":20,"n_weapons":43,"n_targets":50,"weapon_quantities":[1,3,3,3,2,1,3,1,2,3,2,3,2,1,1,2,1,3,3,3],"target_values":[40,60,35,60,26,33,43,36,73,52,76,79,22,15,10,62,94,74,17,63,30,70,87,3,31,20,83,4,21,16,57,40,53,39,9,66,9,72,44,20,63,32,21,39,61,72,64,34,52,54],"kill_prob":[[0.12068406579815798,0.7144854298249635,0.40074902607115886,0.39665943448606117,0.7356874976405817,0.28637815814710016,0.6489222360670597,0.9161576117831794,0.8444931373966957,0.45335985627198494,0.2664103276393942,0.08751711856271784,0.3794827180865588,0.09459601455801045,0.6801620954625666,0.5080129502216769,0.8602287958705651,0.9670133560921447,0.8129817394003891,0.036163550871628904,0.35149802038936984,0.6997200650369692,0.7357834397530914,0.5302469224974314,0.3190760292062801,0.8295914034086105,0.5790946912531093,0.027276984786495623,0.7061609956057533,0.7846335139936571,0.4917439752859187,0.7730675330957303,0.558175033599404,0.7395309535305924,0.8056040520292987,0.6576620407205613,0.8308129964488284,0.4050712727534884,0.7445120711177411,0.5766587913648202,0.9724235352788123,0.39047387304765746,0.20502318893716498,0.48983664846205693,0.1993832066678576,0.021763504032060378,0.1846533166238399,0.40355816504948555,0.17747386592426975,0.7147183440820575],[0.5074010070356483,0.2615069079549621,0.7501097510742758,0.8602632757714501,0.8600287859113483,0.6933362880221957,0.4137558409770459,0.6355345605456371,0.8587824486710984,0.34172503602312926,0.28051789303538327,0.4493139606489922,0.675704441365598,0.926095795589783,0.9094678671316228,0.7404062248425499,0.7433885897653691,0.8967937731946478,0.12185881189876097,0.3090431041097815,0.22219498314338418,0.40233147107843215,0.7174973663687588,0.6322408823648815,0.7838934327629565,0.9518843274850312,0.48024403614221295,0.4636444767082308,0.9142962304157577,0.0813430898660189,0.7984837796071954,0.7398265444755527,0.6478295732101794,0.6229173907986842,0.12257062229453417,0.06185456612895594,0.7869584280285363,0.046463642949732216,0.1166570560475205,0.4002891508614077,0.4399466965224999,0.06993863454633069,0.12821088539272768,0.11329394331519418,0.19721656568368418,0.6324384968896312,0.7495378119224877,0.28307391825399575,0.9417584113828137,0.3394355852746085],[0.3373636533224614,0.2815277440664899,0.397401159963759,0.6269412285884388,0.13628580935150625,0.9036127685983343,0.05626881458350529,0.1805382523691206,0.9832236655095057,0.8846717779308412,0.31314406451191457,0.38547232450373664,0.9292288163209099,0.8423650790779833,0.522332147101315,0.21049658796252316,0.33738342107505037,0.047934891565249035,0.1785408771707874,0.8486176388599372,0.26306700008109324,0.020031527961453417,0.5080055691494074,0.3915762838735213,0.5079251306271062,0.21853473343522126,0.5053841148841671,0.375322904350791,0.015592647100687427,0.21959751745894074,0.03419653937116397,0.1487400684932986,0.6054565765990025,0.07775077964680241,0.08483035145221,0.7776904691753971,0.16548868110854986,0.469793973371347,0.03857390905122404,0.01568964797066757,0.06984964713214403,0.0717932355007336,0.22492364252695365,0.0635843066795545,0.5371399340272509,0.8466482972006375,0.7767504531527237,0.8342580683559591,0.5284242407650147,0.3212927553546618],[0.03878488139676519,0.05287568839314637,0.27456056433972786,0.7867081898246673,0.5145065499449503,0.46906343996497,0.9166247529351478,0.4013440142225163,0.3809578195355206,0.8057128115975111,0.42974033832659436,0.624544892774544,0.05664388889763698,0.7829158194607608,0.9665415211667858,0.2550083095998876,0.1736809129021828,0.20024135330565193,0.11393502695335839,0.6556903563967045,0.023721765040954208,0.09087187208786911,0.7219567709735969,0.5810401848095298,0.9819089415844041,0.18597251356128827,0.5034911525630336,0.9781388111607798,0.3509966902558696,0.1416947659438244,0.7854204848520928,0.8392145131793575,0.8896825942668949,0.381024375312583,0.17218341016613523,0.8806210907306543,0.6442239977197363,0.3714013292484561,0.6740039374548681,0.5040077567566688,0.8985152175897086,0.8178811552227889,0.6242036005940594,0.3311186711842781,0.43367351706532486,0.7179319158452087,0.7189215942612853,0.13132459691729673,0.787437031438199,0.5626295400388868],[0.5137242379148149,0.8552003440671613,0.17391451337380462,0.20755443538322213,0.23769283205847014,0.8550515099453111,0.3309537198160543,0.7471042765137597,0.17090827580486365,0.7357977372500355,0.1232263805632606,0.8388177033582279,0.4910252854334826,0.15239919950938532,0.9296771876129306,0.6395040877542973,0.9224823989074856,0.24898616646166288,0.10829242698529817,0.6892889701423305,0.9817190476012468,0.1426852021146605,0.6970972531594408,0.5122613475385935,0.21889930375456404,0.13957250270226818,0.3065680313994256,0.018713075015422864,0.5044136659860866,0.5798187536118549,0.3696019931934057,0.24513195350895198,0.9004187449087683,0.6013342158282683,0.6156064887793236,0.40578051831538775,0.3576400903618835,0.8534833565757317,0.4437776549129759,0.5073072368616605,0.17263962445993664,0.7915261556604468,0.7626948707802493,0.5891211314656174,0.2531723241866498,0.9568824449790636,0.07654729452633907,0.3728197292530668,0.7705987757046169,0.2543884843695669],[0.06133510064845613,0.73812779244564,0.8202484192080116,0.9622174507695401,0.6943665404002145,0.727120472613835,0.019693450924332806,0.6090982264753096,0.37551892347127835,0.8307252154355255,0.5376350642236558,0.15245304811207983,0.6008853248455348,0.3957338689258855,0.4793179062761275,0.6272904912083145,0.5452929224935967,0.9871972165136601,0.8383012406129462,0.4530020495279765,0.4340541798159958,0.08493691286257764,0.6666748506627556,0.41999878164723586,0.3851818002979932,0.37584707335692136,0.06558901431258628,0.4024113083728691,0.060805955144796406,0.8142853435915169,0.8818594591669882,0.9313820542835578,0.552506051165415,0.3115557307059954,0.5273197138889855,0.8139094241003431,0.5218474806555681,0.22099180497607265,0.09031770464724892,0.7497755825302321,0.3440012856145185,0.18854350410547674,0.5200344128238668,0.6444019008358036,0.0336604353036846,0.11629150366090008,0.19826500865984403,0.16215340267299258,0.27263741646562994,0.25776207170447263],[0.4778913835112021,0.8943280025091551,0.21251027631662875,0.5292008342724127,0.41831003000289674,0.0716303675433182,0.18016878329054165,0.5952159221836026,0.730782944742692,0.4720887576277205,0.8678315730054831,0.7893119594350908,0.2222220063790461,0.344739125173448,0.8272373437142758,0.0669873323951279,0.9167499786159613,0.4692337297127279,0.47271711211807765,0.23992458249269671,0.10685468774385078,0.22768285877316388,0.4656393315017256,0.12319355301770664,0.727312603366743,0.38477670380919854,0.2469640707411516,0.8637967502288811,0.10766616059765058,0.4265298153264133,0.09932616015296808,0.7046828842489482,0.4345967242359058,0.604984491398086,0.9408717823113257,0.7606460429552732,0.8642593918419358,0.7571047034607662,0.6658226427304498,0.8089072998389205,0.7960216941051212,0.32714343539006097,0.5656878929221386,0.8633444584614528,0.46415844053477484,0.11609021465509842,0.20768474833447964,0.13216534241383474,0.3380737574479377,0.02067240983815023],[0.9660236745584251,0.3961328656218905,0.6612531194101154,0.1239792799963105,0.9545211860001481,0.7567781645422709,0.9811737805811664,0.5265394686475339,0.4584830373403411,0.7903758931904604,0.04018066458310605,0.7754220379426974,0.27859177720896733,0.5014655006775914,0.6774035644583258,0.12803116731990175,0.8832603567698426,0.39904546985036743,0.7280985570568742,0.2550581828916893,0.2267168535690225,0.6023216978805152,0.9134917316279918,0.1192305407194533,0.1859351591973697,0.8831298900768332,0.04733961443208719,0.29569228890372257,0.8024697592110503,0.055877211039319565,0.4631966991274036,0.6415643260235642,0.5516212647742325,0.9512193218323719,0.5805343972496654,0.694568045860367,0.11248066964686852,0.44751784388643245,0.2969650421763593,0.39427339552929536,0.5457061473925798,0.7083177015643478,0.6616869301547776,0.802104259739281,0.8172690351012909,0.6509904253801317,0.40824791780586395,0.2686601917219037,0.4416365300130422,