{"n_weapon_types":20,"n_weapons":37,"n_targets":50,"weapon_quantities":[3,3,3,1,2,2,2,3,1,2,1,1,2,2,2,3,1,1,1,1],"target_values":[57,70,65,34,21,31,25,19,18,61,98,9,56,3,12,50,19,77,86,25,87,28,71,78,95,76,23,53,69,35,19,88,98,60,30,28,2,8,11,5,7,78,31,79,42,42,64,16,33,9],"kill_prob":[[0.2874443288314102,0.501869617860083,0.7736516774639636,0.0815751983445251,0.1188755197242331,0.9655713180867357,0.3913223971869587,0.9780350408073204,0.41177363828655045,0.9682883283617336,0.13366768057567113,0.12247969651917978,0.9811863031101206,0.33065754180088974,0.7890043929701736,0.6950485510386364,0.6708144917684966,0.14892610948286233,0.5102854073189756,0.8292377887929875,0.2976460674403871,0.9245634306120718,0.06117912507151734,0.9707439370920649,0.3823148453689344,0.302058127092764,0.4012918393128491,0.7575641514051974,0.812034887145038,0.08024598722892935,0.10422222179862976,0.7117910191196115,0.9491663135466613,0.7306904487246966,0.239308497443982,0.3693832194320473,0.4601641364006875,0.03997904499206886,0.9246340050066731,0.7482420177025612,0.1442073257687904,0.07156928374582618,0.7013490594709357,0.07403847112789991,0.7886264744433742,0.2715990808776806,0.031023252250113285,0.1024283153922931,0.6905889413527535,0.2804521120097071],[0.3030413850707788,0.06952411913110007,0.5836269618317913,0.22166998658057746,0.5036584706956161,0.13872740090320088,0.9852566858624999,0.7068273282704034,0.7212381417026592,0.7559876818073787,0.37702496276512565,0.29271170028073007,0.9851396941203355,0.7839109546488647,0.14707248836295886,0.903087410450721,0.41396682744895,0.7287148266643168,0.2736803095853808,0.6729302543183193,0.4182202121706853,0.567734397812253,0.4184766580134047,0.45397506671080506,0.9824139272899121,0.34501968654061405,0.5661462860587616,0.42726190973098177,0.8024478640246187,0.1062688451140558,0.28122941085366365,0.35991521415324196,0.5215112913539622,0.684023768546136,0.7849985772756147,0.18378022153024465,0.3219253897382014,0.5608821493102257,0.8973097247396917,0.9400259612527923,0.16628468617124745,0.16801219943879214,0.4522667195277403,0.4958884880518391,0.8824527983988152,0.3410231129297246,0.1528907577063681,0.11798922865723152,0.34231031226993275,0.9210576037662944],[0.42634525000291984,0.21533984477446363,0.3045518193849566,0.5200785829372032,0.6347784435937184,0.2804986208832636,0.7970175427722413,0.9806817891104536,0.03277724577103478,0.9793729119615024,0.6740167644124713,0.46643418656666313,0.7564067061491198,0.5370854215057385,0.715904356241277,0.5466886422584761,0.2542839117524745,0.6674660984267268,0.5052502672419579,0.34955020707476536,0.4927499604842097,0.06508943646564375,0.9413633702131239,0.7821933693161875,0.04927830084012069,0.7472784332453581,0.7242402971267089,0.5067973348155888,0.3642678360337039,0.4537280537077547,0.43202270306508067,0.3358364452510376,0.7218845587107169,0.2323133122812146,0.5785774223499,0.9882065717866996,0.46589946343078836,0.7018135034028204,0.2999915022196952,0.9251240927813973,0.5041363814427222,0.7958466472407056,0.661797273383128,0.9362955806448306,0.13301903951703928,0.5197181502327377,0.16823753895680268,0.19929151147198948,0.23547928304035665,0.5896958009044129],[0.7508031215936876,0.5822505346600654,0.7077283800797357,0.8624083079520969,0.9074924532266918,0.7710282654295183,0.24589506437179753,0.17675503507156268,0.18638771296219175,0.12286204739987999,0.3667867462752184,0.09755022336878051,0.709729011901504,0.4139727763426146,0.44871632379826076,0.6158252105241626,0.6957419384809149,0.5458248435278128,0.7712203857219989,0.3483081767728182,0.3258884690293555,0.5766625334707588,0.3716544269073685,0.05219703352916744,0.3793125826074484,0.35621288046745564,0.03275573673015153,0.2757708807655794,0.5627227175973327,0.1119135519609223,0.47026127482081576,0.5143648562231082,0.36202940068619116,0.9450156758604772,0.40923391714312274,0.3044744417140741,0.1078176641128929,0.2369903171099969,0.14676845895417603,0.33552098690262594,0.7766237269330426,0.8859746940445793,0.2700026771255842,0.04611415654342074,0.35854389351766514,0.49630492556718736,0.24656645655128012,0.7566660084630067,0.9216023071853671,0.061012788724357274],[0.34369544008167763,0.4538796170054513,0.8612449008606532,0.09859619078173061,0.010700440676448951,0.579591331411877,0.4678839827180113,0.5010449619198718,0.5562275313261223,0.41908903964671584,0.12477321894835061,0.3690729663473156,0.48842160951751123,0.8141422100486359,0.7457647097416793,0.24915971376675214,0.01482634552240341,0.08054111491941833,0.8854286924145698,0.4022993150140988,0.8287721237243115,0.0874545530474266,0.05011173854023781,0.2595669227867809,0.3551799720288179,0.8516667116505738,0.2247180814463901,0.6012353360057024,0.19263344610478092,0.9861024769306124,0.6663663775631756,0.3909406471814857,0.23051998082246913,0.7175049304763473,0.10715505245696108,0.3140911028002075,0.6606109633591861,0.013957289475100512,0.27138524109937356,0.28895822098780527,0.22056519910308245,0.8721581605379979,0.5843804027841243,0.5442625382010526,0.13295116044798294,0.9203322925517681,0.24762392035113506,0.5692554859677529,0.41159496872866513,0.1966018408178668],[0.5279420726879922,0.1554144040917419,0.23228954001404709,0.6030288369062989,0.3036693312497475,0.6248687826751523,0.9321983268625227,0.4470718812299348,0.36184403016130295,0.6124205431200148,0.9059303254025788,0.13549071223459097,0.6605328942754032,0.9134458977264494,0.15214503605423094,0.11594684396302515,0.463443328967188,0.7449495167710561,0.11895656785652219,0.6852896045463224,0.5243851375521762,0.49365498056427426,0.9547036882236527,0.3830441661883062,0.31514879850528266,0.502474060688553,0.751409857089132,0.8217276423611176,0.2883705744227174,0.7675617291655117,0.12213915473715443,0.7458024294401564,0.8358909660196485,0.784875096737216,0.5816675654156728,0.40399366228176586,0.40322051023473293,0.854714830560139,0.37027335423167884,0.5750005080067953,0.33855303022784966,0.19299146039027198,0.7956869230659895,0.5615124340935275,0.9129984100832561,0.3532961354280234,0.6554503183150381,0.031948614650971395,0.39363290041692806,0.7442746172655486],[0.17429296395399366,0.9583334953109763,0.11128853002755566,0.8666363915825076,0.10071284187148681,0.9715213994699196,0.8343874441206781,0.6212960444545154,0.39753249223503034,0.27836243017785184,0.06935726318042351,0.37856623797791095,0.9437427078408979,0.2576838393450141,0.7227455520820258,0.7144733303366271,0.343364538851151,0.5493798524409408,0.2806921633357993,0.08168729013145479,0.24974682331036696,0.35516500729120565,0.6577594122595046,0.20328100948747532,0.9879601388969008,0.04892393326416074,0.08729757220755821,0.03930109755067864,0.41026118694817393,0.11359249931048554,0.17771087295649032,0.8612297196172318,0.7998861926264229,0.5680651452572723,0.5291796719846291,0.26119289832922543,0.4877382942662792,0.24383146107987771,0.6800842503940256,0.3690687361078627,0.6860450512684839,0.5204440781404264,0.33233173720387976,0.7760590467842418,0.6765451598814544,0.22260688196101586,0.36447285087240294,0.7349725622725568,0.9694767427605377,0.36536822703208766],[0.3424218574933803,0.6466190307587469,0.7844815957099074,0.3005644562969148,0.344860504549492,0.35117526816804884,0.8922915719578556,0.5807490707016368,0.6715189691689624,0.8106812765960129,0.9172112308831685,0.7761230646160979,0.28865566494937667,0.04067726556095019,0.3521728907634263,0.38308980722902286,0.7617159891234024,0.9640598366109974,0.22059286848246362,0.44604928697608925,0.6987568634892056,0.7699124521680923,0.8286005087610523,0.2245549998836166,0.21332067185549589,0.3299741289643179,0.7097616965753396,0.4548303676049858,0.7444668550420048,0.49741317062321044,0.2513115160751043,0.7163171810048901,0.9263370814134506,0.37507287067110906,0.853783589669708,0.2319183970321967,0.14923712728110206,0.7286150082658875,0.2719219108411004,0.3775575115250865,0.4875697816957251,0.32816781280242935,0.9231728118396867,0.8121541142158202,0.09887482066556862,0.44518992208786895,0.6592668737932105,0.10439096886762532,0.9038344246674197,