{"n_weapon_types":20,"n_weapons":40,"n_targets":50,"weapon_quantities":[3,1,1,3,3,3,2,2,1,2,1,2,2,3,1,1,2,1,3,3],"target_values":[90,56,76,81,64,18,76,21,51,60,66,57,14,37,19,32,11,41,58,66,22,65,7,80,55,64,81,26,41,61,86,83,48,39,74,92,42,80,19,25,15,71,82,22,85,65,22,26,86,23],"kill_prob":[[0.023917746906162142,0.7614650821890532,0.4687958444537307,0.6101942462290878,0.7639247479509202,0.4790874153994726,0.9522798505568578,0.2782433621846299,0.7289741496568458,0.05562569251027075,0.6284627815720754,0.06017407283628131,0.21600430846621851,0.8649751598524615,0.9881416227299026,0.9772037190896466,0.9532898864923008,0.0364961204870088,0.4406128961487064,0.26721059793756474,0.679369353215453,0.9009719511457563,0.6804828396593259,0.78550893371478,0.7893449934373953,0.8857751223781649,0.1160205552360943,0.6748794910303647,0.915127804550482,0.50225775838659,0.4800370858757185,0.10407601807432514,0.513752177501007,0.8902014897990801,0.924308749970075,0.9327153786139999,0.3122587249415207,0.2113739408722238,0.8867734744773788,0.743819283146873,0.14681969569304484,0.14556157180117796,0.10752017449695592,0.9482651539665944,0.5989572427354238,0.9549509737591051,0.3347311360094423,0.6649123480428167,0.41629875189618676,0.3542502296265197],[0.7766015910423414,0.11939143227925927,0.594301847398094,0.9138844517453936,0.48843777635977936,0.4864926495997429,0.8773271965901489,0.32769124552629963,0.8690930750541045,0.1364574817284011,0.3233786466002336,0.8720404864451222,0.5792413530053356,0.7083614262941695,0.9156087786752971,0.24513736444630868,0.4321671520467909,0.029461641493588063,0.7533763986556614,0.41725581599916245,0.9680527940436925,0.672418695104303,0.7879302077160607,0.8245446865495931,0.40363035137519526,0.21128762309071836,0.907221150633016,0.01537422323713193,0.3741792053518105,0.023619984508373625,0.05630649931267545,0.9095899390952872,0.4919292244318232,0.21404277588542464,0.947938716875914,0.366090857340587,0.7083312369324152,0.8306069015640054,0.27566560359226916,0.7306690566501229,0.9889215163483189,0.4938633655897067,0.4624636127933558,0.9197100867550533,0.4653885997706298,0.5168342670233498,0.9479251566505301,0.6261988123000113,0.6984128059382398,0.7867655348047997],[0.17936726893057597,0.6656467276419116,0.14650596854734887,0.419493042772764,0.608268750836783,0.5797721680039627,0.7027987625263542,0.1997279802992709,0.6214669964909826,0.7097296550973914,0.14372881699312162,0.7853324908843222,0.5756207145627237,0.6844862394876366,0.17794693875345075,0.0885715109259032,0.8286902787116545,0.07625441405067682,0.23074189977489074,0.20945440965068282,0.5188752459732052,0.9408730590039476,0.09379242554785733,0.7543204902431541,0.5990903934545688,0.4531749978620028,0.19559396051695793,0.5567110206879798,0.3059715706996773,0.6395485592603248,0.9479313559074839,0.1717492607365334,0.3679289932976878,0.2818525136654275,0.5702031050574451,0.4888501445659363,0.9844915609716849,0.04368135928544122,0.6643317671665476,0.5538637568198786,0.2523783990138497,0.6239503696462478,0.21205607758255185,0.5249902019739145,0.520142721752597,0.26675757581934845,0.03867567279865902,0.9733262802191192,0.4269926406397754,0.5005897243272242],[0.3119058375873173,0.6839295178943241,0.018127987133687382,0.3927406085714485,0.1361707656845724,0.624708525008643,0.057181708528803554,0.2673041623043357,0.6583602673807509,0.026067621174307644,0.5176761939319036,0.6792937621539706,0.04265830801199528,0.9329757972970072,0.672635497054902,0.8728764351250706,0.9698837169448274,0.7215288862992042,0.24548617256539634,0.21901223342426074,0.9789790618313952,0.3533912049060969,0.16459268572666008,0.08417956323651707,0.6525092616839433,0.7688826980808733,0.3020823080953005,0.6554117282016287,0.019666165513600613,0.987361366966471,0.21298947864340093,0.4856135654867837,0.8416830561423917,0.24921878425375033,0.0919462574736233,0.1954227933581885,0.5927357680228102,0.8219786831218852,0.2878964176024042,0.2832939222090356,0.3500701292553508,0.7286579650648334,0.3952222728991543,0.8848694610492327,0.6664196360467414,0.7235231391707974,0.24104147527744596,0.255092045096292,0.2850975324162952,0.02655677320720723],[0.40642596073480003,0.38184342088826695,0.39837628868920405,0.2696510713074421,0.21789366123800213,0.012387926505233555,0.8114311442656261,0.6443718120511516,0.08709069743551952,0.5511405549196217,0.8816441443497707,0.16699871255467638,0.4887026318649438,0.17868329730066268,0.24657108888046533,0.3702922354660591,0.10075143371489452,0.9592094531373183,0.16639502291671227,0.6714805675644996,0.09688923962793804,0.7016152456747643,0.30628108312856034,0.46292877079735706,0.4007655034679577,0.3676207060826239,0.5476573291052078,0.34592875249386046,0.40987977575188855,0.8144816420521812,0.23841891890946287,0.04071631285226384,0.47888632931485187,0.6461781097112274,0.8805713194932626,0.7041565817550443,0.32035383409268553,0.4689506021960686,0.5348906548875095,0.4157420874285544,0.36395415264443387,0.21281385106745718,0.14741425352038628,0.5338611887994905,0.18568763051871676,0.9279436359182137,0.7367900407504855,0.6799138221318399,0.01599449219136747,0.5274876661994023],[0.3733852821544972,0.7253542074968793,0.6021481153567461,0.3871453328043131,0.3455397433962116,0.4426944831958373,0.6572136469555826,0.42747508326965117,0.9869882688470386,0.019482914002832447,0.9468238474616255,0.5244807248889145,0.5745491468636392,0.8605408051078048,0.021741021579385303,0.8256280123710992,0.8152121271324876,0.28322828581255,0.6589531329790441,0.7837189378228758,0.8360703559784979,0.7383994975990076,0.6345865022924644,0.5504086222830458,0.7508680222622395,0.5083909214538352,0.07951496776715275,0.7360290695381874,0.8394751888254528,0.13094714226040333,0.3021376109409486,0.3196010005390265,0.15472866765262042,0.6156130690551855,0.8350801594075108,0.31836821443132873,0.8452340105034167,0.8930888195631164,0.373132356451728,0.13203920287097926,0.32885167090788714,0.12233754323338525,0.8442174569152756,0.35441371108168196,0.9665313277615561,0.6152600285746225,0.49229480071860426,0.23141757708094432,0.2293457372527834,0.745782582941426],[0.2914179951892869,0.04393072490552113,0.2904825986186608,0.1776263391342729,0.6608771522840626,0.5106918001474355,0.4661492765541929,0.06776206720955731,0.20259897338042074,0.2773178088748705,0.49806164798720837,0.30029419182081624,0.9210285461065789,0.8750939985937333,0.5157442588961513,0.6589823045096925,0.014882583629244758,0.6619230497651423,0.40718992373542334,0.5325242179770366,0.8870851838195805,0.056055799842785095,0.9355182452036255,0.33541451438620473,0.8793630298266549,0.8231572229697207,0.5967502994931051,0.6199748492418856,0.8042105116285879,0.703474510180588,0.32480397240842834,0.1812192015992189,0.8407731302839193,0.9847432685366854,0.10646072263326817,0.22346538692414158,0.8508056457289787,0.7262348425530245,0.22403825523464763,0.46290945255494154,0.42751055253979997,0.1422435616563791,0.8459078047713051,0.3238647203628721,0.6427601944465382,0.7550198213606963,0.9675438098905179,0.9810655655732504,0.9175995477898511,0.62327386161142],[0.41059922691487893,0.13987693248668276,0.8697751027704902,0.4004682631651493,0.43106432405595857,0.2425316846443027,0.6630239388590545,0.2259049353356597,0.5378165684800827,0.24834432885286412,0.08742754076676769,0.7240763259369871,0.7445825088367626,0.9641760542468476,0.9852398927977584,0.8060880985367808,0.08654105551889658,0.042536438724410416,0.7809263090035765,0.7012061193807039,0.9795008068081446,0.018308821428175248,0.013807043970048814,0.10385228963892258,0.9574573738192496,0.5410436931695318,0.8945396386013541,0.19673534018953148,0.40619479476557746,0.1444210506356991,0.7432067794249342,0.5453641832649267,0.43762721318309944,0.35784182530651165,0.7135197903256012,0.055405311039977076,0.5624747494569245,0.42700171017185107,0.5480086098574042,0.0864884059064449,0.921112243133097,0.01970484286903703,0.7356827358015852,0.7517761100549373,0.1721916866207926,0.40198780344028184,0.21839407976480427,0.36481885492452804,0.6703538421848111,