{"n_weapon_types":20,"n_weapons":39,"n_targets":50,"weapon_quantities":[2,3,2,1,3,1,2,3,1,2,1,3,2,3,1,2,2,1,3,1],"target_values":[56,8,49,97,5,61,14,74,66,89,19,88,5,9,50,77,78,71,89,31,47,97,49,67,51,9,7,92,81,88,46,97,49,81,96,41,81,84,72,89,48,92,56,21,97,96,95,31,100,39],"kill_prob":[[0.49467894680699126,0.6262754764232621,0.5362940341354681,0.5222064490730077,0.14271963823905973,0.8978669428056656,0.3580868066022942,0.21650154978983555,0.43685688482012996,0.2192726847227394,0.8836259285785785,0.5927122972295664,0.8282246515959213,0.8106380750215767,0.9682494204787694,0.4908560569425879,0.0713572088324086,0.1557765118469814,0.5553524491010924,0.390286859133625,0.9640887959918916,0.6667044197783554,0.9439599198022529,0.05621546377673262,0.3035795403351449,0.10343399026764279,0.9584139573618744,0.43626804990716606,0.14011999428911448,0.14284520417344107,0.5281330020839742,0.833047050391841,0.683688712574169,0.2290063588066635,0.9012442100465233,0.42538940571588557,0.5896521296286814,0.9539686181396533,0.8095994160093469,0.9865651321785777,0.9056835869369512,0.19036765457753563,0.11354600788564029,0.6769431842698054,0.9830881503309014,0.018918262951331692,0.3614091615718362,0.7379072879989071,0.7997365529962053,0.6767389534667969],[0.02993937460339522,0.45550311975633606,0.7473750942005061,0.17769931995136115,0.14922705786851068,0.34571717963180887,0.10158222329247278,0.6778171150982157,0.1755207472206347,0.15974745882858105,0.609452137316648,0.5065089180422778,0.36555104108248027,0.07349639863181917,0.2663016251560168,0.7604931868160706,0.6999305057442137,0.1916395935378314,0.210335300871104,0.471597908234739,0.36812941481127265,0.74390126916738,0.4692306339278796,0.0480288580405374,0.5525247215428832,0.929950531299826,0.4483134727231818,0.37187171658503343,0.6960605485787748,0.9367974778105898,0.6805630364622172,0.6241048038629989,0.6195340958775425,0.38118812242661637,0.7896926423111177,0.8003751239157115,0.7349646155999682,0.7190973850188206,0.955313675479682,0.9558098000199737,0.8944272773006885,0.9767084096671115,0.19719265356988294,0.8013443187209424,0.5362943055060974,0.6179280559724545,0.499051644404348,0.3203546781853602,0.859852412207149,0.6837157738589027],[0.21428501462986682,0.87446205842436,0.6589962389056864,0.1673827415787398,0.36917763836795586,0.8401082418186833,0.8194951894273697,0.10331885744900428,0.4991919921554246,0.4423240677246207,0.7828772034747606,0.5911123443728475,0.5606665745784463,0.5142094983759794,0.6085587683160568,0.2664971121027609,0.22753726289725498,0.4361056719952042,0.2952146711115475,0.3708272619753146,0.34517358812006804,0.7878833763431524,0.02980354444150376,0.6672964877384179,0.5199791141303948,0.5292008188776619,0.8866042499281009,0.5792386164904161,0.27431887286491224,0.3019705917447759,0.12327469196220221,0.5810977398588831,0.5311294651724958,0.9502621373223479,0.8107112269606981,0.40479124865793714,0.5902443174059262,0.23441465040135298,0.25256573491744144,0.47229852391614136,0.015267672445151672,0.8797134774156172,0.5609975570644602,0.8848589329652289,0.592573052335818,0.158405550746874,0.2090055760102025,0.5151843637517558,0.04710254541099066,0.4301989529246312],[0.2271467524907878,0.41386104108273297,0.3237450789119978,0.2524009394694847,0.8825398640336948,0.13689048611793117,0.36713053172425186,0.6310756988239554,0.1585617433149566,0.5141165626137175,0.19387303003552056,0.8993278991790038,0.4292517923902854,0.23071341307125415,0.1886523128306538,0.4172594725757815,0.2229736058336537,0.7240298355909348,0.14628483956866403,0.7993138025147828,0.16297973711860775,0.7423660540037913,0.9501023798281262,0.6139977504329878,0.05824837637234666,0.06231727728227979,0.3419534382761448,0.2449260191374126,0.2118919995218358,0.7495077982015639,0.526537401249946,0.3293116288436717,0.850629667481274,0.8178484087728575,0.3057864881881947,0.6936368988056882,0.13310590616679593,0.8978602359315629,0.321461009444588,0.49811130760611366,0.4743300781458018,0.801726009083511,0.8205474917444787,0.16819114413584046,0.5020938208027087,0.8784698940453198,0.6346194849267859,0.2413717520303277,0.8458955995753948,0.9642332648239034],[0.8261584935053148,0.7475392566818255,0.17507151898396475,0.6442413606801667,0.054006743457639374,0.7451710680670773,0.2772612468024807,0.5087063524986106,0.3314546525456612,0.4526044050841756,0.770865880530597,0.42107001476637784,0.8779661435945003,0.3910064975207618,0.8754892788640692,0.018024895301326907,0.3831230757495298,0.2419157981008456,0.9056731490966069,0.8687981707326096,0.2545806054012373,0.5893500053739407,0.9457804467735119,0.11436391566038641,0.04792040620472319,0.8563735975331402,0.9309055610208087,0.6033079014373967,0.4799712392879575,0.6619526097796921,0.377111649663021,0.05683890440000809,0.9508302291566458,0.7982685808498131,0.8516740358962557,0.08284590820350447,0.5629738200236428,0.4149860453843062,0.3118935083164877,0.41212442257769205,0.21946347697841267,0.34404242080101827,0.36465719845741584,0.7801015584156229,0.45754977824676357,0.6190060740239679,0.3266106620713713,0.0736212389449547,0.09805110443035908,0.46890571796192476],[0.7210919520355914,0.3817943117779096,0.8589170975209485,0.1526119036066005,0.727400607569972,0.28568538828219164,0.6242205271659282,0.7892575433799524,0.719435653332436,0.9359538158982252,0.20648674157695993,0.7809264888726174,0.21981657619987585,0.6310095583991697,0.6779624818449062,0.46950776762696345,0.26367066732100086,0.3298506121943416,0.14613973647544135,0.021053360401802015,0.156422178140885,0.8969654971367774,0.629735945274598,0.6184930486212816,0.12615632766398993,0.5900574813546136,0.7214022016922431,0.14648564824695687,0.0622325732565806,0.30928129707472235,0.24634529826117083,0.8259944730545821,0.18977246434884712,0.1843220703199335,0.9520105173870661,0.6778913881522342,0.8835159973975867,0.6664424702308478,0.3941454577161341,0.5203823455458679,0.24076809535752652,0.7920574640741064,0.702151031280942,0.27723644392524693,0.5139231297203073,0.4904336888212049,0.26921504623526393,0.6186360287362679,0.28721592330313267,0.10104327908789519],[0.6810371315932228,0.6286591448728249,0.06704006160823882,0.7312889200988415,0.07903843893845555,0.7560428950734371,0.3967415493565611,0.2805751221967733,0.7955295117170705,0.48457836219854916,0.3347925702742881,0.08518750924157271,0.6587577056351129,0.7607257754127782,0.5160796293271693,0.0326167455777275,0.1897330297005601,0.6884373102762847,0.7474797427944626,0.8493231932127016,0.2925918206209403,0.5608927705931723,0.04325449657026675,0.47280517207801354,0.06611571539816911,0.09323340518665174,0.3971954807871186,0.594647250324885,0.030404907848837592,0.1197920682822163,0.2995551249464963,0.6818394034504254,0.11560550441953427,0.6556523008724313,0.5735843408843999,0.3907151664189775,0.5181385169919358,0.11066296626522816,0.22121026418253703,0.18468934083815383,0.8543505590152728,0.919324176552745,0.7737644042641141,0.5115325661134895,0.7806113665074074,0.9694213873307412,0.5429905484958237,0.955897885494559,0.2361557073762188,0.1969287268967075],[0.14201714012758151,0.8923011074366138,0.09565208616600634,0.948589666995538,0.1871164628078679,0.06331727759748149,0.542796460077425,0.9721678200204106,0.7595228710217842,0.9370818674418103,0.6271999422256725,0.3409433877807453,0.2859268831024329,0.5633511454305198,0.5895257712647961,0.6278836392457376,0.28663910523604164,0.7593775245018828,0.9788877679651051,0.7985841804405556,0.42657076054452137,0.6018606106416893,0.2418918987649139,0.9897429173079585,0.177245505942213,0.39710982255829524,0.7176429653261565,0.37723917093495973,0.8941398461171924,0.5657297262808333,0.39031232952958683,0.294062798279781,0.23437939612850922,0.33943928748401225,0.5636844811157541,0.033344385241564724,0.3949026990223161,0.6668484907499687,0.584509329538784,0.7484355949589684,0.9704873066097515,0.2221362893797995,0.9620271273113082,0.3341947360205659,0.7407490711810224,0.3768398897234902,0.7591481516602084,0.9219450624551743,0.612844010097282,0.6028090896466931],