{"n_weapon_types":20,"n_weapons":40,"n_targets":50,"weapon_quantities":[3,2,1,2,2,3,3,2,3,3,1,1,1,3,3,1,1,1,3,1],"target_values":[65,100,3,47,88,17,18,24,25,46,14,16,14,21,17,92,17,32,30,47,26,47,52,11,40,6,67,14,12,83,70,96,18,59,90,92,67,70,71,97,85,29,99,42,91,52,18,8,10,7],"kill_prob":[[0.3463693459054631,0.06041755834160806,0.8086768397215329,0.8006987666205636,0.34568947888531076,0.5882417022556851,0.12395876984802001,0.4448880898339781,0.9754677635820581,0.13873141398181008,0.7723286736021399,0.24100551248250995,0.12719941813569147,0.24073053386416124,0.45541253983961505,0.05714279952575538,0.9156336667597087,0.2597933180796876,0.3616232511193241,0.7510540890696841,0.035054932889134166,0.5628688494984793,0.15232264446678595,0.5495932478880037,0.3649589651748581,0.22118327078648622,0.2141808895768487,0.5223696897738512,0.40312941911670863,0.019783278863864745,0.7733452106031017,0.4647531535255227,0.7142929415121746,0.6108201695802616,0.42609035439275467,0.5448360703844275,0.23385820568161758,0.6384295595300815,0.10866447141407694,0.17016433020210553,0.7159348893820727,0.1590377592582435,0.3051972100891806,0.5885489307471606,0.1212921050614759,0.5169403445030036,0.7348082680721006,0.5029141445567952,0.37368005763542594,0.05195824222171806],[0.8177540058766511,0.4308053045384433,0.014307789503898398,0.06727225538430873,0.2816236993793406,0.5189075669563943,0.8649778448878597,0.8554709118218908,0.4817834583758852,0.5530560397575418,0.7549979315429899,0.5006771661543911,0.5767718866434735,0.2839004017555477,0.5042420678737115,0.18018057507101393,0.9724924451219652,0.427540025778509,0.7434561973487775,0.7235732514936097,0.5157495738562031,0.5523847401967322,0.5990698257372239,0.4556365900421033,0.5038641185469651,0.582761589007426,0.6410244225751331,0.7773879242887217,0.04973964717061227,0.8456095055974977,0.8523583757670965,0.7230586088785618,0.02404721225522833,0.850542789647474,0.017909073665497634,0.2830259870645025,0.053317917725659476,0.8371211401974915,0.7508898127674666,0.8166683077419252,0.3789923330781743,0.9316835026179471,0.247475484152599,0.866436046942538,0.28149328604161966,0.0696143420436435,0.8440498189456738,0.319799386469981,0.025242904841159444,0.29816359429641137],[0.18048286694398338,0.6551532287301507,0.5459378177630639,0.4423111895992136,0.03830152420770835,0.24914144194149182,0.599268940615109,0.0796724479459141,0.5135842095997261,0.2206577651360661,0.8403027473538113,0.43548940175018436,0.6775385507501993,0.10314147232600589,0.5880092101581188,0.2734222726639831,0.6269850618071755,0.5225236418437772,0.6590944230301371,0.22574546710966886,0.28706186532315436,0.8962152258320247,0.2751866942415257,0.9195319722975394,0.26461116414850216,0.5705098842149283,0.10682925160861331,0.7209055923179176,0.6361222184557067,0.4975171118733791,0.753128275974382,0.0688596519329933,0.33998444024735586,0.67360895293439,0.27822299950258517,0.8385919659169742,0.4628075086468414,0.06605331158690886,0.013524066474166157,0.288330541381273,0.0790052337055225,0.052168488754770426,0.8998753871931281,0.49531890581225113,0.09035221676109338,0.25885842115708557,0.2665008500361086,0.2624588130850211,0.6175771806925174,0.9493174974986738],[0.644865079470806,0.525893222092766,0.5108376724087408,0.31882369595852467,0.7379293862353157,0.5414091019788597,0.8615842196367843,0.010822075162556635,0.9398284420503145,0.7358330820436328,0.037485756386531795,0.7109433760785,0.17435232776185025,0.15848565129579828,0.1562303111511608,0.49269550934306167,0.21524492261444553,0.12149747215291351,0.19864796695871523,0.5444158148786784,0.16294997031665748,0.7135543625735707,0.8699607389915393,0.3638013989848255,0.8841606229719451,0.30754810524900467,0.9647497362814137,0.6192832837208598,0.0180335566575749,0.9486508990239929,0.9282626360674496,0.7805457746392329,0.35844361118867796,0.749331249602047,0.1611843189728221,0.12264756057971381,0.02253231928968375,0.6271363674100034,0.08421299906874424,0.24298997754742735,0.07112116190569302,0.8921164358449525,0.38772059707407563,0.10881718882575508,0.10890583522213206,0.64572131208821,0.3679422025907736,0.3066539056770909,0.238277479841151,0.7573956751342399],[0.565474664237441,0.949488948973041,0.6740121724200053,0.08720695764293676,0.7049513444302818,0.490616602268673,0.7001321781455657,0.4172091404195168,0.2961695115160737,0.2869378483197444,0.7984164436627147,0.8765751351041765,0.9006128404991642,0.2388828073062859,0.9282972362432795,0.34093791629453274,0.15765125164321625,0.14781099589854718,0.6717156425053832,0.6946407612808919,0.840631368300646,0.6163891660184129,0.17671352371369492,0.5052277663316461,0.469051659207132,0.4285348392473912,0.38088074841672426,0.9347095869973847,0.23604456456039866,0.29794883263184374,0.09353964921301262,0.37537829606345396,0.6594906710784331,0.4489023481521449,0.5416487739673805,0.6405274644639322,0.5342616520548442,0.2574216226061931,0.8546668881440523,0.5571875242133533,0.1907266402624415,0.4072181574994268,0.5542344977756644,0.033944583897556994,0.04387177310319973,0.1943844555766743,0.2928384151980443,0.17467601749906458,0.7199753584804932,0.7741746744431011],[0.7620463738843526,0.3060916050759266,0.6772576583515982,0.6880434849928931,0.26949237045203983,0.44964684053491744,0.5062108867609456,0.8861752226343851,0.7681413416292925,0.9339808186062387,0.9127406910368401,0.7663100989411219,0.35971400247485275,0.3022672959720821,0.8952323625200973,0.8365878407742642,0.6431520886167,0.17650860335489335,0.9488416301183762,0.399343510478052,0.32089771253715016,0.4362344364270404,0.9505159780063273,0.558964130767321,0.6289893259561099,0.4072432381131302,0.059195586192486625,0.4476740218792238,0.7294016495739711,0.5830965777804831,0.47402125349232194,0.7139513503408089,0.8798271437508219,0.5476146667276383,0.4104556548226874,0.5253027151230764,0.2761632028150455,0.09731254860441202,0.7535786836467295,0.8551665703896397,0.39471980300549936,0.45539165027919865,0.8591613412687529,0.4815502787534871,0.21044035998570063,0.5222717915046974,0.31032281043600873,0.3169475990971312,0.09831767284321168,0.09092349041379794],[0.641968023465953,0.1264707973873247,0.9573715097691249,0.0855612404585489,0.29026205614396855,0.9163414163407927,0.27364975269314595,0.13085796349014464,0.5616239941144681,0.3345393721399498,0.3793434247821143,0.7236897347086029,0.421497263363537,0.6970193914077996,0.38374212620395287,0.04232005318950649,0.8472238875299304,0.018914103871398424,0.9786013836297157,0.883622371503146,0.8160528131287594,0.3133216628780749,0.7023104658679692,0.5257080343565722,0.15939209952595665,0.6418464122886575,0.6551871951241007,0.585266594567324,0.24700729545416106,0.5531717568391065,0.9215388315678638,0.33158199669367977,0.9563480428458287,0.3780901160527678,0.21884418098220623,0.7800285573245231,0.24950880875024647,0.4355257677227585,0.8697210258421808,0.1779439384213567,0.06715490875219675,0.07596464504263743,0.6792345844943563,0.22211185069982797,0.6145443917664621,0.7579989911191599,0.47922249205635303,0.30015962101837,0.2875836985799778,0.27765045700168967],[0.20646161528329554,0.4481524511965598,0.8843127549262633,0.8761341624330583,0.273341059721883,0.09294307333104405,0.6968149688353661,0.4206181038796072,0.30439781443815217,0.3966062974723535,0.5254271563446059,0.9058686751775432,0.27088199092549636,0.9436907786463686,0.837663957768297,0.1232057942492969,0.9511135091427889,0.07337320523906825,0.8468049148345981,0.39315446531263876,0.02186158999424033,0.030466228865237595,0.8445285402850485,0.4587391106005785,0.6541393376753656,0.9313318873108787,0.6842607294624122,0.9699915520715336,0.3831110927248492,0.736326500552961,0.29546020521822225,0.6710762907498483,0.8210744573182244,0.25912324576634527,0.27392511639248446,0.362787495679035,0.47051214300848504,0.12796758683654552,0.38969722680712277,0.19339103618792258,0.22561808728413082,0.3084878614192193,0.5680528593592592,0.14449080428599217,0.3013428496849369,0.36104521307058973,0.38652248340623774,0.6549806593003614,0.3391381296837524,