{"n_weapon_types":20,"n_weapons":41,"n_targets":50,"weapon_quantities":[3,2,2,1,3,1,1,3,1,3,2,1,3,3,1,2,1,3,3,2],"target_values":[99,72,48,37,64,75,42,41,64,23,92,57,62,73,47,68,17,95,50,35,80,36,96,54,4,38,16,90,39,39,33,77,29,36,6,15,29,99,30,35,26,98,2,10,11,42,29,25,71,6],"kill_prob":[[0.32071983090990264,0.48380280571586903,0.40844626120133914,0.5776740445393457,0.8076593661018852,0.2450994723331176,0.8251391063721639,0.7044554160737153,0.0851199336685661,0.8559209211909912,0.4553343210925571,0.31479736196181124,0.5832986137130187,0.6902318947462057,0.038060009079691114,0.8117078360630793,0.5972943266080905,0.4643554746927308,0.35588199996940734,0.06702588142364584,0.8124363739080226,0.3955804101492819,0.5594118376298803,0.2568926479557007,0.8468981182270061,0.9488718839786413,0.47539199385375636,0.5872086737674267,0.10461368266770454,0.027226948772668007,0.08151381936917969,0.1961203103894776,0.9767671435117978,0.2564020739258292,0.4055630764711233,0.6646930885331608,0.3270484629357334,0.455380335921915,0.9411956681578872,0.19871844881833203,0.06081853754138893,0.4138478901753661,0.14253598308842166,0.12698966169841494,0.5571606545389071,0.6078124680076525,0.428723953812878,0.10590032055445456,0.3770390543830041,0.78473574695755],[0.9609538366185845,0.49422177161004704,0.7922035058247414,0.024016715154665247,0.057572761972747764,0.8012148174762734,0.8116333534013254,0.4825208164444344,0.5538353658849948,0.6140776785535347,0.500619607596931,0.2512225981444056,0.36828646697085266,0.9003058352357313,0.436230502615859,0.9776347210149483,0.35044430533343723,0.6615791004401719,0.8106977677350182,0.886228209959364,0.31473466777622555,0.3942419643759691,0.706434187945838,0.02220247098995943,0.7907877368068249,0.1545896293218827,0.43617994961291423,0.27641642141851513,0.7281873918111371,0.7537402818179719,0.21053966816000508,0.7609363132919698,0.7491357302843684,0.7818962744029302,0.9016933558295701,0.38477496208346434,0.7342493166745109,0.15105035237188605,0.04154673009727541,0.3013697874508773,0.2732941889239335,0.23002571703205657,0.6258872497120995,0.7122463192629142,0.9466623749864147,0.1555854512906641,0.32239874791791284,0.11487028197195688,0.28991233867444616,0.3924547994950419],[0.5153650215823394,0.32852349862719266,0.5296928856190567,0.11516042692360072,0.7371438975647127,0.4153440481048172,0.3298809864095388,0.4770344145635113,0.7402660399225692,0.5859159991821418,0.35463671940884345,0.028771950869203006,0.5768705818775591,0.941651100323594,0.7766544566847144,0.5340940200273235,0.3874012711478152,0.16080226585789073,0.22711817952041147,0.6713616143058505,0.03943290761310581,0.7762888991526988,0.5110069609022783,0.6360685969729486,0.06559542208642831,0.703879268478544,0.7056384787603829,0.7272954294231763,0.6228725325611095,0.11152708710713104,0.17673086131730326,0.9283792521789113,0.2155543943206337,0.12782765425383208,0.8646956040505298,0.7770812204272355,0.6983301837718684,0.2801255262557451,0.8942588358920988,0.18765292458831906,0.5223215788783526,0.6826244929618764,0.9494888675556276,0.716312389292997,0.5197566223690653,0.3567030099688757,0.09329530015133759,0.6431895777479759,0.7554150937766749,0.6133641990837432],[0.8377765615371436,0.18497804828976638,0.8037587528426662,0.32310485671526784,0.09198805124535703,0.14776584536432458,0.4996113945584067,0.687410554446884,0.017668784136406716,0.4427907275830972,0.3830285378812133,0.2202978658273693,0.16648213524909758,0.7810848610167505,0.15791217395802543,0.35623184156779675,0.9588340546778898,0.6037442924077194,0.5262717998392051,0.6941730247540671,0.44424443690711074,0.09596608090325519,0.2609453080680743,0.290414375962002,0.2976771407336698,0.8815421588131909,0.9516810658902801,0.06466629619577625,0.2169311428470493,0.06069986939279624,0.6542430068473882,0.5592850772286551,0.8974935176291676,0.41727124383469405,0.30957877643503123,0.6939473870731665,0.9895513983645826,0.3664965410105973,0.6752854434558012,0.24446804617781354,0.9685752930963681,0.46945342861287176,0.2003188592917195,0.5413863264284445,0.7518137236987096,0.7538519296550515,0.21406571362947754,0.8441421360791325,0.2870730764945066,0.8537545462186027],[0.3170960537597842,0.15000403849463348,0.7647930308121907,0.03314797572447836,0.042235345485325454,0.19997005116210007,0.3723247895429544,0.09056556071377907,0.6052981154929077,0.8095271213795706,0.732631747929655,0.09142203479263605,0.9811156197282132,0.2928882285157947,0.9097270275479654,0.39626616253747343,0.8536301013922175,0.8616901093871544,0.23402217768607347,0.2829326396475796,0.3324759409801762,0.27235763113236433,0.25007619766469286,0.23564887000361887,0.31755187571725035,0.15347303690561756,0.3955503338227653,0.4363253028590404,0.9443312817297753,0.805447657995631,0.8828885948655983,0.7938299214961553,0.23138568791841407,0.8355367348618163,0.5854907860723126,0.8288069814323125,0.7986651370458872,0.22049113617586252,0.4740479206541743,0.329506257415706,0.9716871544237806,0.23296114383200062,0.2700126440606734,0.5972549891291744,0.09821286085124302,0.12497998534121625,0.06977148109221884,0.8684104157530671,0.5679935493486022,0.46966407687358513],[0.8633324707186688,0.2698274215693758,0.7023735344827514,0.5447811155832097,0.961020278159176,0.6075434344048344,0.29662863461062633,0.4584081502076963,0.12628143965610186,0.9596314879011616,0.8755382788263839,0.6372137922529503,0.7430959665529329,0.7898378686372914,0.06192848156511578,0.38687298259010017,0.807979033272643,0.8914094935344654,0.4292414763247597,0.046609985501815034,0.2899002977595425,0.7758664487760484,0.6033305380022947,0.8229367617437809,0.12594141214639995,0.03556764633913847,0.6713125620919008,0.9828345651330808,0.5348716911882471,0.8511710078644141,0.1667097255268572,0.3378704384807522,0.41228907609497883,0.8563474572000978,0.08489920526338085,0.7191369917301429,0.41261418777351055,0.17766154334765494,0.4197430469679543,0.6867668058051787,0.38594832968513004,0.027390410076518094,0.34141292385836736,0.10638269745776059,0.03141265020903459,0.9871736047099193,0.3092987384379046,0.3535596980282083,0.42756656468553245,0.5264278242126869],[0.5458017169317948,0.2893002748892528,0.9653607677989211,0.6093240321813264,0.6198103765612941,0.8103908492670537,0.5271873751893278,0.7819014842398105,0.41458205183848684,0.18393878487695184,0.589808872739418,0.6770541614793539,0.4599558062613254,0.33040613330686397,0.08847047689794113,0.06458218858470724,0.035072334640777914,0.8964069712302702,0.29130421145631946,0.5108739438576168,0.10930111541602361,0.800681658746429,0.3570255010713498,0.8239682053641983,0.6267362161924472,0.4625115607097512,0.3873885600041038,0.4837338237783818,0.7690477636161029,0.7773885868721992,0.2939734664273627,0.8540271292243651,0.8620841628820993,0.16033739053034776,0.3795320294865111,0.42277669634178583,0.012517832042434257,0.5158893501662395,0.7215577588570771,0.20348755477737318,0.553972564521555,0.9878465572383635,0.1845499018280064,0.37796500576841285,0.47426816240449343,0.40898457227139573,0.27136752609225606,0.24231499035884194,0.3490155391690282,0.8723848944345753],[0.08312574801594073,0.592066322744637,0.7296810338203282,0.3237093987044081,0.8426056910378242,0.4581229135601291,0.22575604266217855,0.9607800641568881,0.3417709172698375,0.4233628366244273,0.9272348342808482,0.6122146407525902,0.9781255677758199,0.9602541508668748,0.7474705619521363,0.1948470660000088,0.5079369934747691,0.6657641345721502,0.8277378532135887,0.25373493485606646,0.06419702637228124,0.5858450756695129,0.27822754734826394,0.5289763817607689,0.5202619960222533,0.27935433688009,0.5919987846153126,0.8451549124941036,0.28243081149388766,0.756355131945471,0.6405681635829528,0.8000607105862096,0.6866069491605035,0.03431552786445179,0.7422629336494779,0.04297044314450884,0.58273414819568,0.6440219362725057,0.7568697334875453,0.5136711312315233,0.5254949505214129,0.6338808553219655,0.7466927407551718,0.7253219847933257,0.3273044991405815,0.5421001307537483,0.5432968006576535,0.40100018429267525,0.0393232463828382,