{"n_weapon_types":20,"n_weapons":40,"n_targets":50,"weapon_quantities":[2,2,2,3,2,2,3,2,1,1,3,3,2,1,2,1,3,1,1,3],"target_values":[14,79,44,94,76,40,21,29,38,61,3,31,34,81,63,23,68,75,97,66,78,54,56,38,46,90,56,39,48,28,99,64,52,50,42,64,86,87,58,14,28,75,98,43,9,32,29,13,83,66],"kill_prob":[[0.8560342913024799,0.7620472933225813,0.8229784513386271,0.6251830034036067,0.11547791576548214,0.5218211867612913,0.33532279059829406,0.3997901891233382,0.6448254269835596,0.4332754446218745,0.8760773556215309,0.9301898890806044,0.44652494541498167,0.1600804538740973,0.4388835285115407,0.1766303682073497,0.4618871489805112,0.9818212744063641,0.8044383625153221,0.01779516944393256,0.12274430444787919,0.3176169427249243,0.7155185315495229,0.2942411557783049,0.18757297827831915,0.5365743031222152,0.6743731203310497,0.6730165420827859,0.6122138509202876,0.5414124195236859,0.6115569046019772,0.0816242167607623,0.09427647535743812,0.846409417622843,0.19352833416936335,0.5279473920319658,0.7597249057030719,0.09215924880560701,0.8837243655571223,0.8758111010686783,0.41329174303448385,0.7670549829105958,0.45028364813142646,0.2533016342923735,0.3364662694536465,0.9084789229318134,0.2362273197901989,0.7602226719041622,0.3126103029655071,0.3291208586701398],[0.7634591962872528,0.38874556735561927,0.44921285404077826,0.29944215933887336,0.16925988004634923,0.49700419651221844,0.8447151456214792,0.5173639349722456,0.2501228973667411,0.18250739143844205,0.8688722018640973,0.28272810899895884,0.0372923868946038,0.3177911557977163,0.7837574353759006,0.3378593955317543,0.18835535765008488,0.6982160293591183,0.14098968001477102,0.4950502429863561,0.7393556706592371,0.8045679285254246,0.2225557821271548,0.45571890186746616,0.3940755878426584,0.4202489189935992,0.6938475126523858,0.7940645749533979,0.20758773992496182,0.6697177285282851,0.5092215029910697,0.6484690628625669,0.9465770406914696,0.10437691542902285,0.0938210111761039,0.7145466543266137,0.13735096838181943,0.30094483865943983,0.0679275485434259,0.17502821124530674,0.6284578316519605,0.918611133608032,0.39468474325252495,0.32266582513949355,0.049186561188025675,0.7725025788470131,0.13383920803457786,0.25147383714815025,0.4952517833310876,0.5810235758314152],[0.38327662308217475,0.3912448630990206,0.27023057140889967,0.4287123765672739,0.7658119743523505,0.6510674110897153,0.8861228218499315,0.4088557552459578,0.6002427037058687,0.9167517074566548,0.40514511667852177,0.7715423628354238,0.7221307873693273,0.26516062807678203,0.22156581235379455,0.6231300762023074,0.4920236834870717,0.0206217864374365,0.5769372620832095,0.023579968957517388,0.9156178948141848,0.4095425238110796,0.36703859323753574,0.3365105081768106,0.26032416692970806,0.9439419630113843,0.6887195807862188,0.5096760653872053,0.5090639976468242,0.4711184597631922,0.9319208860357546,0.17757304282673647,0.9500495595283661,0.27864734686494547,0.11421612262069113,0.7773613682661517,0.8149787126008817,0.43072273825258584,0.8757557578764106,0.7517702245856855,0.8918500857566106,0.6696096723996254,0.22512866133717158,0.40725654302860415,0.7567477791648053,0.3878478378687167,0.8219449636258718,0.8166501256665931,0.31081319395868895,0.4970045578007878],[0.8688886157580289,0.6739965796394899,0.4716037594251054,0.9056316154716588,0.9304571565567236,0.9122065462639241,0.6944636292041215,0.21384593079005476,0.5920650894796918,0.658245721633759,0.9684504967735241,0.4466608464042912,0.8651064330298378,0.4438851998606912,0.8220923189032059,0.6807953990500623,0.10932584167400251,0.5322218598977639,0.03152872629579865,0.5110416097343888,0.7945791462072488,0.7181045387177789,0.11922672438364916,0.4783777628645031,0.4607644372762793,0.05464978987781053,0.3242281000364883,0.400606197488935,0.5691830947261738,0.26464537524593656,0.5753631506361969,0.939801147600886,0.03280816420554245,0.02738369742187194,0.39432699074001065,0.41233520028742787,0.8369965746364326,0.4397981244917,0.29165785972014013,0.6638026729349925,0.7106825632383684,0.7543053249040972,0.0635205109295811,0.5231822378655998,0.3773396925867624,0.11690250334481692,0.9361834450354706,0.728562704450499,0.14636270977329213,0.03892975887847681],[0.8921043592796258,0.4442741403811977,0.21120633102973105,0.6615131469710481,0.5473344298773081,0.5167849060452833,0.379685971057544,0.3953932329896644,0.38108214892588815,0.9564133231344015,0.4674018181842528,0.7534260138674848,0.12906964220284303,0.7402640895782859,0.1261237550979676,0.7557703752612264,0.35606814041249224,0.2195279854562821,0.4658701392425938,0.25701003298878916,0.9817033439949241,0.6825129779305589,0.08973466615989882,0.06395330672453858,0.939442839556362,0.4299618390511273,0.8337779986841325,0.01171210565885142,0.05946033055423383,0.23496670185571958,0.5346755861353822,0.7594645778440064,0.7634653226174865,0.08963517824892593,0.1855929375237482,0.7039619457331655,0.10816261237735615,0.14248020530702799,0.6069213283927074,0.9296272985807065,0.7263548540712481,0.14008609128755087,0.25776748995973403,0.043364565541222186,0.7448497184325164,0.6787338151064133,0.7444080967366199,0.3332164606382347,0.07998497964642737,0.3355203915644472],[0.09182075041790513,0.2215744686823576,0.9377609275789676,0.9468061395651142,0.8361792491924599,0.5816680429317684,0.3737561448323401,0.7915158585779574,0.5006383747240241,0.3609910184513597,0.6816358396740313,0.7818552180228829,0.6898391563696592,0.27151985990208627,0.4438762023914468,0.636995398467027,0.4759040273496677,0.3275449184515186,0.4435346348641865,0.9866189446656182,0.3433036404972792,0.6853531016144206,0.8806414308662797,0.19663311776901193,0.6661290044931597,0.4934800214601557,0.5930285644798453,0.8452890278689844,0.6936246525274837,0.4848926941373224,0.109430072411881,0.7401810955699252,0.3289593736214127,0.5029318336570985,0.5993362466970409,0.12383413336074427,0.6456269219320601,0.6052000745128501,0.6683307224431656,0.29338399172378676,0.667205436135179,0.9538304766859665,0.11765149268584803,0.9473964549604774,0.5318647987213818,0.11764907898089445,0.6287843632009599,0.12853326316788935,0.8585769765350553,0.3822376946809276],[0.3600832605379493,0.5450140237062017,0.197594882791833,0.4062954964282966,0.6557312610722689,0.7997721123847771,0.734361273868934,0.06373634861735641,0.32520985531770596,0.09424629953303287,0.8099985265502851,0.8969483474293378,0.3998834821527184,0.11072407902164402,0.3765124256045347,0.7593758515058374,0.08477089729101821,0.9314948707962031,0.19071083684119536,0.13911878608436815,0.03697341774036776,0.7746526389427479,0.6446927331674103,0.9175300178723262,0.6850003631649647,0.438437286088067,0.8666560010634647,0.7919695561246615,0.6330701704076239,0.9202637626158247,0.7050215945867468,0.6288609301682933,0.8864776817899905,0.4368308336067416,0.5754364560636495,0.3873982447255086,0.8880936151088831,0.763074634623021,0.684312106736529,0.24899084670513072,0.3105248895590395,0.39496774985759103,0.36563501928601283,0.29690328113690767,0.2620924966896176,0.7248802293473504,0.9521074575915344,0.5784876265958826,0.7369066513407114,0.6512368345705336],[0.4146381562470084,0.6616777944082095,0.25875810955453094,0.5511330635666318,0.15488744933335646,0.2976462900474337,0.12186470509007784,0.07038328556034718,0.40479066960849974,0.10409003869469138,0.24254358158713463,0.16218797112093,0.26244328035718306,0.31897194029435444,0.779269627860339,0.27187210703514436,0.5002825333835635,0.6897597929049575,0.09404505671782391,0.013450489818498078,0.09508449679293984,0.9305983564143885,0.46745643445030904,0.03656035006222716,0.13915665458132334,0.4251875991545159,0.6738230997948828,0.9031681299014593,0.0340441054972197,0.4055766409201935,0.7331151983978178,0.45372867281275514,0.20629665892952884,0.2212405545180154,0.8336720388794701,0.22116848473820558,0.4486222554926412,0.33430016266063206,0.16311954788439328,0.8172617946195875,0.5145779024177817,0.255592008624834,0.34724183633177236,0.4653925748295812,0.2094904917466219,0.24350288080439964,0.26594304273721514,0.12619529661070653,0.6205932569362919,