{"n_weapon_types":20,"n_weapons":40,"n_targets":50,"weapon_quantities":[3,3,1,1,2,3,1,2,2,2,3,1,1,1,3,1,3,1,3,3],"target_values":[34,84,61,78,36,50,18,55,57,48,36,84,76,11,74,34,55,93,71,67,27,31,43,52,22,24,39,61,54,24,71,83,32,54,90,77,21,47,76,86,45,8,38,96,88,45,86,88,95,13],"kill_prob":[[0.3442490206225246,0.16870886692296425,0.333970447967043,0.7097225868901227,0.3802192936051654,0.9653628114741521,0.12958924182316023,0.49513144009287363,0.04479658986718291,0.41619911680749283,0.5830381205088727,0.8832459918716324,0.015242785303395385,0.8094067599586916,0.7486411394295747,0.11181865917940369,0.014134182639450972,0.3637428291300757,0.8960736466555662,0.0442984444942418,0.7442228891862721,0.5836975146010449,0.8784485220655676,0.48493164482356815,0.9404177572206435,0.32092250634489683,0.37792600278534644,0.7523040777196105,0.2887038551848447,0.5490506592915327,0.9606107887410117,0.06703393000039147,0.1299377546161786,0.6419105453531267,0.48652663998424217,0.5198121672724078,0.7599014607133076,0.25527025088774336,0.6551728298451622,0.5904928061390629,0.8402999554215451,0.11214936236618343,0.4513211111317565,0.7983990175026848,0.1986469343854296,0.45278329863876204,0.8939523565996933,0.6671568092372165,0.06741728102440496,0.1300860685500942],[0.8955086203350728,0.1090706470174798,0.8868940295468122,0.09099904658262369,0.13952627706280113,0.625068782702664,0.10271392460928389,0.5599965659048609,0.24969121930049118,0.030766845471646757,0.42053390567090465,0.9330774128731835,0.5648976420528075,0.17889471217775244,0.9509477554232566,0.24110965559343792,0.7848099699602452,0.9793117876499564,0.5356203609323452,0.6688685399128671,0.13699694089516673,0.9210665024167863,0.6315572137297023,0.1836589189019808,0.43577427663745183,0.41011420188087533,0.028580604909474033,0.5895068036516186,0.690853114380645,0.3950092170094485,0.7198202176208787,0.892740517484955,0.8573410595298343,0.5657896686947462,0.13113723260685659,0.7262645661355961,0.3304776036758344,0.6851672054817018,0.9144349385707659,0.3540498974114431,0.39554462198003904,0.08020064298122104,0.7964742328968876,0.4192874733026828,0.7645355596518675,0.5372452574138442,0.6159406534812852,0.610096004864937,0.5026887118640544,0.864793247455317],[0.9132400011629241,0.19248082290978796,0.6627912045297221,0.3181649312542374,0.5883426602230685,0.4755957987624021,0.12589053374317435,0.23268613731529114,0.6279494536207105,0.15905831981495272,0.5280838126842866,0.15104581209409407,0.15329191781321888,0.6460279539269213,0.6987425551822805,0.34006576956051304,0.9634394005402501,0.5037693148281637,0.7293622954672379,0.9690067718657054,0.6144530579677396,0.1672106922737145,0.3456006995030836,0.7598492779580774,0.5321979381883571,0.9094104532929588,0.39707206679189505,0.430684257990008,0.2634868338775843,0.5484985889115542,0.8017249532536104,0.934004517665224,0.6828963423538553,0.5575955073720832,0.6820319950666427,0.03793746193133685,0.3070752521697121,0.2949040227470131,0.4037187602713177,0.6374058288946547,0.9882468931239767,0.4068602436016859,0.8219274796917393,0.6033221374306301,0.42487799130161663,0.451747893469157,0.8014607043383364,0.9664274074325783,0.2451150622090783,0.5562484384684443],[0.7820488539718156,0.40661927472587944,0.4759023358655655,0.7343691730699503,0.9575557426120019,0.24874534920495653,0.03224574323037509,0.9608905575760605,0.0607454856027332,0.6723070258541303,0.06340119486383436,0.4021985194149217,0.24899566750240812,0.7050143639505426,0.3099433936364996,0.2724128785970253,0.6257163332972301,0.21565327832320416,0.5475885147808881,0.18189312358732598,0.9882661873566589,0.22903358730454673,0.553469674993222,0.5510787100247555,0.10704463872279552,0.047552567057344154,0.7222949885494792,0.973197495031847,0.9237371476487041,0.6758242966236754,0.05728932079643221,0.906703721343129,0.5796231276714633,0.7050764215601293,0.05994956548529784,0.9297858942277376,0.7210453301384365,0.7212827024428304,0.022499687586436088,0.5531311901511738,0.8235005098958577,0.9019603737325798,0.8542652563548179,0.25778575694237976,0.931380038326014,0.06955959164809646,0.7584844331432585,0.1136972440482892,0.8671622918075225,0.6956448349616519],[0.3235230457989801,0.49886221166277206,0.41066332186523136,0.4999728030735809,0.04581972293509996,0.3066024951353954,0.11801948223636892,0.7692137464080787,0.8676576748711599,0.29827713114943866,0.17196082177866603,0.9649707149141177,0.9451546382010286,0.7777373889868116,0.7601639711243541,0.09490537812151965,0.9644753919558454,0.4693526676671876,0.6859184380750416,0.05107820255266768,0.1642413819243626,0.27724550667390785,0.9511249261446704,0.9543774993786409,0.09063153225295568,0.8753584004039549,0.846343593785661,0.8810210182340547,0.43173987074134,0.49382862162081054,0.23639622561175921,0.2546617438242775,0.37443118087632865,0.8990778481704084,0.476058393882868,0.7844874586939596,0.9530547982243154,0.8897658766824245,0.6809339288614146,0.3840667398298226,0.1246926444156683,0.9519898980230757,0.981086742966098,0.5704345476964465,0.8133900651985749,0.31473380611257545,0.5508028455739967,0.503502457634125,0.5034881432696716,0.17425087354127455],[0.7848877812842222,0.3234535784131824,0.9825272773841629,0.29323729293290274,0.040048476958509285,0.8757791400139581,0.6500837050930962,0.4020850294437495,0.8914481290789632,0.36200946505158466,0.13385495916214077,0.36612321108685303,0.1460811380386261,0.15873332131166762,0.062495692555341056,0.3923078452885777,0.86896058940286,0.28449353655260873,0.37425201990166107,0.3047161993379515,0.040115125174124036,0.38920402291828415,0.8747015447321453,0.6165114766193311,0.8258322164060252,0.8191742462328988,0.1764730312118587,0.30659799526546155,0.7918686823117843,0.020648537239925935,0.35623031859686666,0.2270144384081316,0.8553644052865154,0.8296100216216961,0.8170473615614906,0.9569059181035141,0.5675543381479667,0.16158121829813327,0.9204482241324844,0.7431241058508908,0.9675387014798378,0.7595651715842897,0.5272787117128569,0.36428409919350874,0.5925218462073031,0.358394920485416,0.765299703826374,0.8600344865909254,0.41890664019824286,0.29779430889263037],[0.03816011928251075,0.07561094436265016,0.4632264129029299,0.5535069023911717,0.3773674789113744,0.16616403740727956,0.13548638871043509,0.37854321404740165,0.8610195428474918,0.4689035315084622,0.6148723330250243,0.07125290351535313,0.5836741061442587,0.04325820727675823,0.7419316665377096,0.15545159358220434,0.8503720057506554,0.5687292637953132,0.8386789551578109,0.8923833964729707,0.3918354409588798,0.7738872038031538,0.8808746659934917,0.8606445663016279,0.5670701746014027,0.6944370279131701,0.8364213930125082,0.21229484140164023,0.2705999593023373,0.5988586611323417,0.7356923852880962,0.4752788899954132,0.2030094687809388,0.015185271709817379,0.8922725462298212,0.36531831584844154,0.3497631100847256,0.9873118822476825,0.7117677069912527,0.976660352131954,0.5228489263358213,0.37030536456415636,0.7339072762479721,0.25783112663576907,0.41351343668587304,0.7634443064645965,0.7275501322371825,0.1983765662409023,0.7989261830225985,0.5029522867543819],[0.21203579151922408,0.6702318418803855,0.49235665594287487,0.9706945986379258,0.4907435608747602,0.6771588950885562,0.5958677039399202,0.8335679067021428,0.5487732338816521,0.5854351771883076,0.44293621435098485,0.8052921915158671,0.8886864137477789,0.5576252034462382,0.7680881317776693,0.8484975401451958,0.7945121068767403,0.8122462127195393,0.10535449491020711,0.35451674233637714,0.9618066448998768,0.5095816833503715,0.03861906113053388,0.3284292988967051,0.4045024486347702,0.7917578450824535,0.7912924646404865,0.7827272855936058,0.8674979694416299,0.5054467435007652,0.5825767751555836,0.9364773231159909,0.3074688814735268,0.19491364092217292,0.4796342813586176,0.8852282566148982,0.14745023168427715,0.496915373968876,0.743317410194825,0.5816917470918491,0.3993985078054882,0.30463677247235843,0.5763649137310407,0.19796962305884547,0.1580205391816763,0.6253491509277114,0.23445484891650953,0.02988909435462947,0.6482324788842662,