{"n_weapon_types":20,"n_weapons":40,"n_targets":50,"weapon_quantities":[1,2,1,3,3,2,2,1,3,3,1,2,2,1,2,2,2,3,1,3],"target_values":[73,38,89,57,76,36,56,82,4,32,84,83,58,10,69,94,55,30,64,77,32,49,34,20,53,42,88,30,37,13,71,91,67,31,13,61,15,70,60,12,89,72,81,83,91,58,86,52,89,22],"kill_prob":[[0.616193656811096,0.2889802117779832,0.929215963351014,0.3107466635610948,0.9127880579349519,0.10570082767578566,0.33045379465825225,0.29403238863533243,0.1989091010527197,0.15960440358712494,0.12418665568170739,0.8047958846448641,0.5482835897284714,0.8484348191630018,0.49112498794992004,0.9049243839865626,0.8502834032450729,0.08402261425774747,0.32126388474209533,0.09401629759371864,0.49750092911278354,0.6612263300561413,0.26151579776301226,0.7046214052595686,0.40361728983370926,0.10174086732622063,0.8328529810290092,0.2668624470609563,0.9807045936328718,0.37762255230990976,0.9565914857151975,0.6142116458221312,0.6861048676419053,0.9088790285782131,0.09851749909966426,0.07206724739278202,0.6385448053563748,0.0470617724904029,0.3414592182380795,0.45806281937236215,0.4762061294801885,0.557103323023228,0.29292322597077336,0.048751336136790994,0.9105069550995312,0.8541432787761881,0.07198219738054284,0.5679618829014302,0.46374569003623445,0.31649952441596924],[0.17507985794087116,0.714746664383381,0.6162144069832605,0.8815415516099101,0.12547858046074353,0.5698731173758996,0.7538387678314799,0.7969371932575094,0.6990178912537284,0.3884750955106609,0.08903529417189604,0.06417770502092644,0.33589173131129746,0.09979003276188142,0.33114262249888576,0.8661587239581263,0.3375144887321692,0.642769420420377,0.8351787879168049,0.583697594191158,0.035300967603978904,0.5265537337137637,0.22700422888484192,0.8171861670764763,0.24899384418569676,0.053432176662487604,0.013351587167207262,0.6444910104848464,0.7629533148260723,0.3021067853865705,0.7998943555393483,0.9654375760117823,0.44795642425779797,0.561533380792763,0.939401579795854,0.6699406027408701,0.705694003062589,0.4467704434686208,0.3378141442014526,0.42461714411022017,0.6615801411504862,0.258922910605697,0.3861461324628745,0.4804277979143474,0.3239844852009597,0.35987105940540104,0.9021129169085671,0.14928824726669385,0.6544250206184287,0.9760154146648146],[0.2869449236628109,0.48987459519519727,0.2441821310810074,0.14813115588608425,0.3759753349502604,0.08789846000299689,0.9205834192560232,0.8911436951813431,0.6468444352286377,0.3055932357976254,0.6532542574691557,0.6761417841679442,0.03331338628152731,0.08771217405116168,0.6663300985877824,0.3870122132841115,0.673277055536136,0.26107783297253356,0.23177250029002497,0.39432668462285775,0.39093605100810647,0.11943690246647161,0.426994026573571,0.1639864412640407,0.3073993174887617,0.2954131928504767,0.4968194042999763,0.7255698608988981,0.27113326191664455,0.679143423043821,0.44621412191087795,0.42566289722700795,0.8876325455049222,0.5660624255225521,0.2350180331718507,0.2405371739708343,0.8652422581647078,0.7616986249772634,0.7163651880008223,0.87891722824932,0.6345599328968973,0.10956226367476006,0.5273482989637999,0.6463354661607829,0.17272411805487,0.145824830033524,0.553603071949665,0.47091982587143527,0.08852320897375142,0.9667126257689668],[0.17038292282082015,0.9191050563063925,0.5478552763875909,0.024585593781206463,0.927506445567624,0.033749977228760934,0.6146831910206144,0.6041362505561181,0.9567454031257053,0.6334627224712182,0.5824104465247175,0.9697532257497866,0.13502754143754467,0.31636443361633276,0.45111783874534056,0.6358728786904772,0.06428898761876393,0.0580737625361044,0.5938739336937686,0.5305279159425297,0.6321033691427115,0.7264716052075203,0.4161135215435522,0.557647523124663,0.3294626568476635,0.033387727197528874,0.826051533817877,0.054640867218240484,0.01115507537288875,0.8942164617946404,0.5008472951130252,0.7330225091914818,0.28715440178606066,0.5015321918344409,0.3868245978427889,0.38449844053191296,0.16932090488930826,0.9428347639766302,0.19258254959936333,0.13676278556006333,0.8426092456925419,0.1419305674350502,0.03067298829007003,0.7059031285393533,0.1761746326021829,0.933499075593666,0.7882464818213794,0.24246386198543443,0.6012909290880295,0.4726999899138607],[0.3321060237422752,0.8620568738605442,0.1421690641455663,0.4727868453976251,0.7100152435668254,0.2053849759770109,0.5135113807031364,0.8876329042746238,0.5646298185920123,0.8686081096736379,0.8148149156938251,0.42255014581074424,0.5967687723264364,0.9459038838225211,0.014189894653562966,0.011439401341323863,0.9881227304886284,0.8983074518638626,0.8147772003903638,0.3290950814249168,0.7171965946332537,0.6916058111910456,0.18572674357274893,0.3369852064550703,0.5431352347847531,0.692426267025659,0.37894507187936327,0.35575100233060736,0.5275092763889119,0.9716069341610946,0.6446547840939268,0.7147912252885325,0.6219066977575035,0.8631444953309135,0.9234291335598843,0.6764454527307907,0.5663578590789291,0.8654144690641871,0.1875160123599762,0.6234185869167783,0.41073637770894894,0.9025349030075506,0.7658928465773924,0.862013051176178,0.08464697328141796,0.7345126033430083,0.7973944134472258,0.4365332771973305,0.2923440837610399,0.8975945867769639],[0.7681926039353694,0.7324372207966179,0.8674894228758052,0.8447968562794036,0.645356673103197,0.4620981301122873,0.34662984451346024,0.2644251830923433,0.5024662678664193,0.7973244649976418,0.7070471971940004,0.40907344719743843,0.22507209654427374,0.46399809533053044,0.6811871735916137,0.2890340289427097,0.7610451523076577,0.6113185080026284,0.9537124199001993,0.34788972797341916,0.02166298661438173,0.9027489724129382,0.06889053749309405,0.7198312282477329,0.8996902499330557,0.8430164758032389,0.48716203212708126,0.8839972494623469,0.7752620083341745,0.32384200265348606,0.13620372711413054,0.3929723980354929,0.9081015314439226,0.7764675106680154,0.3837482854528011,0.22973575647068747,0.20522048092124565,0.23255066611028863,0.7845028850435991,0.3296357299585921,0.8389839454322906,0.1594720923043921,0.16160278332870404,0.504346460635987,0.24223213317528797,0.1992902909129374,0.9809485291704622,0.8853842667974299,0.17570731003142592,0.642298253397259],[0.3384239758064105,0.41792564292753936,0.05270588479747835,0.04333131771316748,0.699064215810343,0.34412182143324355,0.4247204423482086,0.806267041364116,0.8932804558027987,0.4867196486095165,0.7174343845705026,0.9476460271974676,0.11383641058978329,0.37924329056956235,0.4606906004887752,0.4462010350108548,0.9766044919870558,0.7909581729390871,0.8766835807825404,0.10033068974022986,0.3314834841521184,0.5864837224541746,0.052571541473281816,0.08918795700357098,0.42454150357181925,0.9783835655378478,0.74054496960211,0.26425088634321,0.9253655356499112,0.0860839616307604,0.43659873614292666,0.628010995287252,0.6063470311041033,0.11676642150778606,0.5124054023910524,0.28373776291888647,0.30270540632995285,0.3350949647902071,0.37127729999482384,0.8426661349032638,0.22897075390793065,0.4197248427256327,0.43002073917054534,0.4453223669607857,0.49794769248370785,0.42927961029030254,0.24769405603592917,0.3160921520763576,0.9100880883554129,0.3304830171903303],[0.8409624192750226,0.6186583903697618,0.33869317018404904,0.28325982789361853,0.93332806214192,0.8363031597287781,0.576308822070133,0.8322927459832863,0.7076492073602456,0.7051719284235586,0.8956399656241013,0.2917639054513242,0.5136273491384673,0.35249443831395144,0.8717554848395006,0.9729368128672471,0.35721177849754815,0.04299430588890423,0.7167422067439427,0.4046555481295012,0.9418778306536477,0.7011694986025945,0.2581984299285026,0.03914076541149791,0.6456310167715738,0.22614972096652128,0.7601070402102043,0.14231215796291102,0.4988850462837139,0.8768536971116785,0.8018079841669541,0.7376952960595512,0.24993009668057561,0.963014704915317,0.20281627766944463,0.4773848247986164,0.6646135869386735,0.34393525136043146,0.07423395700044601,0.1166202706498973,0.7708046739550263,0.34600039729445076,0.5961014326145473,0.10308338703857002,0.6805582910250886,0.38236023418484655,0.5259604390523317,0.9035327362941158,0.11616067006444764,