{"n_weapon_types":20,"n_weapons":41,"n_targets":50,"weapon_quantities":[1,2,2,1,3,3,2,1,2,2,3,1,3,1,1,2,3,3,2,3],"target_values":[29,54,86,11,18,71,17,63,6,50,48,98,88,79,67,78,43,55,90,11,62,99,45,9,53,22,91,80,38,71,53,9,54,11,15,12,35,86,9,37,23,82,23,23,28,53,38,33,57,12],"kill_prob":[[0.2069802871275249,0.855245782068783,0.5901466265491798,0.2609899539711258,0.3797334447718024,0.4670203727282839,0.9014277164707175,0.4455525213314782,0.44974682617483697,0.28293047370141494,0.41165120110949716,0.6127524964875775,0.8421113613901612,0.3849311676696264,0.751416851439138,0.8266386538632471,0.5014636678851188,0.6374530782273603,0.098736180051506,0.5893580994131989,0.2529674587022815,0.33284683627352113,0.18791412058773216,0.7162553785048896,0.7575311251665728,0.6659738445610268,0.2881644580459737,0.7701569453159625,0.5450260251076171,0.5017568846730129,0.23191338594720248,0.6831870938054032,0.4643397507382295,0.8665183514778745,0.31879566056228975,0.8314130405388914,0.1839663372949225,0.4762446870925512,0.5675864326787822,0.4219009039691409,0.4237114679934428,0.22591242384849944,0.4095337233503443,0.5897899548128764,0.8564231742920804,0.7339011306005976,0.03991984550597686,0.06337655585227432,0.7282704244091814,0.0809619181169679],[0.9622876630708131,0.37753721619694675,0.40217274349187626,0.6147863231677759,0.9598298560554346,0.48131889119921345,0.15212456846622918,0.07959334374921734,0.42429883543772723,0.7363914398754651,0.48891012531342903,0.6735766775231375,0.6188268260088691,0.2652193700617602,0.5100088602559925,0.19641297684096035,0.218837702503653,0.6934277838054294,0.48935705999730755,0.8369645100370765,0.16437455606981152,0.2134120353226807,0.0563520397642977,0.7034557309778906,0.17961230957529942,0.7294425681440455,0.3348100651568889,0.7862857074779322,0.5440551946589797,0.4158892312439084,0.8349741673177715,0.3417314120946909,0.698307336468238,0.584121922913001,0.9491385160140978,0.8408585137617639,0.05274286882620483,0.33703583877472393,0.1710249068603421,0.7631911788360503,0.6321140977780944,0.10747212993203599,0.7632121117913906,0.7998873603602314,0.8352720677331573,0.5635186702138189,0.4553761309309222,0.6630877684497383,0.2702575972805205,0.803719259025797],[0.633954063141873,0.3036525345561789,0.211961750716103,0.708797174515591,0.47923846149272203,0.9153247747742311,0.5779222613837621,0.9711419773892142,0.2750004884017295,0.7705219094993917,0.42640323723039697,0.06577275116648296,0.5390312642139843,0.10564996232596202,0.16871687688505965,0.42055801571030776,0.5783715056170773,0.3298187714638242,0.7116268171239973,0.4045295880694158,0.9148281421181216,0.8446610368771872,0.1840643487617732,0.6345525343175081,0.3306241099523417,0.8803536905640305,0.059043909932872965,0.8871639681085693,0.4565367080491333,0.0527919741437326,0.3401680758359906,0.6454243894228492,0.837385287523921,0.13958485312812507,0.025272052715514297,0.3442478900929084,0.3504406191687218,0.7849460636266309,0.04601492716195438,0.6566141390858412,0.6974422757630669,0.8474521932453152,0.4289806048995351,0.40266731129893174,0.853809193919301,0.7803824692231003,0.9314309647968174,0.49669995381394727,0.3592018330355305,0.5445921414674146],[0.13484234544382803,0.36476942358568254,0.8942942679598211,0.7632181970321088,0.1095641091159827,0.3329431975078609,0.17754135320700445,0.3703887115548795,0.6041448569073471,0.55958486538652,0.6569397958532386,0.214012047353517,0.49321222981439994,0.1521781725131192,0.9832971211008812,0.5903032853186936,0.11811969701442122,0.03136011109586915,0.47105297598032336,0.6855943527919044,0.7463972017834896,0.10080839765866514,0.16651167324522417,0.525104426195143,0.3493872289357968,0.9890731910803715,0.15129397098427227,0.38339705052644896,0.8543434783849766,0.364553015942955,0.535509619229774,0.6242297283928547,0.9107986027933699,0.9442737898389436,0.957226386943105,0.46328583686219765,0.034521580338156596,0.9028088777981355,0.5907351480284794,0.36769148488076153,0.07852391226772745,0.41240958008123346,0.873620645565021,0.6631582453903254,0.8785319133836722,0.3539062741941275,0.8732962924782193,0.8783532441862802,0.6238085476993136,0.5872381427301516],[0.14731048863711785,0.7177568192752678,0.8997277724767591,0.35700789828995966,0.1533497415360482,0.8955415458642063,0.9613533362940628,0.7484190945125407,0.5231506990186819,0.3902964538177592,0.21313049056145422,0.04099328922283176,0.6595500233743485,0.6296709500389472,0.24550023586142655,0.5796029817345156,0.039702648500773895,0.6983410484103263,0.2998759827139779,0.1784096053245315,0.21926622797467263,0.5908704718676645,0.3082374690243533,0.6727599491756453,0.250199027100601,0.6512807138633774,0.6676207047013741,0.6517875359140145,0.44553652906641555,0.5659500936480173,0.14396588641462812,0.2865235734085924,0.9211569605504631,0.6677209413277353,0.029556875319118457,0.340903159961643,0.9133471647159285,0.9617207366039889,0.668248086276659,0.36135929380162385,0.7289889717673749,0.40973184893886316,0.5774567098075739,0.7348452030110323,0.03178644007791727,0.4871358373053544,0.4438525639743327,0.08057533009241884,0.14493346421361938,0.9832489071043656],[0.8152175391616511,0.033396141954206975,0.90069233650766,0.5312764468679986,0.2601171861305804,0.03649073402814192,0.3537354383695254,0.47185468032968886,0.15164009760425037,0.447929589879226,0.38120794091589755,0.9032420755398316,0.4467419082086988,0.8229716823212947,0.57873878660644,0.37854973785814217,0.9699081804677505,0.614217314975132,0.1090962444686095,0.740794908611873,0.026874490299695047,0.07918874295957659,0.39728973385463306,0.6660392314569956,0.8039927094106005,0.9140232192243584,0.6890374639496963,0.6208347659319314,0.8908554384647628,0.3658584873160108,0.6151758352942244,0.6195799811835534,0.8271244406568264,0.29905300270465074,0.6670812217215065,0.6865899792591414,0.6647431457868178,0.0636704758471495,0.7442301246661326,0.6124598095238986,0.7718213280852747,0.2509296064316157,0.18628307980343933,0.6735240799440342,0.3936273813710852,0.9670731528650542,0.34654350403334877,0.8091914743949561,0.4785375088821696,0.3669952614347428],[0.012562744664928816,0.7196447834124678,0.7197254613091286,0.38010825779230495,0.5736801636549866,0.9459761226407846,0.6862657912342368,0.6978433034269842,0.21840766592053992,0.8330598969764754,0.7337469738658687,0.2275371867121415,0.6527840044115272,0.37697395142782664,0.33255751712805376,0.16288671046351497,0.6633417010389162,0.9715318482230844,0.07248918923829996,0.26416479510772334,0.07096474261930986,0.38062549587441363,0.5139698330144347,0.8337569790019431,0.38136590790756675,0.5734176696812678,0.9631557846695961,0.14001881835061486,0.15570608344284573,0.9844793404962997,0.7482477891065221,0.9059935445761134,0.0427812518768702,0.4754155912772216,0.8468004271711643,0.1469867576309356,0.7133796145718434,0.4731945285568046,0.7602676453177102,0.3393217154316669,0.21674775184051198,0.11492815995638742,0.7946767965467134,0.6318095421135675,0.7484981952098042,0.4273515649247383,0.5400852220411418,0.47309399799257273,0.019839461725265385,0.8293272815654322],[0.8665915859707688,0.533657653042923,0.20943900278635982,0.9442026869893639,0.3917690941440789,0.39388634755200924,0.24140429916831366,0.38429789495885974,0.6684897066032494,0.16063962011892588,0.11391078492261517,0.11375320573964234,0.6198430493721617,0.4512919162859712,0.5498276332710166,0.8845998980549543,0.7684077300682116,0.42647887105684446,0.7224516931818066,0.020256381241352157,0.3317568549108368,0.7558749638950101,0.9247377697322945,0.9074590188845632,0.8754863225467436,0.08728048058683162,0.8666122006054409,0.8618549054183479,0.30244937978270625,0.9015755043736685,0.6636383422076175,0.6949423593045393,0.4689608887906493,0.34972067714644856,0.6943425508363097,0.2774181397490515,0.3783217788996598,0.097071378192595,0.41617100466263696,0.9113448872562535,0.19445525264540792,0.38824595008656787,0.23498759797009314,0.2860781131013414,0.8636734374015321,0.6326845100434461,0.4017002089494087,0.9692790509082445,0.4744305024517885,0.22723763243165493],