{"n_weapon_types":20,"n_weapons":39,"n_targets":50,"weapon_quantities":[3,1,2,2,1,1,1,3,1,1,3,3,1,3,1,3,2,3,1,3],"target_values":[96,64,51,51,87,82,84,68,93,1,17,5,8,2,78,75,43,81,16,76,96,62,90,60,25,22,80,38,43,77,65,7,50,73,6,53,90,32,91,19,12,17,33,89,62,44,24,78,89,63],"kill_prob":[[0.23661808535819687,0.5761537874386322,0.23140305050438822,0.36474480352572314,0.6020384161712886,0.6717162065349778,0.11047632749301792,0.9177410113067136,0.8368427446302198,0.6750306959337787,0.8558674714889497,0.4146061733119635,0.6261476027773767,0.689664460480602,0.9661107745032538,0.8318497082611461,0.1100264793852162,0.19396654351324755,0.5327556117715341,0.901020840982354,0.4822902435180914,0.16102875948597617,0.8097037372288687,0.42171544393015836,0.4928197774431983,0.6129739752174351,0.11991610732578716,0.680090943298474,0.10742495573803754,0.6774425169665026,0.7616104307936761,0.6515674818347219,0.6660310721525179,0.8146484306078147,0.21964626722901032,0.7830833767487101,0.3673848154396129,0.027715032668497355,0.7831582166052085,0.780892376575068,0.03910203026020093,0.22765847343914458,0.38473417763805146,0.4434078954062297,0.8999758996701428,0.49691572737483336,0.391945516585787,0.04141742251870266,0.8195947957857687,0.15566636834029357],[0.21411008786944583,0.22819998827050217,0.5132385255236512,0.9391448721895771,0.0855890967874682,0.309520845527199,0.8234485664030378,0.27565008453761447,0.3800462721023168,0.6695925000514513,0.2817850726783869,0.36674847780547337,0.014452002005207264,0.40147516764959984,0.35896193731778747,0.6305514748823863,0.8367315870688856,0.3056497624196917,0.9698138032258805,0.6987345505697727,0.42878543122999824,0.5727557160691957,0.5277768321710821,0.8198308014267263,0.816601052540537,0.24140026043238566,0.3200671407785671,0.14335897206625842,0.5515472473652291,0.33457238865874006,0.48134255074441645,0.3875904711049166,0.7358926429365702,0.15629756836875602,0.5428531548411576,0.1577866716291406,0.29551361583720925,0.3051072949275777,0.802933702448717,0.801761896087916,0.7335436263318339,0.8146763101089738,0.9582286556313422,0.6262428347897937,0.9021846971982559,0.8762337741201108,0.8791062643756443,0.2588448984931143,0.5509030958604781,0.6180607679343434],[0.016190256034093912,0.3344338837771264,0.9788981454619797,0.17843023245292902,0.5987615123059692,0.11261231054409579,0.8833533052950496,0.32315690665480995,0.9838919030528949,0.15518721524098075,0.21882541003307263,0.3612501751171828,0.09531919439821675,0.2895806870187568,0.1816295816896393,0.9171733532000165,0.7214199096012647,0.5231837178751931,0.1432399824493092,0.33796494167652086,0.3598715752137855,0.39358679322981655,0.9104914643119346,0.1359833007206375,0.2710408268103345,0.9806110036542478,0.5191960258462597,0.47702348777040504,0.8526103139927014,0.4430307185142672,0.17760435673121944,0.7630329375815055,0.724272467855613,0.9496162380119172,0.24629403888164322,0.6439738927146152,0.6788863626203727,0.8686590990823481,0.6998940617221393,0.3285650969584855,0.9534791240679379,0.6707187671918001,0.4911761865717158,0.40552363768179156,0.9323580570046918,0.6854270723675641,0.24470172889930536,0.5389516119791364,0.13408463530972864,0.7930940960504824],[0.09749495793259244,0.7844363529208978,0.704517924071247,0.06411092548651287,0.263462119067683,0.7129788726606419,0.9091732056463917,0.22401167827060087,0.7959616099469642,0.7586886509478725,0.76607172370699,0.026465116399407212,0.46478170978772837,0.40144747341732345,0.9331867818631908,0.8471084591982493,0.7628558434488778,0.4302135492495384,0.9117386311004648,0.7188282748983197,0.5261106384203811,0.14549948665462448,0.8018263934332024,0.5459875426747962,0.8051960569828697,0.9727959705589804,0.7197225820120529,0.9358080487573247,0.5657529211549137,0.835272197717438,0.546331905431124,0.6322140273095251,0.2878636891700964,0.8659697392445554,0.6249535117616156,0.871066567896308,0.6164808698811135,0.32483833881793495,0.8301867697527502,0.7271382072613369,0.20497387771984726,0.044801589798445327,0.3956282711266426,0.45976975545664706,0.41078483339927657,0.694410018530558,0.3255231329978692,0.6476863886971697,0.9026158202279201,0.15938691047732775],[0.48237659687473217,0.39574038919864796,0.5155950761627149,0.9652142078046848,0.13148121550645434,0.25969335835349616,0.2710064160625353,0.11000170100602308,0.8208113510159897,0.040564323672607115,0.2588435193358471,0.2310670388798394,0.7781267926574545,0.02542186283622341,0.9178141353983778,0.7336974669473705,0.03376210794357733,0.4287631664627825,0.15753396218579513,0.8669927937388764,0.7074521164202041,0.7899295680026733,0.8760294328752163,0.6476792282305122,0.6119764835156285,0.18854827894550966,0.14609523353587114,0.19686857565863344,0.5457327705995458,0.8102228838647354,0.23187334320689842,0.22498890013034975,0.5555429709484607,0.5165379125798217,0.35994147282283534,0.5452965072298822,0.1766350186249565,0.31796586013522266,0.5370734954529975,0.09556866601609454,0.39910701056780423,0.5605992612632705,0.754638565709923,0.5148239327288483,0.5265069865977319,0.8060396494728129,0.7878450775435942,0.17094300318330702,0.7851444950504113,0.01845295399920182],[0.43624342562172547,0.3411074627886767,0.6042813633597465,0.058304637504628394,0.12919046010696061,0.5004044629640015,0.5322598299894289,0.7331042427906291,0.3252144830858715,0.4694857321328249,0.5529723357477085,0.8219920770335385,0.5587705809476334,0.8104432457618337,0.6535150126815018,0.19503009331906562,0.9109529481720895,0.032421740221214364,0.9352730571586838,0.9413726638828636,0.9333363427018855,0.4623451084057023,0.7604007390020215,0.6322778273410945,0.07583638781633778,0.7489094984513335,0.923671443408209,0.9554881674974869,0.1844608351882275,0.41041539639651686,0.5844088855442527,0.37200044900997575,0.32114844915558477,0.6041798963651862,0.19345341962968923,0.3703599793010254,0.927987716921349,0.018625587439587067,0.34386020762812747,0.8357325062892528,0.24303835617079583,0.4116050268187754,0.10629161191900234,0.6455262698166121,0.2354001683452826,0.45500906277970116,0.043186965419786,0.05696739297128551,0.7516505236066178,0.4647019817847576],[0.9058081284242917,0.6032319922400253,0.11220233534477576,0.18073398504037522,0.06732790829889414,0.9791908502273918,0.7280064375933355,0.3117903112190219,0.15049089660763895,0.05151614492416533,0.772929263852071,0.4022575826932518,0.4470569790145268,0.18922955313359938,0.28115327402499835,0.8086121163455553,0.2483992271982865,0.6449306548632227,0.7954417273090204,0.7683356962028627,0.09363391907168171,0.5724633956232609,0.9448880653445325,0.5668411626629426,0.21589520773645363,0.5039166995860958,0.7824407463973304,0.8915772007517133,0.8578416036777192,0.20912647431429912,0.13442882537697415,0.7279200815859371,0.4591091687304099,0.30793118876111025,0.9410045614481322,0.6161435817150492,0.8556189838775047,0.16175597663783076,0.6174259878333205,0.07257269434883962,0.8319197276429372,0.8897426847446452,0.6811432569425662,0.9717847232417864,0.4868163387727461,0.2591253370382674,0.9164989391812364,0.1353161189457229,0.596197093262376,0.39205728075695195],[0.8704000173362347,0.28965292607619086,0.8800383811548861,0.7822950030020979,0.7037035971459831,0.6781065300086402,0.5357839039058498,0.5312637907325903,0.8094676279678554,0.14093158264976507,0.7390517949981557,0.5153063550172458,0.46753123354768356,0.46045383327624057,0.6344677981904103,0.3768531516529527,0.35763587366713756,0.3620036259059294,0.5672103096629987,0.676809529480455,0.7062195444519324,0.9795713875284494,0.010654885078269807,0.47166438212702855,0.29977605323961426,0.7928629893578001,0.5116026557998354,0.9781504404293421,0.65168607815722,0.5171261712923733,0.5695113746469077,0.4886427748738006,0.2895137445197909,0.04406459797581106,0.16006724745840975,0.7967191062440114,0.3373996163019212,0.89443599769442,0.6330308902083057,0.9590730442300274,0.43823693763077803,0.09462902895594834,0.8869370218735388,0.8014091368044728,0.3332822558421309,0.6274029453607403,0.8079102393621048,0.9568510956061141,0.15719780525873092,