{"n_weapon_types":20,"n_weapons":40,"n_targets":50,"weapon_quantities":[2,3,3,3,1,3,2,2,2,3,2,1,2,2,2,2,1,2,1,1],"target_values":[73,37,10,79,32,57,27,79,8,72,92,17,43,19,12,98,91,79,89,5,54,65,85,8,13,4,37,57,89,39,67,45,20,88,87,48,79,40,16,43,29,40,31,48,26,8,81,98,67,45],"kill_prob":[[0.6382377208574931,0.581263635083884,0.5622740714405873,0.6161652386882925,0.11251844710919014,0.9576692819592602,0.11046836398627291,0.7804437760405567,0.4372370655097542,0.8804713639757109,0.0473533705851624,0.5299229374500385,0.06888850084562831,0.4773071440036467,0.9492785358158116,0.9472955368172131,0.9610766588042137,0.26166608132125024,0.9716698139165156,0.1181585573891155,0.496084022967833,0.5406613626756666,0.47734355717282473,0.3823893263594361,0.8528333961262698,0.47809392714140503,0.5841219305585028,0.43322694153845887,0.6626993904617142,0.6212305096547193,0.8031900167677831,0.7727499016189433,0.7898169383045418,0.32164408837159414,0.12704291355541525,0.6916847774751554,0.2665659622426361,0.19079840237914106,0.9712413828457754,0.6539670167980192,0.9526966413716429,0.5265312617701726,0.09263082061204984,0.057736953343435614,0.21354316228500997,0.2872130882780951,0.9183192968143606,0.612572256487922,0.9609406880866393,0.9329039387995738],[0.8485314816323243,0.6858616529464733,0.5079044445865665,0.829190828076103,0.7171092712928056,0.36937767079803263,0.03931952653515127,0.6979352318308469,0.6589325879757972,0.5660504567613889,0.9886995819742725,0.0912475278340649,0.23280579893666792,0.9555724367877758,0.07048737826385194,0.17350965055612472,0.8894729827709935,0.12561011096408428,0.5457413801386415,0.1188494570605591,0.44090111730609016,0.3215600592627803,0.672814172666822,0.26313268046721594,0.45501885921042584,0.6329895195097605,0.7234806729696868,0.07935896360200068,0.38758888535318786,0.11512934178546519,0.088417908320196,0.6741781765036468,0.08149418469712966,0.3232994672003656,0.5733573401908563,0.8906410333219754,0.24000846452822663,0.6432033142338299,0.7770765523881173,0.010316428185533518,0.46819351562737327,0.9308739659371628,0.28851156549378804,0.0533669550829873,0.6431295795230988,0.5311010489429964,0.18305389232703745,0.6056441301669288,0.05368602735820406,0.23093941373910498],[0.7291225980218202,0.7373911478162964,0.0804159914076336,0.3426970514182866,0.6142372617643002,0.8190033177622642,0.9376905127287066,0.14268110674964346,0.8787036303800771,0.407847109424655,0.7770101884732233,0.6065721940365156,0.41991173911412427,0.17668222433678812,0.3580520464662911,0.04381290472551557,0.6854758563449849,0.5539625372383178,0.3634540153595728,0.08593856177852897,0.06840358950629974,0.7873766420311832,0.35254321625843654,0.05181630793274511,0.06215844450979473,0.5389351311356664,0.7021249987474232,0.6265136600452716,0.3908104410580097,0.6007908728186568,0.6640864550090226,0.6693614764675377,0.7679925098052208,0.42578488281283566,0.33852233027278905,0.6839316176722461,0.32798203622000577,0.9643387868726593,0.7934754285371165,0.560866808579734,0.07460158514408939,0.8797650408233749,0.5384785541577213,0.321102981836721,0.9092249463731992,0.8763804794387502,0.4181284028996305,0.3142969880891914,0.6910262035968265,0.6881633564930474],[0.5430426012734679,0.9469488305933632,0.3536878202749972,0.7133046712045271,0.32053916400582527,0.023974614013854603,0.18119397276731444,0.6099217730254702,0.39607294499822765,0.9071473969083316,0.3401904222832157,0.2531479106437149,0.6773903929640908,0.4160706025068064,0.6363800597493419,0.4751715199905801,0.346846436023361,0.7190426336853387,0.694262279206503,0.799571275736997,0.6704214651413539,0.6019124153827862,0.6334009321049028,0.4247114279347373,0.6896870975032444,0.23469446395867466,0.1429779948452334,0.16304735747968324,0.18684272281032344,0.9427587669234546,0.9476106192085084,0.1739028716850118,0.6148162405978242,0.4524558546373874,0.4127907485854543,0.7183908826891648,0.8870508058505016,0.5424301491461622,0.5232843332709297,0.9642597986925804,0.18048963618811764,0.7895302156044275,0.5412689299685693,0.8706724746828725,0.6823593909925262,0.804015895131099,0.6265650149312569,0.5842480971698182,0.31515253920296615,0.19414085647693888],[0.34743415789735116,0.3498501562346171,0.7233365041005113,0.1287877502971082,0.08831449902859945,0.6109699837652027,0.5066811630202377,0.39564398203048384,0.30508591423535586,0.4690525202482516,0.59341803882686,0.20936919489079844,0.6805310579566205,0.6603451689868166,0.09265247397650793,0.938838928221545,0.1262568614615031,0.15538009976298345,0.13671353427287306,0.6854587551059884,0.25169079428977653,0.1001019516305225,0.13249432540336273,0.7337283333563196,0.8347164084917615,0.28746481723409273,0.37346088189010146,0.6829524567292019,0.6374498541147311,0.7370103609791695,0.060668511852674856,0.05945663561716485,0.3602129612446555,0.3249716543811656,0.7545540897084899,0.31785436773250925,0.5332396451640836,0.46547676882004907,0.17383165793551045,0.5542180680396628,0.5037686235027469,0.32502329603675684,0.3969306240708893,0.4858897094831432,0.19814990383949907,0.3613999113132879,0.5609216730908438,0.11638419659428507,0.3128907921473091,0.6949938470901106],[0.7495175727303862,0.5545157707732524,0.987161257008195,0.4746136177263831,0.6260965076994802,0.12061087396204295,0.86668681671164,0.8491918089953975,0.8209392010798247,0.9485045025820503,0.3361200176497566,0.5135642369558162,0.4166169890082524,0.20941241931767557,0.5554252313721293,0.935639352665448,0.5542632422944703,0.9730598433316405,0.6764369502325164,0.15321448923024772,0.27843174781474284,0.1537880913337382,0.7210178002738757,0.4855250524807575,0.02578194300670994,0.5051472272658962,0.4654922752938832,0.6160075273233949,0.7665416013408716,0.7693102065776051,0.6056330544714204,0.3405403352010143,0.6491033996702336,0.047060287409567886,0.16947538180697158,0.5999426995058034,0.2337943286030586,0.5399698299495718,0.36055909024938176,0.7970272209764439,0.0867684549619126,0.8096894930133317,0.4968927360617788,0.9197214251191026,0.779526545083297,0.6875855848587569,0.439639175847481,0.9527087705795834,0.5215787950525758,0.1717206608592358],[0.8507848549067454,0.5633764244403097,0.7317752325167375,0.7728052658031668,0.8819935349232717,0.8609575438252726,0.9298039700674963,0.751861409552872,0.6027780300210134,0.9364344876500913,0.44392113426903096,0.057254148871051,0.11214935441458092,0.7266964984965212,0.06077532111235196,0.9779865183465296,0.45508756166458725,0.503259337767881,0.9149523916301477,0.5202406578585179,0.691811660776215,0.9616768076380527,0.8514384146610208,0.8284284181069816,0.8884158793652046,0.14986442252001353,0.5499681852524229,0.3638109542222699,0.28632685331778124,0.35043605093027524,0.5744955868492404,0.30740775687914773,0.07666507745424157,0.37375769229301153,0.07998724659803151,0.33301907553197,0.5255161304409883,0.7347650880243144,0.38022221463126044,0.13939297325270436,0.14265158149499665,0.7998321946438605,0.5146750506220625,0.010160080231591933,0.6309823869056445,0.01872128573869228,0.07111220899203533,0.5132208351086328,0.8774004252558983,0.1583311548567382],[0.7819806905639995,0.08836414347772752,0.49771380840915946,0.5997597541749998,0.3668437701485885,0.7884294394791035,0.8217162488616044,0.8729920060309306,0.48428514490004715,0.65454622802988,0.39008334726408284,0.5202146705690138,0.7179188137206912,0.3194988434061458,0.9100505595117676,0.9115287807041186,0.6693650088305286,0.5132423791862627,0.941579204825048,0.30617451132880213,0.1906330302131156,0.04782365325925995,0.4058903275201298,0.24049706428265816,0.021886979953022384,0.5706255502579535,0.0198635273401517,0.9469925011276789,0.8678773299521544,0.037961467116705956,0.19243427011344297,0.044750206081448654,0.6742577967888012,0.4533548806900425,0.5798955068752589,0.22640289783867631,0.49996862489901744,0.9598801956507244,0.5166537679986002,0.1765030974299069,0.6776889720468477,0.3012346588073384,0.37256790287094216,0.8615132647252236,0.22618085986151065,0.6005113808583004,0.6504161920152725,0.8367873466894853,0.9206710673816941,0.41043225766508185],