{"n_weapon_types":20,"n_weapons":36,"n_targets":50,"weapon_quantities":[3,3,3,3,2,1,1,1,1,2,2,1,2,3,1,1,1,2,1,2],"target_values":[99,61,24,38,38,79,88,93,8,60,47,63,56,12,58,11,45,74,9,1,15,86,78,67,71,83,70,86,44,37,76,59,10,93,86,21,62,76,8,84,19,75,79,51,53,82,85,3,39,13],"kill_prob":[[0.5558883762685459,0.36858753054268006,0.7199921254698612,0.8106482953627913,0.051148510641042845,0.12065977692694999,0.14064728061902734,0.9832033709734928,0.733627042565824,0.8986968366853432,0.7281332317666769,0.8803533862204797,0.8595018982816547,0.1553434961357655,0.4841022976149161,0.8033713062226631,0.5898631353885918,0.18459352671748236,0.6890128039999116,0.6577296480007491,0.17224670195421807,0.6371676585510839,0.4125839397990873,0.396276604743952,0.8142230143102014,0.7737404268178981,0.023373651385773367,0.8940487061608666,0.7550673167695555,0.6739990403042727,0.8783779977711037,0.6618672942847862,0.5430676258720083,0.5841573902843602,0.43490795852519004,0.5586933030424619,0.19914287807241443,0.39138623751567525,0.632970959141985,0.12786474749233412,0.6036740116898759,0.5854676884101657,0.04150812665276357,0.7442790353536277,0.8166714947670002,0.1554093487835104,0.6773642280795598,0.9179115338772835,0.12162033993488547,0.7458343757283836],[0.9788327883290109,0.21805477028674627,0.9889997095886431,0.1725644528976037,0.4022540322547455,0.8851277775891766,0.765542976481454,0.948242487572664,0.1682612009215728,0.3620328653436496,0.7759676840369913,0.8561102110512674,0.5157650901908832,0.5973666416261478,0.013911193456846514,0.15198153625429428,0.5245053023744755,0.18433485936210223,0.5683604021195483,0.7399372135870177,0.5658713960585621,0.5531422080697452,0.20279492154540574,0.7131063767776091,0.6924724506496369,0.8310046334130169,0.11258275826235879,0.28500316788395974,0.024286762942358257,0.4093351375958511,0.6596697466131122,0.7552132572130471,0.29404406622374196,0.7096240119480364,0.6660926018301377,0.5862500510815732,0.9502068044631063,0.8699141303992642,0.4383606980169497,0.16923012884493746,0.2236727860461416,0.8521478916714679,0.5518286685917294,0.9885182455411453,0.8448675035499202,0.40795168707772295,0.8545894105451256,0.4198593157331028,0.8125996676794508,0.9620393418190302],[0.6389581704435708,0.8566551635051123,0.8924717049150865,0.43250873634524734,0.6133627824765794,0.7596016599658949,0.7716886134361315,0.09079714419585289,0.3246578272654323,0.9640643412847855,0.13533086114107856,0.44703201652740293,0.1865218479836546,0.9627772410075274,0.9398574269036462,0.23533461892582713,0.6412707686013464,0.8842329796272791,0.22525919700463823,0.17871082265600335,0.4979667105623727,0.47100154693478796,0.7395408235947806,0.7618632219052133,0.5912598222953921,0.10818094268250453,0.9227777190696195,0.9370637025240214,0.29696175600121555,0.04472730203776566,0.8711447981572159,0.6514878545295784,0.5148379207782305,0.2450113659503719,0.07085752007543715,0.1336776886616732,0.5204854268442181,0.09000235447500574,0.17998806195240333,0.21391138144007996,0.13606741939083836,0.4487464715724869,0.028128219733836883,0.36263017926472485,0.515747517764076,0.18312129650591105,0.010292114831186805,0.356788186332311,0.5175725038743566,0.13973557553669075],[0.7794786068392009,0.12066688756409419,0.19590600788667523,0.7708671107382273,0.8363930108146451,0.4362859327254831,0.3291996551381951,0.1976426823059854,0.7621316641561247,0.03188127881779131,0.9774517644670587,0.5250449764731341,0.19521699011367805,0.8440236733647782,0.8408567560611931,0.10010670170368158,0.03855222498717463,0.5478989415303069,0.40721992223831266,0.4213656512703647,0.22889240500190838,0.3425764751051732,0.31105682939788754,0.4081766229264454,0.2969103977824388,0.632284901852036,0.04567264384891054,0.5872016459760196,0.10109008499066473,0.4379545388189103,0.3331595942150701,0.3765876862567525,0.36219914516491875,0.28787268646527986,0.7925029468407939,0.1884493839279883,0.0719472324529018,0.5497307318397072,0.49043632928243536,0.021612846580535153,0.4329791416851464,0.8966965113257759,0.9094583317440388,0.7124566679673754,0.9338407251222745,0.9499999511339935,0.602936515994889,0.014036900813542651,0.6506471319140197,0.5405944917096188],[0.825320977504597,0.7701668027106596,0.8629285252824402,0.5946123996324063,0.3047877248066638,0.02532224965071786,0.14727865236658955,0.808845408067858,0.4590867707950292,0.30999377944465484,0.2855125585003851,0.8984110347950627,0.7088507863883293,0.8803546407870892,0.9801058979822196,0.571521468396202,0.33963203075712184,0.5230559757756333,0.4054809985562785,0.5718152339147521,0.734844983674346,0.0879778544701877,0.8192661762865336,0.1295888704983012,0.4348814754695011,0.1664002684632637,0.5022186698838532,0.446999035736144,0.7430798671547073,0.04991736300832247,0.6578820242459431,0.503408052188208,0.05243489322647418,0.3790365392092849,0.8051568663973208,0.27507002098655914,0.8240668906750734,0.567741977047432,0.4595872019576715,0.22886502012084992,0.7247872889538529,0.11525352154939446,0.4496894121330638,0.4950039761888004,0.690439164818299,0.27100501781596076,0.6461136843754521,0.8331636757856524,0.3514462065497771,0.20955705582711023],[0.6437032773428903,0.9715332800947641,0.052885439504184575,0.5609880398678997,0.44140860497052026,0.24293385293772984,0.7999491381116783,0.3554094428893052,0.8354539277965626,0.9766631366882003,0.7514705333499351,0.8411942323582355,0.6078829674057659,0.3961761269402399,0.02551195558930796,0.7145664569219584,0.8249604799934711,0.24175834163421722,0.9593031963948382,0.7827902720648561,0.8689696117529427,0.4368973850662326,0.4396745475183517,0.2780141790749734,0.9284758092053768,0.47839955216323715,0.731668990082807,0.3247007455952891,0.077276886712679,0.43979526653644946,0.33884906433700807,0.8298160666840413,0.4202006482096818,0.16090480624058565,0.1346311809593959,0.8269462204482217,0.10170565278044941,0.6764973685365091,0.5514253047880834,0.8186453500891026,0.38869860542069473,0.2434133888877958,0.7892024105287746,0.14286287417299381,0.469717993455989,0.09168048910151275,0.5658024585850152,0.8172914274978736,0.7204865741090914,0.4393977211025175],[0.8526906390395095,0.36431091246824976,0.6969749174605175,0.6109847882353303,0.554882458795493,0.49300037696535726,0.426725560678737,0.547802346549424,0.9223979078339624,0.41287771178123533,0.5084722248705831,0.16964092223346786,0.5357259298035968,0.2110366038464103,0.44547927920706454,0.2556318236535066,0.49825482526070036,0.4567684185480271,0.7033258336980795,0.7514729951915228,0.06394036989036853,0.9025801122092938,0.3116049915349824,0.96038733040967,0.5884109968280398,0.3037688998355724,0.23725645586189398,0.6696201365463104,0.1857766662658091,0.24333181732755554,0.7677835727615466,0.841500003442067,0.2592400592437598,0.01413434555123926,0.35968344363524146,0.5373248533353983,0.31686118766630106,0.7895510611695061,0.7518756744818962,0.1613160617579868,0.031462302173547195,0.6365089036434038,0.8523006680825076,0.7192872339470852,0.8400697904180103,0.2540656426591954,0.9632820601009173,0.17368138910709582,0.09257880946926778,0.09009469128102125],[0.6160457495709494,0.061691859936863526,0.46427237194844795,0.3425837577466663,0.02300305186125181,0.8936348258784395,0.5447502646881979,0.05287129698807249,0.3024263233625728,0.02932198315323037,0.1915715998332584,0.5986740896543365,0.07979772670789398,0.34816596853783355,0.2340010652407859,0.3484753620074146,0.3436862316644632,0.5634770807504565,0.023652315366376034,0.7179746821927063,0.10607241310298998,0.8960628991269255,0.69724571176949,0.6085489579840847,0.6592003270246044,0.7245603048118078,0.8484365559221538,0.13801431472770326,0.2849633315997335,0.7781007806152401,0.833661533364304,0.08964536545248451,0.3976699508781966,0.922242338964587,0.9844725192688857,0.9367424823262404,0.20224836519698972,0.7764400566049808,0.4793758172357585,0.705884600203422,0.09400840038259471,0.9328710167821536,0.813736654678902,0.24687499487143746,0.11897301079336957,0.5871613762025429,0.7560220292548998,0.93557680394504,0.03566244454323104,