{"n_weapon_types":20,"n_weapons":34,"n_targets":50,"weapon_quantities":[1,2,1,1,1,1,2,2,3,2,3,2,1,1,2,1,3,2,2,1],"target_values":[93,74,68,89,5,22,20,39,40,96,85,64,50,23,91,20,75,48,2,51,3,20,38,85,12,15,31,24,51,94,5,67,80,90,58,79,67,69,89,59,9,56,71,24,94,62,42,22,75,15],"kill_prob":[[0.7933269795285478,0.04230447933964295,0.6477189317378393,0.6835593064846849,0.8122079031731818,0.6463809907727881,0.1409232983531756,0.2876508070060455,0.40879044878039544,0.1994753499668247,0.6660480406107855,0.11902056532339275,0.212914323847111,0.5057258572418852,0.29576543516208853,0.902650884180105,0.9307289421547904,0.7411414607847445,0.5422278099333614,0.6374773259186847,0.49972988571224414,0.059961483280586585,0.697421404574891,0.21493078593865242,0.36292190508961863,0.1618518977600849,0.985299768002023,0.8108399166446214,0.3335115013663176,0.9892382221195636,0.08631130580705242,0.4580609551567972,0.5203007395475224,0.542178547874085,0.5843351077458209,0.7597786599957939,0.7499585729329459,0.4371059598539531,0.33293502335589303,0.9450550478017558,0.6627310427229883,0.30909443499800804,0.930130084632888,0.45744698266712425,0.670950355217809,0.5605298289598568,0.19457071935607775,0.8968331199196461,0.7079495183280529,0.508235281044037],[0.4371542374164137,0.8530779578826991,0.9753527003668075,0.27766004609866174,0.314453784122934,0.2969280056669917,0.40826062614891956,0.7597252474587156,0.29934032688128354,0.5680055859923941,0.07109793254955933,0.8157833871008113,0.14020119173344767,0.2758751666374384,0.08271925591551856,0.012439377885909321,0.3866871932408042,0.8563933279045516,0.37614698768949223,0.2525772229612275,0.07095339808828896,0.02519318656151518,0.013790340538381414,0.5053507826910083,0.06192525328793334,0.9186289670590662,0.8719210254819675,0.20819867254061694,0.4408535482547694,0.38787836346231935,0.654085035725691,0.6615661294116895,0.6012119447740949,0.41997838213856276,0.6491165274034792,0.5857879383774152,0.29009004077938433,0.4131725944394754,0.012883454870378357,0.9102351546415844,0.8099912737720274,0.8947924648774782,0.7479905062067133,0.2793245333010007,0.1056229331696223,0.33636478374148227,0.9751691937853284,0.6253067953734444,0.49447819999223697,0.38765759173461484],[0.8638486054459416,0.7879335124954316,0.11597288446723755,0.651993826957188,0.25052944571322683,0.9444218487439816,0.8295404174074988,0.4389101159517025,0.07208100663852117,0.7457932918050301,0.9004603344392961,0.34151123042750897,0.381004796966934,0.42078428959291325,0.1361061454449289,0.7805744446026289,0.9225035107256807,0.6043985721821296,0.42586444191715567,0.334416249918189,0.5544509924019027,0.9810905996786159,0.8680367900834266,0.14730974974028851,0.2713541822591267,0.2846852839744239,0.13457491791782167,0.17327668530845997,0.7167367385330217,0.03894599659490389,0.7945559676305991,0.6778305760900066,0.9490997809659892,0.14508301658632752,0.04046838249514807,0.04816779140219899,0.057868660384069744,0.13605709617183775,0.2871844837497536,0.18166280771171647,0.18770301165286357,0.3211107462432854,0.31420600549498473,0.9020162010218573,0.39437837138601806,0.49511027886022446,0.015411174293977856,0.4802728730394303,0.7098239580410209,0.7392780617059953],[0.9497776961433717,0.4595294676373069,0.09328226426448405,0.9031445988530201,0.6643023122990243,0.2682716207444153,0.08336698275377824,0.76654661386696,0.6782169834076132,0.06421165969486604,0.6344135751787509,0.5983813668071679,0.1909723487729246,0.8445341613815271,0.12064024341214132,0.047798631838971865,0.586041788070847,0.2794387566050525,0.7898179993385342,0.8945578361905537,0.8720745301178716,0.27630854097483803,0.8650795379107784,0.3863829933108064,0.5482121337009677,0.289006794798847,0.8380950850771682,0.5881516916666092,0.4871446284664351,0.3933365730367196,0.6722191291921437,0.060989745339325,0.8045978172392553,0.7800022237131499,0.8226204004122325,0.7114339449631024,0.3502099621268953,0.05997672930141172,0.22234922434631663,0.06902961449198955,0.9160945070378155,0.7703131043977826,0.4062619414649845,0.6377860053026317,0.4910268713381382,0.407710778722494,0.7391957098870743,0.08623823311764169,0.3668520594880118,0.7103685735666158],[0.4728396832818565,0.17214317343667945,0.5020321048700133,0.4507111839931415,0.9819425829814953,0.011674458660588742,0.3540870903092755,0.1685101715639651,0.7470211882910378,0.7413701923078272,0.7743299249409993,0.2820712925444474,0.48511601226220835,0.03991802252296429,0.48979082977667276,0.4058948133768582,0.6497731762994562,0.372329429043553,0.688594305581167,0.35864653237788785,0.6347482200616991,0.34776442870854707,0.7560404153373192,0.427724002077436,0.30484621297189796,0.24452664655523718,0.33069368377132924,0.9855973435659987,0.49087684438113244,0.7338147121345648,0.37122143535872293,0.3505596099102947,0.6931625235304045,0.5637802735594547,0.4611443458073582,0.4922147769335483,0.6073916102217166,0.6349659087589955,0.3066441869480739,0.8140011521553929,0.2168837051627425,0.43051414541008565,0.9548086474665683,0.03178410142162113,0.6269597691611639,0.6820353483439211,0.4285664764463266,0.6359508650537631,0.5850267969032112,0.5334261773314931],[0.5635260937714818,0.5135634542466437,0.7505294719161384,0.36657607240197043,0.7516133963745049,0.8997509717422881,0.9284750999386517,0.7379613188468402,0.9079989240632517,0.46476718301089875,0.9761206330400855,0.23848128022887988,0.19215947679407777,0.7134200739252621,0.24886448744920286,0.27503219702314907,0.5611657144541408,0.28638679147938173,0.3508325361643255,0.2602851515486404,0.2940399281829835,0.5691623832892926,0.7968796656231336,0.4177632628032839,0.6010103493746909,0.5433298869732738,0.8123916294741673,0.5914546000540502,0.9788934581636913,0.20026259694075654,0.6077328397825582,0.3909524119756295,0.8364712226623624,0.17243025147945643,0.4545439013290706,0.2167697702440768,0.3732752163000708,0.361874966122751,0.37315435478249365,0.24416629203127982,0.9068574873240168,0.9307637107167062,0.03755499318518564,0.08561126207965372,0.26350243681068164,0.40646633527787557,0.1169303807661531,0.41826938896829363,0.10249034612938472,0.5291615160077854],[0.980745001332114,0.22064207749298603,0.6701126076649228,0.9154902950783923,0.3099238098242643,0.5160658794697418,0.8859894381508738,0.44847542410263186,0.2657724983221499,0.4548798680771214,0.20992974851175997,0.9110711130896048,0.3468358297521395,0.6882655687981148,0.4739231343278017,0.3622093324715829,0.1632868803756788,0.09971870568301075,0.4838480340972781,0.1071371219177094,0.27826275671114165,0.4312535433570468,0.22239096394292646,0.03914330880659009,0.10626563047384757,0.7451828422099899,0.3699209358301529,0.5913109126867364,0.027665296009856365,0.7108904011894842,0.2543693592737283,0.7562946264017213,0.8421164829600151,0.6332041135110543,0.5660122664025072,0.049044776200431746,0.2468880446396268,0.29193217502844093,0.32251433543167574,0.11764792163324787,0.7915466663172234,0.61165422658018,0.6088685243897306,0.09649029884725234,0.39122816283462947,0.09683429089413649,0.2303289116413142,0.26133477583165743,0.20348302038412167,0.5529161876077293],[0.40181606290026617,0.7567248932199949,0.49083263656691867,0.6725141553948997,0.5712028068978202,0.6013024378914837,0.7439640403123345,0.014661919192299326,0.05873338150921392,0.8390320101850778,0.36887409829562834,0.0813663622382171,0.7924661382165488,0.20415445466464968,0.836324492235063,0.16944585643473523,0.5918031392664933,0.7479973109997227,0.4344064501502701,0.13092198849712933,0.014680243553637324,0.8147441505099098,0.763404571369432,0.2516317982782083,0.5817179316013797,0.3851029307445897,0.7803521815324741,0.4132070758169872,0.5553506223282187,0.10959397518738294,0.6359998918981525,0.8819457736011855,0.977214759589502,0.433221734030785,0.5417625289724324,0.7402002322485907,0.47021177611918846,0.37152894617738347,0.26490552999324884,0.8546129267106515,0.40478097673246716,0.03408053410648711,0.37489779383636535,0.11706521667175274,0.5740254473997903,0.8799518537094663,0.09416009130919203,0.5339189863040881,0.5285113814691961,