{"n_weapon_types":20,"n_weapons":44,"n_targets":50,"weapon_quantities":[3,2,2,1,3,1,3,1,1,3,3,3,2,1,2,3,1,3,3,3],"target_values":[60,78,39,54,24,90,51,50,90,76,78,24,22,88,43,4,37,10,95,47,32,22,63,46,1,4,48,9,26,48,74,76,42,8,1,59,46,81,94,8,29,66,87,87,95,55,74,47,55,57],"kill_prob":[[0.6091189796887555,0.4272862662697593,0.40947747616466845,0.6150464529183939,0.5335248428158867,0.6829657238125008,0.0871480742920694,0.7861078400049109,0.9784884023038822,0.2102191627722513,0.1499112796420979,0.8751558033161706,0.9679834591627196,0.08669328463447484,0.36153679680531836,0.237117297100092,0.29731070031849327,0.40224271435669007,0.15606493604703184,0.7862666962603128,0.7195315446948128,0.8680974203301084,0.571799036999405,0.3377507687477214,0.6426913220853699,0.12916548976075604,0.7472200228661994,0.5367184659670392,0.5443076195171404,0.4151522208101215,0.6940838567473582,0.06707704300493503,0.034144729205028874,0.515749388092418,0.33751136846214563,0.26490906668365666,0.8391620044934394,0.45434440613981797,0.7286405124640074,0.012861692085813298,0.07473278339765144,0.510244580913334,0.4551307813699143,0.7464023225731398,0.6714161776027189,0.09205153141220634,0.4106510131127848,0.3734956445367579,0.40921312483982025,0.13800172092287868],[0.4685092194502684,0.31509532069149165,0.5387253332059817,0.5172980266758497,0.15972338379561596,0.7045004229959485,0.9167472891715437,0.5049389912975469,0.3188878509275715,0.5039184822393961,0.07617284750892614,0.26564724636230586,0.3125528500202687,0.38699595251612284,0.7630571203779943,0.7120772349520538,0.22211850277057646,0.738542521999021,0.9182772863690724,0.4027904463752422,0.12289404884578743,0.036966501823685334,0.776791530150922,0.38621675270504247,0.9864987473041545,0.48394374321519895,0.5574138187001298,0.12699844893698375,0.11714642475627732,0.7369149738933205,0.6822745463497959,0.5089930622168082,0.8629133057840791,0.1370540998448284,0.805775337588334,0.23305776076336293,0.6590384148697265,0.7612097072665693,0.10470772150996355,0.21353252613436627,0.8652160305016225,0.9875686211830487,0.6131898893094843,0.852155719945507,0.20638588691505172,0.2515716377034584,0.30677986313818295,0.2754746042594193,0.36473217846724426,0.444872419605494],[0.5437630463470119,0.952818061014002,0.2821196695423433,0.3599714073948892,0.4068793757412583,0.5776805782352998,0.45233050599109376,0.5683046820280461,0.6115141120894879,0.18197548598401686,0.02163051092619344,0.47758319663332466,0.07749814911655864,0.1331845673957692,0.7647619626319397,0.5599462319253404,0.23492956604843462,0.4764316563785879,0.5962619881700708,0.6991053606166161,0.7273483238393981,0.7978109580778354,0.06667809762552311,0.9642078761823267,0.8189739272638772,0.6240459849795802,0.24340439206054193,0.3710591682701401,0.9250367821122462,0.6416902501698518,0.2397184446332232,0.653864487704186,0.347326036958694,0.7162059648851523,0.5490880301604226,0.2325686778408864,0.49098707811093856,0.14115325811061114,0.5795421778588038,0.8611304694933654,0.82569815010867,0.8373345754039281,0.1683725923705668,0.3980584476143144,0.1765023710665354,0.287118038740411,0.06141936101763141,0.3979457261162038,0.32034253192537543,0.1529494939526006],[0.8254455893027335,0.8315758117478613,0.6034420062019542,0.051940299010918664,0.7710389530780903,0.9538675672726996,0.1159059183034536,0.7332175610172299,0.2731266037746082,0.3964173168649565,0.183239739710944,0.6474102925024853,0.7254557402686744,0.17588457755111603,0.9072821251573604,0.3325003569740293,0.3395487122631309,0.9283183213934465,0.6370603423575503,0.9455032893735432,0.20027053122668165,0.16072400591312494,0.17630042384466166,0.49561821258084043,0.5987515204175141,0.499770573745986,0.7215871155614926,0.761799348538433,0.36066324862640026,0.4341412949607673,0.42904243369495854,0.19062797141914406,0.3449384362717581,0.25026439586932836,0.9654992245962671,0.4997351236479337,0.2679120370125536,0.8788511010163906,0.3981720991660103,0.3107330563600747,0.7173952026156565,0.05783732891425211,0.9463806917264918,0.6946324963640375,0.06820852267660542,0.7305778783713083,0.7832879862749732,0.22741549704278738,0.5789423089541652,0.44361297943363637],[0.8653276071644216,0.48579763401507764,0.3766297527821708,0.03487397193361438,0.18750370110753867,0.9120409285391889,0.7199362538273137,0.43940531272502237,0.7594796392085666,0.5772897529620551,0.6752495855152671,0.8847848581421704,0.4054627969475784,0.890522764632234,0.19317802435371909,0.5596406634151635,0.6290036322710864,0.5539861129689291,0.9268311996821045,0.6450711644983723,0.8595427147641581,0.8830862864844231,0.7321368067477333,0.23739650795052625,0.2871454139383783,0.2523853470948824,0.7025696469581539,0.9513504634578657,0.1951689794553069,0.17255280675758822,0.22002917559678697,0.33028246932941496,0.42916255823723226,0.6989982466842465,0.3833252519455186,0.9582417356990969,0.6809324361644437,0.07400076382326555,0.2881830096213577,0.16325015412305527,0.6319506933325102,0.9123241284582869,0.14011358043208483,0.21769584643707401,0.975257686599084,0.3615360067851951,0.5702233051842026,0.7659654193856793,0.698072365350026,0.9245630190302637],[0.7648228174310681,0.0843994147591104,0.6654226042776524,0.08184575806702202,0.25192888205287806,0.5300888597574768,0.09408465972777942,0.5430655627102653,0.6210930356266725,0.5656576981203278,0.7491669582909276,0.019862769312195168,0.5586271538992331,0.8289365646810364,0.23430264434728212,0.7064962029025961,0.2950616615978575,0.1288914745711353,0.22904338300177154,0.257583934564754,0.022760556247897096,0.4815963865628089,0.3861263808063719,0.4724833537903009,0.5001263983549346,0.10193968882094122,0.06918308637487229,0.5446136038602573,0.8776876410017609,0.8141950516621199,0.8834984189980768,0.020151291752038614,0.6779407795869304,0.5208260919889721,0.21339954082390059,0.43176305071605625,0.6076419236608598,0.8513691270174032,0.20354150362709642,0.28194950269695424,0.5452039378414136,0.09750184968238516,0.019821315079977902,0.93355483850508,0.5910112721214252,0.7118036899191282,0.38670434897119954,0.5755719617887243,0.4693300498563121,0.9846372436930596],[0.21716656691067013,0.45953906828342395,0.04518427352255325,0.5395735213813609,0.540941269898547,0.3923707958418114,0.19587779408152206,0.3100761813247561,0.8335281281600259,0.43181137602530667,0.30909830125912074,0.5362806784219792,0.9014937797789033,0.9170986227022448,0.985743200197717,0.9762560106708233,0.13278657030585725,0.756867429278061,0.23007246725758598,0.3593953055743645,0.6505354493638593,0.5833889403226259,0.8712087584003598,0.6663789477650729,0.3665987385852641,0.10731389162028679,0.2744387591582443,0.2518300473728169,0.20211222533564552,0.3486809085213072,0.56795920528491,0.029997907115712714,0.4809053366204903,0.21012820968478427,0.02340992740968325,0.5949789453557351,0.1701965227504119,0.6692715689675635,0.24744880359856924,0.5439656509731597,0.7602740729264837,0.8773948233467669,0.5348368996970598,0.31327641745771967,0.9881555386737945,0.29593685953695603,0.7512989491778689,0.644543176346094,0.6493077647571671,0.9666282395458639],[0.8210414914927711,0.48042853975412453,0.06622778368417494,0.9736771002248987,0.743698217450447,0.4743652014131354,0.5135017630558413,0.3352075635365376,0.02877155582780356,0.156333734027915,0.9316379809360381,0.6243442766735188,0.7895960977068529,0.5618714515716856,0.867535045815359,0.9697244151883119,0.8058167730968421,0.024248294058776265,0.5554733423989917,0.7925079585299903,0.8353473049506719,0.47615667858496086,0.9411635171749702,0.31939824572542264,0.18467760887716425,0.5336639263973654,0.5897157635709783,0.659345487807969,0.6600843862153684,0.31744600664598577,0.19108609623920883,0.30042312587692743,0.7801676223332142,0.48397475235464393,0.34352207017144765,0.7267016163161895,0.8459758859952908,0.5704287676691254,0.5473269228654424,0.9713017813901567,0.029886062478599158,0.29062318160496636,0.7671816712932837,0.8129022662431235,0.838937439801177,0.03917918726167735,0.8519632639023692,0.8517413732636196,0.7094048979373058,