{"n_weapon_types":20,"n_weapons":35,"n_targets":50,"weapon_quantities":[3,2,2,1,2,1,1,3,1,3,1,2,1,1,1,1,2,1,3,3],"target_values":[82,18,88,84,95,21,28,30,95,100,80,1,52,5,32,86,28,31,69,65,71,64,100,93,20,13,15,38,79,12,74,68,71,90,29,73,35,14,82,52,49,34,69,78,44,40,27,16,44,17],"kill_prob":[[0.043849468234725054,0.6171091541229855,0.10022186417818814,0.3478132651154966,0.12636075187154097,0.06751680397254439,0.222631261436436,0.8820584732610254,0.20887493322113654,0.31697271659358,0.7073805749582857,0.9119113703727443,0.5273735862571872,0.6347679804669427,0.24743793170315087,0.09028681533487135,0.8700785663324938,0.7984960350908035,0.8928178750150567,0.8201178026113661,0.46608218808264495,0.1890104817860755,0.6399554354710565,0.7661348053481942,0.9369979111298327,0.23835293859744677,0.04555060849270658,0.13305143971854538,0.7348683130136765,0.9896512263935131,0.695146018154806,0.9787573873180379,0.8110074899108566,0.633072359376493,0.012289095990317094,0.8117136353113421,0.670397074025781,0.22471338075117553,0.6489924557849618,0.42196030765468234,0.5190864343053515,0.4400100672658385,0.5818777162186327,0.7106219874551115,0.40166587260223013,0.6975506451616896,0.7751051016658348,0.6895609677440977,0.8851891450179079,0.6537030184700975],[0.3731062005270089,0.2508426770879431,0.23016705518864367,0.9025671509731333,0.9229801499692744,0.5230256588986617,0.9465237655226435,0.7376410144865133,0.22071926610447526,0.6942575520757209,0.06975170703590872,0.727451717639848,0.5209002761324888,0.480208508057777,0.26811531409371475,0.5424056448883543,0.6382130256200228,0.19099958553307314,0.853355989537515,0.9770192869734744,0.5648683594863741,0.5598877597605486,0.4384811242821346,0.015426932542552412,0.09931070334870853,0.131754908485382,0.13359802021882555,0.2580466582126725,0.6898740325661493,0.6823243470016293,0.77808813049869,0.4409563190752557,0.3309250989588513,0.053698545254972335,0.4203203054870016,0.20193340241958505,0.8365990139669314,0.10941941306565704,0.7525018085558914,0.10530571566960213,0.8394848097352623,0.3770288124334594,0.9691152523676066,0.9765787666920788,0.4463151932167964,0.7992245149286678,0.8376495307940859,0.7263187950280244,0.3527103277322965,0.1824122327299393],[0.5873667931638893,0.34401840233317915,0.962230739941561,0.893425596784996,0.6025081784079279,0.793333995653158,0.8668881845633115,0.7649070453375373,0.8320482009870885,0.6607242524757672,0.15428174488422125,0.11006920715441736,0.9720866213265403,0.20839112542259045,0.48491682719148976,0.9581391610024921,0.6723338211589751,0.5623996895403024,0.8815644069741934,0.6550938817758266,0.46239917197856845,0.41345255516530277,0.060350260553728975,0.11501855781501145,0.010770568705443389,0.6512697432579798,0.34430531795566544,0.08002866317440924,0.645242456697514,0.5846935365512799,0.6298074255859724,0.5817419634707366,0.5771551512746926,0.0223272536534136,0.37044846015155775,0.3031446630278598,0.4494614736125886,0.9385009853012467,0.7228791012890243,0.49284275455331705,0.8386446311463899,0.1676038149681667,0.6090217858098499,0.434314497451244,0.26043301137903485,0.42895243226175644,0.9125098182377354,0.33664353387938667,0.3650172987874305,0.05442772527191766],[0.913176439429434,0.2962383037966165,0.0890106000973681,0.5961849003016458,0.18730382568804374,0.43720515311372193,0.06947158385340298,0.5012654936777101,0.458591348208503,0.4397718289928781,0.3996508938446057,0.41373059426990566,0.48412396064488544,0.13497870782856544,0.20820146035410525,0.531459628239198,0.3795434545406271,0.041467127047120085,0.9274459369379163,0.4948205005548999,0.2523060774234775,0.948440400184377,0.13034115930741816,0.18622138373973238,0.05131036990187231,0.2775404179081534,0.5102245429126726,0.037514266522689285,0.734082436799266,0.13760018825205086,0.16660189571506842,0.4602708840253681,0.9473644801707969,0.8672478528716008,0.02840262091038507,0.4800108083470304,0.8334881675911472,0.08941458507627532,0.6690273214578638,0.9597929419169018,0.11445147040087887,0.5467077994303168,0.4803213078515893,0.11326506506446282,0.36428883602445,0.41089486304158146,0.022991569767647164,0.19692089300589075,0.2260883788241202,0.691300344968337],[0.7827863263081922,0.015613847536652426,0.7048138331932974,0.025594431106014434,0.9677757701782708,0.7783775558595759,0.4117573220328468,0.6532551807171356,0.5946811549124622,0.9811212558963363,0.12309189348359452,0.8514091948176723,0.0134731713960085,0.3145419785728717,0.40264763700376455,0.3111212371597485,0.12740671114231894,0.3930959357252892,0.0237795683874529,0.8626408273866384,0.6386229096374184,0.054515878014886415,0.8109178059395519,0.35992530466160055,0.97421717951963,0.4053696173691606,0.17453482685380245,0.404397345806217,0.4354653344723669,0.02658422279026435,0.8648446253219436,0.43043414885650627,0.9435081901338659,0.5234984376408542,0.33349921331625837,0.682703031584775,0.03565072360061462,0.6580902941855584,0.4660547155043251,0.32118933405379496,0.38646407675707406,0.16509391252049174,0.14460904455855633,0.37741490547366896,0.38524575463808075,0.14700853992770127,0.5396722686904764,0.6612738558418227,0.7281364508253908,0.23628130252816523],[0.8998570257732469,0.18653998653299694,0.8928308519404624,0.41805441231971485,0.5493378963200467,0.32035575729416105,0.7420877685183009,0.8257318146153865,0.6878153058913771,0.4531455456639224,0.6993275998331573,0.6568626992677921,0.14157836204746943,0.34314542214331484,0.78881380180613,0.5472055297514102,0.3599782606801222,0.03410491331928297,0.268642421468039,0.7802149474441016,0.5640665288467006,0.6004707813446202,0.5803922607879776,0.6168115623935555,0.9437397878750389,0.1253487982189956,0.03334947790610818,0.8311604521868621,0.4183631415550737,0.16940236151992658,0.21593931282164094,0.11026245227629297,0.6408147287869208,0.9454706084467187,0.7600401028396655,0.8705843433395195,0.3761959071962961,0.9421796000088406,0.03769105306392985,0.32073534027331346,0.7145972919190073,0.44589252288412734,0.3105963520222659,0.9819688740387599,0.9473600015371194,0.963117723509204,0.3039765316856863,0.7462150882080214,0.774519836831981,0.9426952605378366],[0.27360356173357986,0.43081982526626955,0.5135306893925244,0.69247214663556,0.43077970355592055,0.7158171573683297,0.8385908362607801,0.6067973977370038,0.7334793063950338,0.6714828329995369,0.6365842215160061,0.08372122546881113,0.12104280754425695,0.8311875316856198,0.43191176389319047,0.16969704963625623,0.541431501191121,0.49088423383397684,0.42569097756909274,0.5674699079612472,0.034332828756724165,0.5020182685787883,0.7071981533697818,0.38741008673705846,0.4009788384618227,0.6139045157347465,0.7701499280110663,0.30247589412088194,0.7832087763220951,0.39128678117317417,0.13825641329365282,0.5827537018492962,0.08482577230245761,0.429301201381934,0.25082465662404196,0.8288879851608284,0.46768259629460296,0.1521470690663565,0.3245298243666835,0.5563068951386322,0.9149480960205885,0.713467719413777,0.13185872827390777,0.12441422748788132,0.45566368479916775,0.5460141360123598,0.24497669072716433,0.3076225148725816,0.783612585360889,0.332281646949164],[0.3540912196553814,0.7822567571638682,0.22347764424791983,0.2729510425945841,0.45848926231882065,0.08548884501182913,0.8608148925768704,0.1830352128881435,0.344755054524559,0.805466494061985,0.2113318987577445,0.3961242339359778,0.5741920988064995,0.7347263000906389,0.3476980705275924,0.10455304892229886,0.27717721011921315,0.7959526192955656,0.49053440574511936,0.26617509216410745,0.7862876862338277,0.18337497851416698,0.5282048526944394,0.6686632870936275,0.9713444281763806,0.15805901771027478,0.775377455386474,0.984470817203737,0.8102784655635894,0.8623855738264286,0.874222811786772,0.37998954708262045,0.6884419407199293,0.2043746235406051,0.3160239008511012,0.6461108804328616,0.8237983504113713,0.6403899280511327,0.3313340032087177,0.9419823092783981,0.7009102635512365,0.8691989145410662,0.8102672913211412,0.4816716441728492,0.21983527898263536,0.7400783540892601,0.44286636041105,0.30168808850766815,0.16662922653880852,