{"n_weapon_types":20,"n_weapons":42,"n_targets":50,"weapon_quantities":[3,2,3,1,2,1,2,3,2,1,3,1,1,2,3,2,3,3,1,3],"target_values":[41,65,49,83,91,93,95,98,19,82,44,49,6,57,28,98,1,2,10,71,22,74,72,84,55,49,59,6,88,21,20,57,99,9,100,50,44,67,40,71,88,19,34,47,44,23,63,99,68,1],"kill_prob":[[0.5987500463965709,0.981223087421842,0.4447869471852057,0.9611683182125126,0.011049575917238017,0.3591788477430622,0.18404114171309818,0.3134895262702686,0.06241267468520851,0.7701941667989881,0.34803622749077257,0.4017165939130981,0.34466271533138015,0.26473780395975705,0.7700627127649909,0.8437280477556942,0.5454748226569114,0.047466927457898364,0.6166187820754971,0.03380741766875025,0.2512311286900944,0.743930334065297,0.2060204954980203,0.7579104938019671,0.744607036181214,0.8362086785964242,0.5157783562007366,0.19410856715530855,0.43848770803315346,0.10127452640298411,0.9093478143219117,0.13203863003046507,0.7001897672640869,0.5991401492042827,0.7229063109641918,0.25699052101731296,0.36265926947878635,0.8767208233308913,0.6966629499782421,0.43714745171456465,0.5151284222490887,0.2991281228370414,0.7708172680016953,0.6925121463105374,0.9505484896609525,0.032204035867712755,0.4333935298261213,0.028925222011557526,0.6862000941180146,0.06727849199893618],[0.6843085573398002,0.6301515795237923,0.36129229464708734,0.5674578161353945,0.4105593835670365,0.2330339151822787,0.049749516699181796,0.19563717425279883,0.4791915406152383,0.8553192534859383,0.12425956110328812,0.4723975975945801,0.3797912172063928,0.08516256121386064,0.944523686685175,0.7614701595656549,0.9686333546391801,0.5975138564598667,0.04743064179479213,0.42652510483849276,0.5068668821040281,0.8837717294050563,0.5906484076150061,0.31112786397708375,0.7536965940696091,0.5011728116770631,0.6072608185794971,0.07720895924371449,0.0956619855716319,0.7162090767272765,0.6026857671654142,0.45119036726217177,0.21462449497527208,0.9484933339313075,0.5447112949040828,0.14486486617706562,0.6469615061389604,0.45886450093639286,0.5960836240878408,0.7314416499737167,0.44579362536533956,0.02486035797480204,0.45241943126393963,0.8565054262950261,0.9107626687243653,0.21309016139592546,0.4060315344940749,0.9878261205581946,0.308272485576425,0.2594362855889824],[0.8620170385444587,0.34682591746486147,0.2095577152361765,0.7771677814452532,0.8736213785037978,0.8469669747760232,0.8992105200509243,0.637428160346155,0.5534931717996134,0.7156686390207521,0.26508168324593895,0.7892395502486116,0.5557238352873444,0.40000572983000565,0.636358559943298,0.055188450093070836,0.9156439240938281,0.2769884864884575,0.1271717461143564,0.6719339929001382,0.765317574184171,0.9689585714507064,0.17743113160298032,0.07032424692129496,0.3422312380866279,0.9435120894668401,0.2215502801273332,0.8261160157122445,0.0835799907478965,0.21016412040017796,0.49897666030159366,0.6395361808720954,0.7951686085792563,0.9796439139874299,0.38839183208267963,0.015369946131227052,0.981425685080807,0.21695502822693555,0.4770306917272391,0.9850431696435609,0.8364768683768319,0.3326426795196633,0.7773809209082433,0.7893903734905076,0.9679901503376152,0.6188110931047777,0.11128690365574243,0.7426930075611756,0.33469397220818947,0.563572805278806],[0.08416646702038884,0.73440401982681,0.593367695111168,0.6302261250750314,0.08512312612650393,0.7431400220118981,0.5620867439868444,0.1289161301593668,0.9516481613993343,0.06774548558087574,0.5685546277523449,0.6652283719179009,0.5908968848252056,0.06730640579571631,0.4805785786376846,0.8337951003665711,0.07067023437013167,0.49947004615875545,0.436319570433523,0.03937009793918168,0.5426470451459909,0.48853087681133034,0.6696212871905042,0.5099738503403431,0.9326341987572823,0.37825381742171704,0.83016661183613,0.46917641029705687,0.7342129542797381,0.460702674289108,0.7989759000523762,0.6224416354863739,0.43974213531933226,0.7192010718355548,0.6701424336885105,0.04559360025964466,0.11947456423726031,0.3210163333519003,0.5895316168655292,0.7998314440059898,0.3467127692882613,0.26214113218871427,0.7547909073346126,0.1593900486269939,0.8794750696107255,0.5439352583592548,0.3247091500578768,0.7921184708777533,0.19684182358839,0.8556198250694332],[0.206847130563208,0.527537440523783,0.5747500151403983,0.7084760619026691,0.8638566844779478,0.07152707503870298,0.4343685890616223,0.7359337638501976,0.7480093130779643,0.9253360228186718,0.054960448437111196,0.4284925074515636,0.7653658339935763,0.26925392429222333,0.7396027529863526,0.23595724121502648,0.22450174341823284,0.9285942506379187,0.7350843246606931,0.6575060574907189,0.5399780966470924,0.7960936891425313,0.4079221501088263,0.8849924660713547,0.3523187340350774,0.5060079458964959,0.7952765586983347,0.33072311388769027,0.846519972480663,0.5867791722601838,0.8451900481588245,0.269014672885893,0.6228433516078131,0.45421100019032223,0.1287111776443923,0.18397903248836345,0.497834614379315,0.7868338372198868,0.654024431151468,0.4534476051611123,0.8213175749214047,0.4305667351698808,0.06359510924872297,0.9828879963331977,0.6771037290736497,0.3857624175253196,0.8789622687766364,0.8003849690130441,0.8984044023569295,0.6549113571747589],[0.0742686613615717,0.10625578687400283,0.2696686745051992,0.5351556549008207,0.9144938683613062,0.880300165959349,0.49101188343275576,0.8924666829800837,0.19955053831203734,0.5555574090797532,0.15203971275724704,0.4216915060380821,0.35829143523986906,0.3880269198110896,0.5724453307085265,0.6362987433491295,0.45018290656358484,0.7867915378992114,0.9330298502823776,0.15151422300814044,0.4108061429823651,0.21271311162108908,0.8190069970971089,0.7554189563205923,0.7074919255230444,0.7605552182455853,0.09973820550497065,0.6247955099602679,0.343063392371699,0.46795713005737155,0.6518944053861174,0.22109078894913575,0.4638153656523372,0.8345402698812775,0.9533083733007555,0.17708421461149174,0.1885873041181872,0.13461556508303446,0.3466064369863493,0.9593594529349634,0.8474053346525829,0.4404733212423906,0.15936539794818966,0.6965533660886155,0.5957266427802451,0.7467735699428065,0.986852983380885,0.3950816998867034,0.04271448874559522,0.27933775950815165],[0.7671608152219983,0.3390194271955572,0.5293117067573928,0.4286385947843737,0.3484330816408795,0.5743233052255408,0.8956946236409999,0.18151510033047946,0.9237112186241773,0.07035160409122605,0.05959664086740939,0.5665795132709568,0.5089082895016422,0.33428293892795874,0.5620395666097334,0.6754287420232903,0.8352249376496945,0.8280789894011756,0.4891176080994924,0.6983584182920392,0.632312501980597,0.5820973528533532,0.5748248567294333,0.5331361655002894,0.526315817456505,0.543515805275173,0.4319955295780472,0.08039358871343681,0.24314630295919026,0.33373193156482933,0.3093754398930103,0.7464870147686407,0.45601524409799854,0.44813765870224515,0.13082837912241388,0.2122955717873561,0.9168845373280172,0.5086604433219487,0.37039969919478377,0.34928162481078184,0.35641503643903,0.25093485909729246,0.3010249127375087,0.3761103160703734,0.5291311125505413,0.4724691557206492,0.12170487703384161,0.5134360333418995,0.3455316891891204,0.0849324903207246],[0.7078097729977932,0.8154450294576168,0.4512665861033227,0.09874885264636105,0.770227124687597,0.054543195976434124,0.7065493049470792,0.7373959300263563,0.5952296059911903,0.9185772626036652,0.8563583954986678,0.9081806481288943,0.5770159703547191,0.3197140905210478,0.4100485369202081,0.1924477149497486,0.8623249992043308,0.443908248471964,0.2971078944253487,0.5931735770397105,0.14501578909798452,0.9385657494222149,0.6062153778065154,0.7826515998459151,0.183860647378146,0.8871348570978308,0.3402192599036603,0.1748533878585997,0.26024539333419955,0.8136436614676968,0.3630852888791818,0.10158600912522744,0.17195402234080068,0.30000298487764976,0.4241881411429756,0.46820505379834165,0.45869272323984916,0.19084843821640754,0.8442392578395552,0.23916900978134323,0.49506099259418773,0.05126474127168772,0.21375295562648342,0.9564896836224727,0.2735998350964177,0.24881349081640594,0.27719652599380545,0.6393670213936231,0.38125154390957433,0.6957999381836786],