{"n_weapon_types":20,"n_weapons":38,"n_targets":50,"weapon_quantities":[3,2,3,3,3,3,1,1,1,1,2,1,1,1,3,3,1,2,1,2],"target_values":[38,82,81,20,49,10,70,89,98,11,54,55,11,8,45,96,39,53,48,63,67,22,16,100,39,27,59,11,18,44,25,55,15,92,57,38,20,47,50,25,63,23,41,58,22,87,14,45,77,77],"kill_prob":[[0.1204990614937379,0.779883187280366,0.6400038832734339,0.17026107920212155,0.3003053636491478,0.05608900556273582,0.9191174081429446,0.13850740409154189,0.45030188141851685,0.614788826321052,0.30241969048121725,0.48064886034229504,0.03527854436638027,0.3710947421317893,0.5701649150868543,0.3484434642476664,0.49362473547656915,0.9658141342964157,0.4569645142166686,0.943955901630196,0.3893855329593761,0.7313942677932306,0.6684481367339099,0.6203688828189592,0.6652550018613629,0.7176126148431825,0.707622289489153,0.558005413291254,0.1437280390940512,0.549088656781184,0.19363762352531103,0.38992707226634304,0.434691387402661,0.623473305137508,0.22414331898417975,0.02344691242485665,0.6538108367485608,0.5684201696793819,0.19302466165676732,0.17208149633300726,0.060927399464654856,0.42461042208619637,0.5279873240961659,0.9075898818963082,0.9019116848635396,0.3189372884419346,0.6558903108264414,0.6009457291770924,0.7678455534212182,0.3569268465812478],[0.32410645368004964,0.13482823069621658,0.26478114711348827,0.8892178160710533,0.0624454888616322,0.24616945925523123,0.7931115903111516,0.1210415891785146,0.8205088511911726,0.18638858616624981,0.8606644206820996,0.04020100106308375,0.45303145030344943,0.027543031378249053,0.8433378752822069,0.40859361021531493,0.8178633545667982,0.8199795887152413,0.9792125835647518,0.9672257959288258,0.2144617262971493,0.027202082158211217,0.545943848163861,0.474009331715168,0.4528829032266024,0.15818433381355737,0.3240692399411975,0.8387812477238634,0.49671028549659263,0.9619160365788338,0.4524791864990698,0.809466407009775,0.8803350645090655,0.18972558000547363,0.9648320253851932,0.5950084102151636,0.5082152038539156,0.35362855278583305,0.40608252823816104,0.9357461279227459,0.5221205896691754,0.1073614795230479,0.7814702319594786,0.6747238314846807,0.11392724215999654,0.3009896181650157,0.3192001904716626,0.1239844747540954,0.23777589541887365,0.18732624551172497],[0.7110487300086575,0.871979755817684,0.35831303385712476,0.16174998514367278,0.7915263231662061,0.6151703586098038,0.9437263060090291,0.13401103582312907,0.9135297531634716,0.7440758279589712,0.5874865955825865,0.8977639422291869,0.9351389487775514,0.37763235822682917,0.4170332322679884,0.15350130844005272,0.408442550709348,0.7297748270118442,0.6561572814246912,0.44930747901014106,0.6342366740786376,0.6597315629611866,0.013451263456593691,0.3534684160858473,0.464464818366988,0.7864676868216921,0.562237060474084,0.14247081599553504,0.7535701997638317,0.616901943703433,0.6936145967877261,0.5932247968623308,0.25233819287195985,0.7955253948312129,0.3194019739446148,0.23644182066646743,0.1024167371239058,0.3306628878441916,0.05201270786834961,0.10096669204349434,0.7352337712948402,0.45268236427424663,0.951891372912019,0.06524949501760646,0.9505155481251202,0.9721605080982787,0.04926226466827267,0.223049835031294,0.8723753634498425,0.6351392178608264],[0.7143514810871459,0.06429826016863052,0.818400266357718,0.7566757468841723,0.16014841312300346,0.6981754367225682,0.39047201759237365,0.5668060191795589,0.2964217226528819,0.47100343314820153,0.15104382375045675,0.09675026787800686,0.4038368428985609,0.7580258510049036,0.6618137695061945,0.07876617693214981,0.36531118095143716,0.17769963855412105,0.5242013645034127,0.2686811567642667,0.332216022412063,0.1326315449910223,0.28524470959646947,0.055604148713091765,0.6739879810958608,0.01824176521842614,0.047658120984802176,0.2051359737932507,0.7352061129393037,0.4661812736594513,0.15482414490363022,0.04088686406798212,0.47179723135571683,0.3041159467399461,0.051719347623500264,0.3052172133102035,0.76464464235758,0.845201883480326,0.8572054481712607,0.4236854790702832,0.4765874442128895,0.6532484237568176,0.8812984437268045,0.36670434110834826,0.3039277076954789,0.8010707850110456,0.08319730949101722,0.5064331277727403,0.09793818758772038,0.645438971482657],[0.22258747180505578,0.9031093066584178,0.9755887654891644,0.7861257807774582,0.46632689190704385,0.11272992137033595,0.2975648215177456,0.03620223224736659,0.06554563986973196,0.44876898187300684,0.7224874602441632,0.45192793740913717,0.609668009687395,0.5253045106384193,0.7849990506507629,0.7447822952290613,0.9216922035996118,0.1936820257884553,0.09553389836123068,0.647906274331245,0.70194015095447,0.5839927615264151,0.11885403437976433,0.05286419420630786,0.5525172836805173,0.6801590773172095,0.20614434530761583,0.8126883324575405,0.8448680797096448,0.4575450019043506,0.5116664588504416,0.7268179618998805,0.6881157917778917,0.96688911340317,0.6218018814074662,0.9214065068091545,0.0317430143042312,0.6087932583540989,0.47910333457638576,0.4680982474025511,0.6151953184862533,0.186808149471854,0.14543619141272704,0.7827361197151022,0.3284417507632437,0.42549060570372066,0.9186288177802974,0.1379379666945097,0.8403160350731413,0.2687634195275979],[0.36493694072169064,0.48938198191717786,0.5315979031449523,0.8540828223536108,0.6621134471986183,0.5654855292444338,0.649103247968844,0.8564671373451785,0.01809664127494621,0.04916049802503406,0.37548988200080724,0.5247168342538748,0.5739464108666311,0.5704056017675238,0.608911910060296,0.34789600744008575,0.8267521506073903,0.9644803359027831,0.04894059758534597,0.3856622984191084,0.5285278263953997,0.8893188916532508,0.39975022481352296,0.4451355554627892,0.42379616931094494,0.07730938361203248,0.18270535295798218,0.1309716664360613,0.6276535537801294,0.6801898427956455,0.2222404118534343,0.7167799284935352,0.059769959927911835,0.6478188018072788,0.3049156534989963,0.8097572851571092,0.6469550471684343,0.7638659017871668,0.6104301456917145,0.9574880416926826,0.9896628162709795,0.9814357578442112,0.07391676608691639,0.06022906566464489,0.5382976193036525,0.8547864761530665,0.7200514578685077,0.9182502950220033,0.5184716232946447,0.43768892457745273],[0.26393880275655585,0.6782768654022058,0.062082710246869115,0.5645547813408526,0.16865824662440165,0.2962089591100152,0.8974516092828814,0.8326140616800578,0.7579475915089627,0.08841985062587972,0.436105764961702,0.933841513348639,0.2534343215553961,0.334739833830534,0.9680083945265118,0.4249977337114986,0.25455432203852363,0.8123751725784284,0.251084364958107,0.2928482389939385,0.3184306464619388,0.5570296681523352,0.8586782305365676,0.42188678178491323,0.5035092441985012,0.13417803148246626,0.0395779836197449,0.4575106730477167,0.3769827051919522,0.31326342660133716,0.3581604801746738,0.6147161672635479,0.13252259920756007,0.590911791907101,0.2603611382274238,0.8718846109747244,0.2854125297076617,0.4187370084570006,0.8925989172851208,0.5747299219325609,0.3459943588545081,0.9206810826391291,0.4377598172354577,0.3789803694309204,0.32500880133004284,0.1476292661546097,0.1077260280496823,0.3604596657136031,0.3453486903244674,0.21645677762853077],[0.330690215489812,0.9154100514480222,0.8097107558741633,0.7976708116242996,0.32631814914254603,0.9406891876422263,0.9571043016638312,0.3696308371337702,0.540777478828222,0.6648591500477882,0.25696635044940186,0.02431124232848822,0.08749489312238781,0.1841050281357955,0.3655585194632235,0.05872902182541398,0.0488435774263037,0.2542820369987556,0.623627308715061,0.5800366782765759,0.39287720744484267,0.8537978441864208,0.43549620017595814,0.11397011515350003,0.314908305202749,0.6360896070753539,0.6458230554317795,0.6290322423683339,0.2849771406983845,0.9066509761942604,0.7911575606533718,0.5429643484798424,0.15745649805833628,0.6270770031172531,0.8836446373640644,0.025341770503915687,0.41644570284833904,0.07867313931286635,0.1943674778530586,0.960437110681819,0.8483124510762231,0.1883613199165424,0.1685479041082871,0.036476317827548094,0.06127221463809536,0.5555752240841395,0.4980846899608144,0.3469096295962872,0.3369539148785764,