{"n_weapon_types":20,"n_weapons":36,"n_targets":50,"weapon_quantities":[2,1,1,2,2,2,3,2,2,1,2,1,1,3,2,2,1,1,3,2],"target_values":[34,6,24,64,89,82,42,38,79,52,67,50,45,72,100,58,70,36,89,1,17,23,82,76,6,61,13,100,27,26,10,89,94,41,96,39,90,73,73,84,14,7,47,8,42,29,49,66,54,96],"kill_prob":[[0.8092252393525607,0.8390995396512811,0.3367688367621399,0.9242032202660732,0.2419745371965847,0.5224339844073325,0.16552025794498812,0.36623996819859717,0.3788222287478171,0.639393528167467,0.7531320011795363,0.05647014829815393,0.12360460779256609,0.8704095868695557,0.7366336592098255,0.14791463817795705,0.942788751069526,0.6164426523740896,0.2646691000809607,0.04581161945350217,0.7330839752175452,0.676839348200821,0.978342437055575,0.7112290585908602,0.9664903477986345,0.23374801312445784,0.1903428087187419,0.9646733017511262,0.6384352555539234,0.27298546396747464,0.5000426925090462,0.6752896460362023,0.7930606086441269,0.03030164734883213,0.033071008112438995,0.8533138103953306,0.12624156285161023,0.1706180228838536,0.1915095398334439,0.2516838713562859,0.052361846177405975,0.3726817190734259,0.9301570488370271,0.6448984218402014,0.10005672245099015,0.2738137865439933,0.14254430303938936,0.8651768086998425,0.6715916500452216,0.3518470042110171],[0.2667476943834157,0.4996590641554851,0.07199798322562341,0.9027548558657429,0.4847631292330522,0.8096196549939387,0.5660994692117064,0.9528748922195067,0.7932761576325269,0.8196646385270957,0.625052056937917,0.013725487745015936,0.9719921062988016,0.054740652347299155,0.054650564867176135,0.32687544544221214,0.18713127619596692,0.3010274476771293,0.1175303085976994,0.6115370167801939,0.5881834088365401,0.09341690879297034,0.9571312375133082,0.32965645302169694,0.5959788918186594,0.4397230073287994,0.3985110592781188,0.12244709279787241,0.6304874000007126,0.39004011893805485,0.5884917433730699,0.5791642927070259,0.7950389428393084,0.8098756879449174,0.2022432513813829,0.4704105824001583,0.8708827874040058,0.592446702061628,0.11703039960549261,0.5161458104579819,0.28075873872060614,0.7180830331872496,0.8134419341509825,0.7275737992863247,0.2442375643653959,0.8450620924935165,0.6220681724931852,0.4266301875223118,0.6195786447605035,0.15795957908551617],[0.07508268349218628,0.6669066822225347,0.012919987293991901,0.7849685432415147,0.9860242238103313,0.2694613183983662,0.9509050642935216,0.3772582770025302,0.6880313035308019,0.5470708042882333,0.0909770692151632,0.1956029490915036,0.06645192470442024,0.7251163856064091,0.6131726494436087,0.4624257025716818,0.6936242403928738,0.9425842064710777,0.9256693527098036,0.5033490260942487,0.37775380073853926,0.9145868206576996,0.03302109773266105,0.7127727561938966,0.7338200036748166,0.3647310952759937,0.9676029238190005,0.535664617469573,0.5723951028686736,0.5999816088834201,0.7842311702586162,0.7992932472728445,0.20637638147895324,0.2669893381479898,0.34070047700653255,0.5028196571042605,0.1895401175037257,0.6322127827889694,0.7341919296365222,0.7405868808462179,0.08343587222790005,0.29904252997178393,0.03139303981744499,0.42120317261824247,0.2587570311086643,0.44113334554580785,0.5874551222192306,0.8034847608032707,0.3890029615366888,0.9360131488272548],[0.6050021272030136,0.7885626657234054,0.5759584602885935,0.11051354031573317,0.835222416002494,0.8041845149546687,0.03255923307848858,0.7197204171631519,0.7516293429210236,0.31182870788231093,0.9001238340538836,0.34592109915478847,0.9603656146158777,0.08191665531291098,0.2896627640287371,0.5960193833752429,0.9124246406819142,0.41731337296801907,0.9739764886707829,0.8272959989118972,0.5204858762730876,0.5058826608724439,0.2400004267421954,0.7657076540375681,0.011845346095092368,0.7109233015035435,0.08135439740826653,0.7529646762228765,0.2887955035407334,0.2793602460881602,0.5257949154175119,0.6895883476233385,0.9453736300612557,0.9490658301461808,0.0443082070335983,0.8955802375878691,0.5607874078318204,0.6664725013594283,0.9120550224513347,0.09917689885650603,0.9100617491000856,0.5096604087555947,0.3150484964499814,0.045724438259003373,0.37483914948608227,0.5204255025492516,0.6505437353635286,0.4024911553863908,0.3375290787172235,0.794924614915867],[0.5775853986749949,0.7943845432499589,0.3125169705970683,0.10895391653423227,0.4327035381409853,0.6405149005804703,0.824566145975352,0.5242593595543937,0.8354247125856704,0.9507226649224928,0.05970913783968692,0.04994388676013983,0.22489893038428949,0.012556506526749405,0.6927399864968038,0.1286438751905801,0.31736573816989816,0.16901819351086456,0.24925625390322337,0.7188220362123912,0.746111180764989,0.749597305705769,0.8754028826745822,0.3188108754940823,0.27726373686567074,0.4542556508603004,0.021446631959222258,0.05059943192079175,0.5095540176516047,0.20849420949640599,0.5601906926568214,0.8214250078806956,0.4937193526015741,0.3612669907420085,0.06709658079346864,0.31357483227687,0.10227866216006028,0.8202193452690624,0.02497134939530965,0.15104878214662656,0.9032444207527337,0.45927219389326207,0.5310582123923271,0.7826797348847748,0.5218430666928532,0.8406386874678206,0.5320635044491184,0.37127682546627,0.6494169993093677,0.6984706441902393],[0.5742147742236793,0.08406004948178916,0.6099242523659077,0.8779234231907247,0.9663121315617298,0.8923482581203073,0.7515964059128327,0.16455458081732743,0.8714823721124386,0.61203407407843,0.15316430430767042,0.7516518149333807,0.8636196980518777,0.28221941507138065,0.44803484306674674,0.8410697042138306,0.01894618425114029,0.5470714406748524,0.2303857510046314,0.2532766349636264,0.5533983533363799,0.012557156324722093,0.4520617011952219,0.3659018909623983,0.860042808994336,0.7914110103600906,0.3452828479400098,0.16350512785497942,0.2418609736226311,0.8123546019556851,0.5864906885343231,0.5438189629802211,0.03205635494014305,0.6585628170522327,0.44657420891645744,0.5084783429369332,0.788910847487249,0.8710211445467585,0.35038438086382456,0.45072919050049537,0.3721490925762691,0.07035524881823829,0.15716112991529896,0.7939689511510631,0.4193055251995783,0.8625637721820087,0.8198476374849697,0.12852222744345682,0.32885701231400855,0.2525777978444475],[0.8795800106457005,0.7348172448337638,0.3346228716731012,0.26176513809340046,0.9255346823839061,0.5779423466685327,0.6052346854990402,0.09551781362685792,0.15214270280115771,0.15242846574322527,0.6873762083103774,0.4166834960848711,0.21252027027955409,0.41061878332976987,0.8042048461971947,0.4471484837895748,0.2736326117833056,0.08645991047109756,0.7740060987550833,0.4756034571514126,0.18162047169351958,0.19012523992191818,0.22453361999383198,0.27442619016008324,0.6884306414267082,0.1598254427175307,0.12158491145239118,0.9300837634352052,0.617182813752198,0.19363431004869197,0.47898887053403905,0.8089943528592787,0.489029599090367,0.8515833171940523,0.1159083403502145,0.8677005567866638,0.8158373229163561,0.18566492790365158,0.596397141793085,0.5881060067512242,0.12900254777060224,0.667433550026936,0.03764622765586782,0.18940281148419472,0.5227877358653709,0.5487226251489179,0.9427148547614559,0.5484462377018425,0.13926998399190144,0.10938757389121416],[0.9589465853908811,0.14273745724531234,0.376180229072699,0.4631257291990633,0.22823866920167396,0.16290448841429805,0.17281623436779894,0.28712979048669846,0.47090879366518945,0.5131705005235692,0.7356307498971298,0.9356946864029521,0.3893269151962329,0.9302188276114238,0.9533470741392093,0.4941996569329866,0.47033074146222426,0.5862069045921979,0.9720290340664386,0.22736351763036464,0.9590030325596122,0.18941591968578356,0.3991246843852782,0.07516132262880745,0.2845723203171427,0.47717847402456665,0.11017392514848501,0.37031914796838056,0.6235371595778375,0.8888724253841759,0.7286999246192549,0.5337588905605812,0.7649910661973408,0.6418680942074859,0.23799243306017354,0.22434945301035594,0.58331781440472,0.795346481934404,0.8957197450639063,0.9676216620562972,0.33144101716912616,0.13807083622227545,0.6463185433290413,0.11231130868991687,0.1642114444038964,0.05619511708640628,0.6804120577304984,0.5308080845325321,0.9149166973715849,